provinsi,gmv_transaksi_juta,annual_order_volume,avg_ticket_size_ribu,digital_payment_ratio,logistics_tracking_ratio,customer_return_rate,bps_ecom_penetration_pct,bps_infra_index,reported_turnover_spt_juta,tax_paid_final_juta,target_non_compliance
Jawa Tengah,19.82,154,128.67,0.515,0.6272,0.0253,33.68,70.85,19.82,0.1,0
Sulawesi Selatan,16.92,160,105.76,0.5538,0.763,0.0169,28.51,66.93,10.02,0.05,1
Sumatera Utara,27.76,171,162.35,0.3129,0.5543,0.001,29.09,68.28,20.36,0.1,1
Riau,19.76,173,114.2,0.6632,0.8628,0.0073,27.42,65.84,14.03,0.07,0
Jawa Timur,23.21,191,121.53,0.3499,0.5526,0.0258,36.56,77.34,12.31,0.06,1
Riau,47.56,172,276.53,0.5464,0.8068,0.0273,25.88,67.28,34.48,0.17,0
Jawa Tengah,55.1,156,353.18,0.5343,0.5707,0.0399,32.34,71.84,34.56,0.17,1
Banten,15.18,150,101.21,0.5861,0.7878,0.0519,44.31,79.16,12.19,0.06,0
DKI Jakarta,20.16,164,122.96,0.5593,0.6748,0.0447,63.21,93.26,12.24,0.06,0
Banten,20.02,153,130.86,0.6324,0.772,0.0267,45.46,80.57,11.91,0.06,1
Sumatera Selatan,25.07,146,171.68,0.6693,0.6663,0.0379,22.95,64.4,23.62,0.12,0
Jawa Timur,27.38,157,174.37,0.6227,0.6919,0.0235,34.93,75.48,15.65,0.08,0
DKI Jakarta,17.76,155,114.61,0.3643,0.8521,0.0311,63.73,94.2,9.82,0.05,1
Bali,28.5,150,189.99,0.731,0.7597,0.0349,47.91,87.04,20.32,0.1,0
Jawa Tengah,19.91,170,117.1,0.6291,0.691,0.0552,31.72,72.92,12.57,0.06,0
Riau,18.81,154,122.12,0.7077,0.8191,0.0582,23.32,62.94,12.85,0.06,0
Sumatera Selatan,12.98,136,95.42,0.7208,0.6675,0.0234,26.41,63.06,11.34,0.06,0
Jawa Tengah,40.44,161,251.17,0.6787,0.3765,0.0404,33.61,72.34,29.29,0.15,0
Jawa Tengah,42.47,181,234.63,0.509,0.7209,0.0542,34.02,71.78,26.99,0.13,0
Sumatera Utara,30.91,177,174.61,0.5337,0.6176,0.0373,29.06,69.71,21.26,0.11,0
Banten,30.26,147,205.87,0.6847,0.8258,0.0328,44.42,79.4,21.53,0.11,0
Jawa Barat,41.55,159,261.3,0.7695,0.7348,0.0601,41.47,77.42,33.2,0.17,0
DKI Jakarta,33.02,153,215.8,0.5711,0.718,0.0529,62.29,93.35,27.55,0.14,0
DKI Jakarta,35.15,165,213.05,0.7438,0.6144,0.0392,60.93,95.01,29.19,0.15,0
Jawa Timur,21.41,180,118.94,0.6297,0.8271,0.0215,34.15,73.77,18.18,0.09,0
Jawa Barat,11.29,152,74.31,0.6549,0.5525,0.0083,44.87,78.01,6.9,0.03,1
Sumatera Selatan,15.7,156,100.62,0.6014,0.8024,0.0437,24.36,64.12,12.72,0.06,0
Bali,71.77,150,478.49,0.4904,0.8515,0.0522,48.04,82.87,43.82,0.22,1
Sumatera Selatan,18.77,144,130.38,0.7312,0.5932,0.019,23.1,61.86,14.56,0.07,0
Jawa Tengah,63.7,186,342.48,0.3411,0.5559,0.0598,34.77,70.07,36.71,0.18,1
Jawa Timur,29.36,152,193.16,0.6833,0.9167,0.0333,37.02,74.33,22.86,0.11,0
Sulawesi Selatan,23.53,163,144.34,0.238,0.5623,0.0052,26.6,67.17,13.96,0.07,0
Jawa Barat,14.74,154,95.71,0.7464,0.7548,0.0498,41.04,78.32,14.36,0.07,0
Jawa Timur,15.81,151,104.68,0.7987,0.8749,0.0381,37.27,74.3,13.46,0.07,0
Banten,20.87,152,137.28,0.4923,0.7394,0.0371,43.52,79.34,12.88,0.06,1
Banten,21.8,159,137.08,0.8737,0.7229,0.0568,45.32,80.98,17.94,0.09,0
Sulawesi Selatan,33.11,171,193.65,0.6697,0.8913,0.0702,31.09,68.2,18.57,0.09,0
Bali,17.15,162,105.88,0.4774,0.7189,0.0517,48.07,87.06,10.09,0.05,0
Sulawesi Selatan,17.34,161,107.67,0.5923,0.8373,0.0318,27.47,66.99,11.68,0.06,0
Jawa Tengah,40.04,174,230.09,0.5915,0.5915,0.0054,31.96,71.56,24.61,0.12,0
DKI Jakarta,74.04,183,404.62,0.4641,0.7353,0.0525,62.17,94.39,52.86,0.26,0
Sulawesi Selatan,24.31,159,152.91,0.3466,0.7909,0.0411,24.96,67.18,12.67,0.06,1
Jawa Barat,29.18,159,183.55,0.5948,0.59,0.0244,43.15,78.57,28.69,0.14,0
Riau,19.76,145,136.27,0.9424,0.7682,0.0296,24.1,63.1,16.32,0.08,0
Bali,23.7,167,141.92,0.659,0.6096,0.0699,47.49,84.06,17.92,0.09,0
DKI Jakarta,20.59,156,132.01,0.5589,0.7684,0.0591,62.53,95.25,17.61,0.09,0
Riau,20.63,167,123.51,0.7068,0.7033,0.0626,28.17,67.68,11.7,0.06,0
Sulawesi Selatan,31.32,161,194.53,0.5396,0.6071,0.0611,26.62,69.54,14.49,0.07,0
Sulawesi Selatan,32.35,161,200.95,0.6754,0.8766,0.0452,27.62,67.95,25.79,0.13,0
Jawa Tengah,21.18,163,129.97,0.5372,0.9068,0.0193,33.64,72.68,15.54,0.08,0
Jawa Tengah,18.0,162,111.1,0.3946,0.7203,0.0421,32.19,72.5,9.94,0.05,1
Jawa Tengah,19.76,170,116.25,0.5981,0.7314,0.0531,33.02,71.43,13.84,0.07,0
Sumatera Utara,39.91,195,204.65,0.3881,0.6566,0.0377,26.01,67.05,22.08,0.11,1
Bali,16.41,164,100.08,0.5896,0.7574,0.0453,47.91,84.8,8.87,0.04,1
Sulawesi Selatan,13.29,146,91.02,0.6413,0.9377,0.0512,29.75,67.67,9.02,0.05,0
Jawa Timur,24.33,144,168.94,0.6706,0.8536,0.0594,38.02,76.41,22.18,0.11,0
Sumatera Utara,22.68,160,141.73,0.6981,0.5299,0.0589,27.73,65.34,16.99,0.08,1
Sumatera Selatan,21.61,158,136.79,0.5631,0.6496,0.0327,22.78,62.89,13.54,0.07,1
Riau,35.38,157,225.34,0.4447,0.7279,0.0136,25.78,66.85,19.11,0.1,1
DKI Jakarta,20.42,143,142.8,0.592,0.8664,0.0707,60.2,94.89,16.1,0.08,0
Bali,17.23,161,107.04,0.3355,0.6081,0.0465,48.4,83.32,6.99,0.03,1
Sulawesi Selatan,22.67,142,159.62,0.9084,0.8774,0.0342,27.28,66.23,21.46,0.11,0
Riau,19.5,182,107.16,0.8491,0.8407,0.0028,25.43,65.34,17.93,0.09,0
Banten,33.13,143,231.67,0.7066,0.6307,0.0543,43.89,80.74,24.02,0.12,0
Sumatera Selatan,21.63,146,148.16,0.5161,0.6845,0.0499,25.11,63.72,18.15,0.09,0
Jawa Barat,15.3,169,90.55,0.5443,0.6386,0.0345,39.94,78.74,13.34,0.07,0
Jawa Tengah,26.45,167,158.4,0.7094,0.61,0.0477,34.64,72.87,19.61,0.1,0
Sulawesi Selatan,15.56,155,100.41,0.6657,0.7845,0.0682,29.59,68.11,10.37,0.05,0
Jawa Timur,37.26,149,250.08,0.7063,0.6577,0.0147,40.1,76.12,28.98,0.14,0
Sumatera Selatan,21.07,151,139.51,0.3968,0.6116,0.0625,24.74,64.22,17.59,0.09,1
Banten,32.16,159,202.28,0.6838,0.7631,0.0214,46.31,79.27,25.54,0.13,0
Sumatera Selatan,15.78,145,108.86,0.7124,0.7831,0.0164,25.76,62.04,12.07,0.06,1
Bali,22.11,166,133.19,0.7996,0.6479,0.0346,48.99,85.37,15.89,0.08,0
Sumatera Utara,29.47,163,180.83,0.6326,0.6837,0.0674,26.57,67.59,27.51,0.14,0
Jawa Timur,19.93,147,135.56,0.4338,0.6835,0.0245,38.14,73.06,11.74,0.06,0
Riau,14.81,154,96.16,0.5199,0.8433,0.0372,26.46,67.11,9.46,0.05,0
Jawa Tengah,31.37,148,211.94,0.4832,0.5722,0.0105,35.88,72.4,21.01,0.11,0
Jawa Tengah,26.36,156,168.96,0.4135,0.633,0.0504,34.31,72.35,14.89,0.07,1
DKI Jakarta,13.84,156,88.75,0.6093,0.6814,0.0229,63.98,93.98,11.03,0.06,0
Sumatera Utara,19.27,157,122.75,0.4843,0.5381,0.0309,27.53,69.2,13.32,0.07,0
Riau,16.19,163,99.3,0.7998,0.8338,0.058,26.47,63.86,9.75,0.05,0
Jawa Timur,17.95,155,115.79,0.467,0.5999,0.0264,33.91,75.4,10.98,0.05,0
Sumatera Selatan,18.24,155,117.66,0.6475,0.75,0.0485,25.13,63.44,10.06,0.05,1
Banten,19.56,150,130.38,0.4744,0.8468,0.0463,45.93,80.46,10.82,0.05,0
Jawa Tengah,14.37,187,76.86,0.2824,0.8078,0.0448,35.29,70.05,5.37,0.03,1
DKI Jakarta,19.51,163,119.68,0.801,0.649,0.0195,61.87,94.91,13.8,0.07,0
Bali,44.45,184,241.6,0.6389,0.649,0.0436,45.98,84.0,31.6,0.16,0
Bali,61.27,167,366.88,0.3262,0.77,0.0364,47.89,83.72,32.34,0.16,0
Banten,13.12,152,86.29,0.7713,0.7364,0.0346,43.98,77.93,10.38,0.05,0
Jawa Tengah,37.02,144,257.1,0.5765,0.8258,0.0544,33.81,74.78,24.43,0.12,0
Sumatera Utara,80.81,165,489.77,0.6366,0.7463,0.0147,25.36,68.05,51.97,0.26,0
Banten,21.68,163,133.01,0.658,0.8348,0.0269,43.94,80.09,17.71,0.09,0
Jawa Timur,28.89,152,190.09,0.9537,0.4151,0.0398,35.24,74.14,23.89,0.12,0
Riau,36.01,145,248.38,0.6723,0.7173,0.0705,28.27,63.56,26.67,0.13,0
Jawa Tengah,19.32,163,118.55,0.3009,0.6568,0.0038,29.7,73.08,14.88,0.07,0
DKI Jakarta,37.91,158,239.94,0.3188,0.97,0.0439,63.92,92.58,24.7,0.12,1
Jawa Barat,22.14,166,133.35,0.8575,0.8896,0.0364,41.26,80.16,18.51,0.09,0
Jawa Timur,40.23,167,240.88,0.6117,0.9024,0.0551,33.73,77.56,31.72,0.16,1
Bali,52.63,161,326.89,0.6512,0.7238,0.0257,51.22,83.57,26.53,0.13,1
Jawa Tengah,45.09,159,283.56,0.5737,0.5461,0.0359,35.23,71.55,29.86,0.15,1
Sulawesi Selatan,19.98,159,125.66,0.6043,0.8548,0.022,29.77,64.75,14.27,0.07,0
Jawa Barat,31.84,160,199.02,0.706,0.6884,0.0317,41.64,76.51,21.15,0.11,0
Sulawesi Selatan,18.91,162,116.73,0.6509,0.7416,0.0526,26.89,68.56,15.21,0.08,0
Bali,13.47,156,86.32,0.635,0.7514,0.0481,48.8,86.01,11.25,0.06,0
DKI Jakarta,22.08,168,131.41,0.7132,0.5758,0.0346,63.22,93.26,14.77,0.07,1
Sumatera Utara,34.64,155,223.49,0.3935,0.3849,0.0579,27.59,67.44,20.5,0.1,1
Riau,18.46,144,128.21,0.341,0.8553,0.0886,24.81,63.5,13.92,0.07,0
Banten,48.67,154,316.05,0.5103,0.8768,0.0241,44.84,78.44,42.82,0.21,0
Sulawesi Selatan,23.0,151,152.31,0.4161,0.8693,0.0505,28.19,69.39,14.43,0.07,1
Jawa Barat,14.41,162,88.94,0.4007,0.6855,0.041,42.89,78.97,12.1,0.06,0
Sumatera Utara,23.31,182,128.09,0.6535,0.8912,0.0617,30.68,66.05,15.47,0.08,0
Sumatera Utara,15.3,142,107.78,0.6081,0.6321,0.029,29.68,68.88,12.02,0.06,0
Riau,43.35,148,292.87,0.3667,0.7685,0.0601,24.37,68.25,26.34,0.13,0
Jawa Tengah,30.89,163,189.54,0.6879,0.8442,0.0379,33.18,71.63,22.92,0.11,0
Banten,22.73,160,142.09,0.6824,0.6897,0.0354,44.68,79.0,12.6,0.06,1
Jawa Barat,32.25,150,214.98,0.7294,0.686,0.0432,42.71,79.3,32.25,0.16,1
Jawa Barat,15.82,156,101.43,0.6349,0.4943,0.0432,42.79,79.81,11.7,0.06,0
Sumatera Utara,12.89,149,86.48,0.6682,0.8421,0.022,28.31,69.19,9.73,0.05,0
Sumatera Selatan,13.48,164,82.18,0.8717,0.7514,0.0407,23.56,62.72,11.72,0.06,0
Riau,10.3,157,65.57,0.6567,0.8386,0.0668,27.61,64.9,6.61,0.03,1
Sulawesi Selatan,14.91,167,89.29,0.6169,0.7617,0.0167,28.47,65.73,11.55,0.06,0
DKI Jakarta,32.26,165,195.5,0.8018,0.5026,0.0494,62.82,92.72,21.17,0.11,0
Banten,29.87,140,213.34,0.6362,0.7,0.0604,43.04,80.23,24.77,0.12,1
DKI Jakarta,16.81,173,97.18,0.7886,0.8068,0.0394,65.55,93.56,14.41,0.07,0
Jawa Timur,9.46,154,61.4,0.7689,0.7297,0.0353,37.17,75.7,8.37,0.04,0
Sumatera Selatan,19.97,166,120.31,0.5286,0.5633,0.0402,24.17,62.81,11.9,0.06,1
Sumatera Utara,28.54,151,188.99,0.6745,0.7667,0.0214,28.77,68.27,23.57,0.12,0
Jawa Tengah,37.41,166,225.37,0.4458,0.7549,0.0359,33.0,72.12,23.53,0.12,1
DKI Jakarta,28.98,175,165.61,0.4083,0.8965,0.0741,60.47,95.1,14.03,0.07,0
Jawa Barat,15.45,169,91.43,0.7181,0.865,0.0375,41.95,79.62,14.03,0.07,0
Banten,33.45,157,213.08,0.6298,0.731,0.0403,41.92,79.78,27.18,0.14,0
Sulawesi Selatan,30.6,171,178.97,0.5173,0.5598,0.0213,28.05,67.55,16.93,0.08,1
Jawa Timur,33.01,154,214.38,0.4766,0.7939,0.0481,34.41,75.36,19.07,0.1,1
Jawa Barat,15.39,160,96.2,0.5561,0.7336,0.0189,38.27,77.66,8.21,0.04,1
Jawa Tengah,30.07,158,190.35,0.4848,0.7145,0.0361,34.12,73.4,21.31,0.11,0
Riau,35.82,156,229.6,0.7869,0.8349,0.001,24.44,64.73,28.9,0.14,1
Jawa Tengah,14.15,179,79.03,0.6848,0.6028,0.0405,33.85,71.91,9.78,0.05,0
Bali,17.0,156,108.98,0.5432,0.7138,0.0432,48.95,84.71,11.01,0.06,0
DKI Jakarta,10.92,148,73.78,0.5804,0.6662,0.025,62.62,94.57,7.91,0.04,0
Jawa Timur,18.43,185,99.63,0.5659,0.8371,0.0293,35.86,75.72,14.43,0.07,0
Jawa Tengah,23.24,167,139.19,0.4929,0.6996,0.0263,33.0,71.94,15.76,0.08,0
Banten,11.09,146,75.98,0.5595,0.7489,0.0534,43.12,81.77,8.29,0.04,0
Jawa Timur,42.94,164,261.83,0.7109,0.6055,0.0291,38.22,75.49,33.31,0.17,0
Sumatera Utara,39.85,151,263.89,0.3627,0.5885,0.0676,27.68,67.9,30.03,0.15,0
Jawa Timur,24.18,176,137.37,0.4591,0.7029,0.0686,36.43,77.56,17.6,0.09,1
Jawa Tengah,19.03,178,106.94,0.7807,0.5646,0.0411,34.32,71.17,14.62,0.07,1
Riau,22.79,159,143.35,0.3964,0.6069,0.0708,25.17,67.55,15.72,0.08,0
Jawa Tengah,55.41,175,316.62,0.5961,0.9128,0.069,30.51,69.71,45.86,0.23,0
Bali,26.84,133,201.77,0.6779,0.6677,0.048,47.11,84.02,23.49,0.12,0
Sulawesi Selatan,11.6,175,66.28,0.7979,0.7527,0.0223,29.48,65.8,7.9,0.04,0
Jawa Tengah,8.3,147,56.43,0.6501,0.8465,0.0473,33.32,70.47,5.84,0.03,1
Jawa Tengah,14.81,155,95.56,0.7289,0.7912,0.0445,33.64,72.64,13.19,0.07,0
Sulawesi Selatan,23.95,167,143.41,0.6238,0.7276,0.0292,28.34,68.14,18.5,0.09,0
Bali,10.18,148,68.75,0.7349,0.4296,0.0802,51.38,83.77,8.26,0.04,1
Banten,24.36,184,132.38,0.8268,0.7502,0.0529,40.99,81.76,14.83,0.07,0
Sumatera Utara,10.69,154,69.44,0.734,0.8361,0.0162,28.21,69.56,8.64,0.04,0
Jawa Tengah,26.48,180,147.1,0.5744,0.4423,0.0482,33.25,72.04,15.31,0.08,1
Riau,25.5,156,163.45,0.7375,0.5341,0.0411,26.07,63.23,19.71,0.1,0
Sulawesi Selatan,62.04,171,362.82,0.4602,0.8618,0.0489,29.1,68.95,41.74,0.21,0
Banten,20.86,152,137.25,0.872,0.6659,0.0367,45.34,79.22,16.47,0.08,0
Banten,18.6,151,123.19,0.6002,0.7601,0.0149,43.78,80.15,14.24,0.07,0
Sumatera Utara,45.8,155,295.47,0.7181,0.6772,0.0613,25.87,69.16,38.71,0.19,0
Bali,29.29,143,204.81,0.7487,0.7673,0.076,52.46,84.02,25.11,0.13,0
Sumatera Utara,22.15,148,149.66,0.7707,0.6798,0.0318,28.39,69.73,15.15,0.08,0
Banten,18.56,147,126.24,0.7547,0.7656,0.0373,44.23,79.34,14.39,0.07,0
Banten,59.75,165,362.15,0.6428,0.7568,0.0626,45.99,80.45,42.55,0.21,0
DKI Jakarta,16.32,158,103.31,0.452,0.6803,0.0306,61.81,95.11,11.55,0.06,1
Bali,12.39,165,75.08,0.5355,1.0,0.0572,50.64,85.59,3.56,0.02,1
Jawa Timur,24.0,180,133.31,0.704,0.5669,0.0387,36.34,77.49,20.02,0.1,0
Bali,20.46,163,125.51,0.8684,0.7155,0.0239,51.44,83.51,15.43,0.08,0
Jawa Timur,42.15,153,275.46,0.5417,0.5552,0.0284,37.48,74.04,21.66,0.11,1
Jawa Tengah,25.82,163,158.41,0.7001,0.707,0.0392,32.19,71.71,21.95,0.11,0
Bali,38.84,165,235.42,0.5561,0.7398,0.0407,51.97,88.15,30.89,0.15,0
Jawa Barat,8.8,172,51.15,0.627,0.8122,0.0171,42.4,80.22,4.09,0.02,0
Sumatera Selatan,21.15,170,124.43,0.6855,0.6509,0.0439,23.39,62.44,13.47,0.07,0
Bali,48.89,153,319.55,0.5294,0.5244,0.001,46.59,84.08,34.09,0.17,0
Jawa Tengah,15.33,173,88.6,0.5293,0.9255,0.0535,34.25,72.08,9.73,0.05,1
Jawa Tengah,19.93,156,127.77,0.9118,0.6987,0.0555,35.28,72.43,17.31,0.09,0
Jawa Timur,37.75,167,226.03,0.7846,0.8419,0.0247,37.38,76.17,33.42,0.17,0
Bali,18.13,158,114.76,0.7373,0.5366,0.0411,49.2,85.32,9.0,0.05,1
Jawa Timur,36.19,165,219.31,0.5895,0.7909,0.0312,39.14,76.84,26.77,0.13,0
Jawa Barat,18.74,171,109.57,0.4793,0.8355,0.032,42.4,81.0,14.85,0.07,1
Banten,24.45,170,143.82,0.8125,0.689,0.0349,43.11,79.64,13.63,0.07,1
DKI Jakarta,34.32,166,206.75,0.7671,0.9147,0.0372,61.48,93.94,29.0,0.14,0
Sumatera Utara,14.98,170,88.12,0.5358,0.7629,0.0296,29.23,67.76,8.76,0.04,0
Jawa Barat,14.73,148,99.56,0.6139,0.686,0.0451,42.25,78.27,9.65,0.05,0
Jawa Tengah,40.0,170,235.3,0.5472,0.6286,0.0702,34.83,72.54,23.35,0.12,1
DKI Jakarta,16.52,164,100.74,0.6702,0.605,0.0493,62.95,94.96,15.7,0.08,0
DKI Jakarta,26.22,168,156.08,0.5557,0.5396,0.0362,63.42,96.27,20.89,0.1,0
Sumatera Selatan,35.23,145,242.96,0.6122,0.6446,0.0645,24.82,62.25,21.32,0.11,1
Sulawesi Selatan,25.77,168,153.42,0.4963,0.7618,0.063,29.35,68.23,17.53,0.09,0
Jawa Timur,30.09,179,168.12,0.3024,0.7984,0.0576,37.92,74.39,15.48,0.08,1
DKI Jakarta,56.92,171,332.88,0.6908,0.6346,0.0483,62.01,94.69,49.23,0.25,0
Sulawesi Selatan,87.92,173,508.19,0.5704,0.6481,0.0486,27.62,71.01,63.52,0.32,0
Banten,21.96,140,156.85,0.3654,0.6837,0.0533,44.59,79.64,15.89,0.08,0
Jawa Timur,19.31,162,119.21,0.4958,0.6923,0.0635,36.97,78.34,11.63,0.06,1
Sumatera Selatan,33.35,148,225.33,0.3955,0.68,0.0263,26.27,62.1,27.21,0.14,0
Sumatera Selatan,15.79,156,101.24,0.6117,0.8078,0.0372,24.62,62.55,10.79,0.05,0
Sumatera Selatan,44.12,151,292.15,0.4059,0.7324,0.0582,22.16,62.69,25.63,0.13,1
Riau,18.45,164,112.5,0.4302,0.6287,0.0422,24.33,65.61,10.68,0.05,1
DKI Jakarta,20.39,171,119.25,0.8189,0.8338,0.0419,62.04,94.02,16.46,0.08,0
Jawa Timur,14.23,157,90.65,0.7354,0.8199,0.0575,37.88,76.32,14.23,0.07,0
Riau,17.44,178,98.0,0.4933,0.6152,0.0212,25.01,62.1,12.46,0.06,1
Bali,44.29,163,271.71,0.5364,0.7515,0.059,49.68,83.32,28.81,0.14,0
Riau,30.49,175,174.23,0.6376,0.7259,0.0218,24.95,67.67,25.09,0.13,0
Jawa Timur,20.13,141,142.73,0.6829,0.7927,0.0327,37.04,73.71,17.15,0.09,0
Bali,67.44,153,440.8,0.7367,0.8411,0.0087,49.32,84.07,54.38,0.27,0
Sumatera Utara,24.25,156,155.45,0.5548,0.7052,0.0308,26.69,68.93,13.8,0.07,0
Jawa Barat,23.09,159,145.23,0.5456,0.7673,0.0514,42.09,78.55,18.02,0.09,0
Jawa Timur,14.41,165,87.32,0.6697,0.8685,0.0438,39.22,74.38,10.66,0.05,0
Bali,13.27,133,99.78,0.2558,0.8797,0.0351,48.4,85.03,5.43,0.03,1
Banten,15.37,163,94.31,0.713,0.8049,0.0488,44.21,80.8,11.69,0.06,0
Sumatera Utara,15.83,150,105.53,0.6586,0.8155,0.049,28.78,67.48,12.42,0.06,0
DKI Jakarta,17.98,154,116.77,0.4739,0.8123,0.0186,62.54,94.69,9.48,0.05,1
Riau,18.35,144,127.4,0.2843,0.876,0.0619,26.14,66.43,10.35,0.05,1
Jawa Timur,34.21,163,209.88,0.8202,0.8781,0.0516,36.72,76.7,26.6,0.13,0
DKI Jakarta,23.3,161,144.69,0.4767,0.86,0.0111,60.05,94.64,18.96,0.09,0
Sulawesi Selatan,65.79,173,380.28,0.7278,0.6961,0.0724,28.58,69.85,45.56,0.23,0
Banten,33.19,164,202.36,0.4153,0.7994,0.0344,42.49,79.86,24.87,0.12,0
Bali,17.04,163,104.53,0.55,0.5699,0.0188,49.26,83.32,13.02,0.07,0
Sumatera Selatan,28.95,157,184.38,0.3043,0.7732,0.0145,25.35,62.84,22.15,0.11,1
Bali,27.66,175,158.05,0.6088,0.5312,0.0087,49.31,85.95,16.41,0.08,1
Banten,45.57,149,305.87,0.5972,0.6559,0.0304,42.77,78.73,24.64,0.12,1
Sumatera Selatan,30.9,138,223.89,0.8119,0.6334,0.0251,24.77,60.41,26.97,0.13,0
Sulawesi Selatan,26.22,173,151.55,0.7785,0.7939,0.0176,27.58,68.35,15.02,0.08,0
Riau,52.07,140,371.94,0.7081,0.7717,0.0337,25.22,64.87,44.1,0.22,0
Riau,28.43,146,194.76,0.5635,0.6325,0.0705,29.2,68.1,24.18,0.12,0
Bali,29.69,149,199.29,0.5494,0.822,0.026,47.35,84.82,21.11,0.11,1
Jawa Timur,51.91,160,324.43,0.7948,0.823,0.0334,37.54,76.88,36.0,0.18,1
Sumatera Utara,36.05,158,228.18,0.7571,0.7738,0.0514,30.69,67.61,26.82,0.13,0
Sumatera Selatan,29.23,179,163.32,0.692,0.6493,0.0761,24.87,63.81,22.26,0.11,0
Sulawesi Selatan,23.96,170,140.96,0.3115,0.5431,0.0437,26.98,68.25,16.44,0.08,1
Sumatera Selatan,8.63,141,61.18,0.7983,0.7655,0.0491,23.47,64.76,5.14,0.03,1
Banten,9.45,145,65.15,0.422,0.7755,0.0569,42.0,80.03,7.22,0.04,0
Sumatera Selatan,23.36,169,138.25,0.6172,0.5959,0.0497,24.44,62.47,15.18,0.08,1
Sumatera Utara,18.61,166,112.08,0.7392,0.6825,0.0068,28.6,69.45,10.56,0.05,1
Banten,23.96,162,147.89,0.6007,0.8439,0.0247,43.72,78.94,18.67,0.09,1
Banten,43.02,173,248.68,0.5397,0.7664,0.0541,46.24,78.82,32.75,0.16,0
Sumatera Selatan,16.94,167,101.43,0.6733,0.7161,0.0293,24.24,63.05,10.13,0.05,0
DKI Jakarta,11.48,159,72.19,0.7927,0.7566,0.014,60.07,93.81,8.67,0.04,0
Sulawesi Selatan,12.84,159,80.73,0.4264,0.8669,0.0346,30.17,67.82,10.48,0.05,0
Jawa Barat,16.62,180,92.32,0.7358,0.7602,0.051,39.78,77.8,13.37,0.07,0
Riau,14.07,163,86.31,0.813,0.6961,0.0502,26.92,66.74,12.75,0.06,0
Sulawesi Selatan,26.65,178,149.7,0.5936,0.6524,0.0409,28.92,69.13,21.5,0.11,0
Jawa Tengah,49.97,151,330.94,0.7938,0.5465,0.0031,33.14,73.1,32.1,0.16,0
Sumatera Utara,34.12,170,200.72,0.6705,0.7715,0.0441,29.86,69.08,34.12,0.17,0
Sumatera Utara,37.56,180,208.69,0.6911,0.5913,0.0141,28.58,65.98,23.67,0.12,0
DKI Jakarta,24.54,150,163.58,0.432,0.6126,0.0511,61.92,94.34,14.42,0.07,0
Riau,13.66,165,82.79,0.6856,0.748,0.0474,23.04,66.43,11.77,0.06,0
Sulawesi Selatan,82.01,167,491.1,0.6615,0.7328,0.0291,25.37,69.41,68.66,0.34,0
Bali,19.94,159,125.41,0.6694,0.7553,0.0131,52.89,84.26,12.71,0.06,1
Sulawesi Selatan,39.34,180,218.56,0.3814,0.5798,0.0627,29.07,69.36,27.48,0.14,1
Banten,10.15,179,56.73,0.6472,0.8632,0.0459,46.05,80.17,6.4,0.03,0
Sumatera Selatan,22.85,163,140.19,0.6197,0.6071,0.0213,28.14,60.0,14.45,0.07,0
Jawa Tengah,23.29,173,134.6,0.7112,0.6837,0.0695,32.73,71.98,16.6,0.08,0
Jawa Tengah,20.56,160,128.52,0.6643,0.6949,0.0409,33.06,71.09,18.98,0.09,0
Sulawesi Selatan,11.53,149,77.41,0.7024,0.7537,0.0271,25.5,67.07,8.63,0.04,0
Jawa Tengah,25.25,156,161.87,0.4713,0.7201,0.0612,32.84,73.36,8.04,0.04,1
Sumatera Selatan,47.2,170,277.63,0.7442,0.7228,0.056,23.9,63.46,34.72,0.17,1
Bali,69.81,154,453.33,0.7168,0.4432,0.0518,48.19,83.88,39.12,0.2,1
Riau,55.58,158,351.79,0.5891,0.7783,0.045,27.75,64.59,35.13,0.18,1
DKI Jakarta,42.68,150,284.5,0.7887,0.7385,0.0176,63.55,94.73,25.61,0.13,0
Sulawesi Selatan,61.11,168,363.77,0.6738,0.6052,0.0187,29.35,67.58,47.3,0.24,0
Jawa Tengah,62.93,162,388.44,0.6427,0.6343,0.032,31.44,72.94,38.19,0.19,0
Sulawesi Selatan,15.26,161,94.81,0.456,0.7279,0.001,28.02,66.81,8.18,0.04,0
Jawa Barat,29.1,175,166.31,0.702,0.7699,0.0457,42.09,78.14,21.55,0.11,0
Jawa Timur,12.88,158,81.49,0.4255,0.607,0.0384,39.68,74.06,7.97,0.04,1
Sumatera Selatan,32.21,167,192.87,0.4783,0.6699,0.041,24.55,62.44,29.14,0.15,0
DKI Jakarta,17.79,137,129.83,0.4062,0.8417,0.0713,62.23,96.81,11.74,0.06,0
Jawa Timur,22.26,164,135.75,0.4931,0.6762,0.0171,38.5,74.52,8.96,0.04,1
Sulawesi Selatan,20.5,160,128.11,0.5523,0.7676,0.0427,27.59,67.23,9.7,0.05,1
Sulawesi Selatan,7.72,148,52.18,0.6753,0.8177,0.0172,28.68,66.81,5.96,0.03,0
Sumatera Utara,10.76,169,63.65,0.5275,0.7213,0.0655,29.13,67.98,7.29,0.04,1
Bali,38.77,170,228.06,0.6409,0.7425,0.0194,47.99,84.41,20.51,0.1,1
Sumatera Selatan,17.93,169,106.1,0.5175,0.6367,0.0779,23.34,64.56,10.81,0.05,0
Sulawesi Selatan,38.92,156,249.47,0.4217,0.8234,0.0207,27.85,67.31,26.54,0.13,0
Banten,22.46,166,135.31,0.5279,0.9315,0.0462,43.45,79.94,16.76,0.08,0
Jawa Tengah,10.5,146,71.91,0.4552,0.9217,0.0502,30.95,69.85,5.59,0.03,0
Bali,12.0,155,77.44,0.5747,0.6002,0.0573,49.78,83.46,9.61,0.05,0
Banten,16.36,154,106.21,0.7182,0.8709,0.0186,44.96,81.1,10.57,0.05,0
Sumatera Utara,16.18,171,94.64,0.5745,0.647,0.0162,27.29,67.17,12.57,0.06,0
Riau,23.42,167,140.23,0.745,0.8472,0.0307,24.84,66.32,18.73,0.09,0
Bali,26.62,160,166.35,0.5249,0.6369,0.0539,49.43,83.39,23.44,0.12,0
Sulawesi Selatan,23.32,134,174.02,0.3799,0.7791,0.0401,30.53,67.59,13.82,0.07,1
Jawa Timur,29.25,178,164.34,0.5364,0.6909,0.0616,38.33,77.46,21.68,0.11,0
Jawa Timur,31.49,136,231.52,0.4713,0.6324,0.0233,38.6,76.29,24.4,0.12,1
Bali,38.25,155,246.77,0.3078,0.6389,0.0349,48.24,82.16,22.36,0.11,1
Jawa Timur,12.77,135,94.57,0.7621,0.4352,0.0385,37.42,79.27,10.07,0.05,0
Riau,10.48,162,64.69,0.8455,0.5769,0.0374,25.9,64.15,9.35,0.05,1
Riau,17.36,164,105.87,0.4051,0.6831,0.0518,25.01,67.64,12.24,0.06,0
Banten,26.12,171,152.75,0.6654,0.5445,0.0648,44.39,79.26,17.85,0.09,1
Riau,18.87,166,113.65,0.6705,0.8747,0.0283,24.8,63.93,16.57,0.08,0
Sumatera Selatan,30.4,150,202.65,0.5719,0.7657,0.0307,23.18,62.56,23.65,0.12,0
Jawa Barat,14.33,180,79.64,0.3854,0.6584,0.046,40.83,77.82,10.01,0.05,0
Jawa Barat,54.86,162,338.63,0.6599,0.6817,0.0467,40.99,77.94,53.28,0.27,0
Banten,37.98,173,219.54,0.6508,0.7729,0.0616,44.06,79.87,37.98,0.19,0
Bali,19.55,161,121.43,0.641,0.7284,0.0419,45.6,85.07,16.09,0.08,0
Jawa Timur,16.09,158,101.85,0.4883,0.7871,0.0359,35.4,77.1,6.53,0.03,0
Banten,20.8,153,135.92,0.3676,0.7141,0.075,46.46,80.06,16.57,0.08,0
Banten,46.18,173,266.93,0.5296,0.4961,0.0466,44.09,79.89,30.34,0.15,1
Sumatera Selatan,18.22,151,120.63,0.3365,0.904,0.0543,25.14,62.23,10.68,0.05,1
Jawa Barat,18.82,170,110.72,0.7871,0.8828,0.0085,42.12,78.26,11.34,0.06,0
Riau,24.26,166,146.15,0.548,0.7855,0.0372,25.94,64.8,22.57,0.11,0
Riau,13.07,159,82.21,0.6761,0.5442,0.0626,24.78,63.75,11.59,0.06,0
Jawa Tengah,41.58,162,256.68,0.707,0.766,0.0423,32.38,75.16,29.8,0.15,0
Jawa Barat,26.18,130,201.41,0.5158,0.6648,0.0386,44.44,78.89,19.92,0.1,0
Sumatera Selatan,43.57,186,234.23,0.601,0.6981,0.0023,23.5,63.41,33.69,0.17,0
DKI Jakarta,51.99,171,304.03,0.7942,0.7768,0.0374,64.98,95.66,35.56,0.18,0
Jawa Tengah,14.29,142,100.61,0.7477,0.5725,0.0651,32.58,69.0,13.92,0.07,0
Banten,25.1,170,147.64,0.6224,0.7732,0.0403,43.62,82.49,19.3,0.1,0
DKI Jakarta,21.81,156,139.8,0.8017,0.5855,0.0496,62.51,93.17,18.48,0.09,0
DKI Jakarta,54.64,161,339.37,0.1446,0.8255,0.0336,62.14,93.14,23.28,0.12,1
Riau,18.2,152,119.76,0.6203,0.573,0.0335,24.69,64.75,17.83,0.09,0
Riau,9.71,146,66.51,0.4856,0.6514,0.0413,26.08,66.58,8.36,0.04,0
Sulawesi Selatan,19.81,169,117.2,0.6028,0.6493,0.0501,25.69,70.37,13.67,0.07,0
Sumatera Utara,33.61,145,231.77,0.7925,0.4917,0.0557,28.95,70.17,27.76,0.14,0
Jawa Barat,30.0,156,192.3,0.689,0.7313,0.0543,41.84,78.02,25.06,0.13,0
Sumatera Utara,20.84,149,139.88,0.7765,0.7193,0.0335,29.49,66.04,15.5,0.08,0
DKI Jakarta,18.75,154,121.73,0.6344,0.6447,0.0443,61.65,93.7,11.47,0.06,0
DKI Jakarta,28.38,163,174.1,0.3447,0.8054,0.0147,63.51,93.43,16.32,0.08,0
Jawa Tengah,35.02,179,195.67,0.7227,0.6573,0.0452,33.85,70.13,30.5,0.15,0
Jawa Barat,24.02,147,163.41,0.5911,0.7876,0.001,41.69,79.3,16.88,0.08,1
Sulawesi Selatan,20.51,166,123.56,0.5227,0.681,0.0098,30.87,67.81,15.1,0.08,0
Riau,20.92,145,144.27,0.5298,0.8059,0.0441,26.81,66.0,12.23,0.06,0
Sumatera Utara,17.33,154,112.52,0.6513,0.8615,0.0508,27.7,69.08,12.09,0.06,0
DKI Jakarta,45.17,180,250.96,0.6095,0.7548,0.0159,64.7,95.02,32.61,0.16,1
Jawa Barat,24.16,176,137.28,0.5385,0.8155,0.0512,42.27,78.52,16.12,0.08,0
Jawa Barat,13.3,141,94.34,0.4346,0.8932,0.0368,44.17,80.57,6.39,0.03,0
Riau,77.43,156,496.37,0.4827,0.7427,0.0627,23.32,64.81,55.17,0.28,0
Sumatera Selatan,17.59,170,103.49,0.4189,0.7096,0.0692,23.85,62.33,12.8,0.06,0
Riau,14.32,149,96.1,0.51,0.8959,0.001,25.65,65.12,10.04,0.05,0
Jawa Barat,12.6,150,84.02,0.4061,0.7487,0.0785,38.67,79.25,7.73,0.04,1
Jawa Tengah,17.51,166,105.46,0.7129,0.7869,0.0583,33.45,72.92,14.32,0.07,0
Banten,38.72,180,215.14,0.8428,0.7444,0.0522,43.54,79.39,33.54,0.17,0
Banten,11.17,155,72.06,0.8275,0.388,0.0334,41.1,79.42,8.8,0.04,0
DKI Jakarta,27.48,173,158.84,0.3911,0.7,0.0504,61.25,95.77,21.16,0.11,0
Banten,17.93,162,110.65,0.6534,0.6152,0.0474,46.18,78.23,16.08,0.08,0
Jawa Tengah,18.04,181,99.67,0.7214,0.9047,0.0573,34.56,75.4,14.11,0.07,0
Jawa Barat,10.51,155,67.8,0.681,0.6879,0.0474,40.43,78.24,8.24,0.04,0
Bali,21.79,152,143.32,0.5947,0.7382,0.0514,47.59,84.25,14.73,0.07,0
Jawa Barat,10.27,150,68.46,0.5061,0.8653,0.0551,42.79,79.04,5.1,0.03,0
Sumatera Selatan,19.79,155,127.68,0.7964,0.8019,0.0015,21.35,63.74,18.57,0.09,0
DKI Jakarta,25.77,148,174.13,0.5168,0.5609,0.0345,63.29,93.41,20.21,0.1,0
Jawa Barat,10.25,182,56.33,0.6546,0.6415,0.0404,38.75,79.01,7.05,0.04,0
Bali,32.85,157,209.26,0.1564,0.7146,0.0327,51.16,83.38,14.3,0.07,0
Jawa Tengah,10.87,175,62.1,0.5275,0.6154,0.0628,34.19,71.38,7.89,0.04,1
DKI Jakarta,60.64,157,386.24,0.2288,0.8804,0.0727,59.63,92.27,40.46,0.2,1
Banten,24.5,184,133.14,0.7413,0.7918,0.0431,43.53,79.97,19.03,0.1,0
Jawa Tengah,15.0,154,97.4,0.5565,0.7145,0.0431,33.68,71.89,11.32,0.06,0
Riau,26.96,166,162.4,0.5551,0.7319,0.0426,23.12,62.98,15.54,0.08,0
Sumatera Utara,16.85,176,95.76,0.368,0.8607,0.009,28.33,67.38,7.27,0.04,1
Sumatera Utara,8.53,160,53.29,0.7935,0.4607,0.0227,29.12,68.17,7.59,0.04,0
DKI Jakarta,45.15,170,265.58,0.8854,0.7217,0.0229,59.3,95.23,32.66,0.16,0
Jawa Tengah,22.26,180,123.65,0.4303,0.5967,0.0564,34.32,70.56,11.74,0.06,1
DKI Jakarta,24.65,162,152.16,0.445,0.7369,0.0324,62.21,93.84,18.85,0.09,0
Sulawesi Selatan,23.09,171,135.04,0.7685,0.7689,0.0387,29.28,66.48,15.36,0.08,0
DKI Jakarta,16.01,162,98.83,0.3983,0.8219,0.0368,62.05,95.07,12.63,0.06,0
Bali,14.21,163,87.17,0.4068,0.6511,0.035,47.11,83.7,10.39,0.05,1
Bali,29.21,137,213.23,0.4546,0.4895,0.082,46.97,85.12,17.12,0.09,1
Riau,33.29,175,190.24,0.7516,0.8691,0.0423,25.63,64.97,24.99,0.12,0
Bali,25.95,181,143.39,0.3599,0.8946,0.0682,48.42,82.46,15.71,0.08,1
Sulawesi Selatan,42.13,169,249.31,0.5604,0.8052,0.0261,29.5,67.72,32.02,0.16,0
Bali,22.73,161,141.21,0.597,0.775,0.0179,48.28,83.08,17.54,0.09,0
Jawa Tengah,39.13,149,262.6,0.5108,0.6936,0.058,30.86,73.44,27.86,0.14,1
Sumatera Selatan,58.16,182,319.58,0.5156,0.7678,0.0433,23.61,65.28,34.44,0.17,1
Jawa Tengah,43.8,170,257.65,0.6471,0.6773,0.0527,30.91,72.87,35.72,0.18,0
Jawa Barat,29.41,163,180.44,0.5375,0.818,0.0762,42.02,77.83,13.87,0.07,0
Jawa Timur,13.42,147,91.3,0.6207,0.6496,0.0439,37.67,75.43,9.6,0.05,1
Sulawesi Selatan,33.22,181,183.55,0.5346,0.7579,0.048,29.03,68.15,25.32,0.13,0
Jawa Barat,19.68,169,116.43,0.4361,0.6631,0.0334,41.05,79.9,8.08,0.04,1
Sumatera Utara,36.5,172,212.19,0.5006,0.7371,0.0428,27.35,67.97,21.47,0.11,0
Jawa Barat,56.28,163,345.27,0.5412,0.7268,0.0454,40.73,79.09,34.35,0.17,0
Banten,21.72,155,140.11,0.5662,0.819,0.0499,43.96,77.79,13.77,0.07,1
Sulawesi Selatan,14.45,166,87.06,0.9577,0.665,0.0459,27.14,68.09,10.44,0.05,0
Sulawesi Selatan,33.61,160,210.09,0.532,0.6478,0.0091,30.31,66.77,23.8,0.12,0
Bali,21.59,148,145.9,0.7143,0.7272,0.0706,48.15,84.55,18.92,0.09,0
Bali,58.82,178,330.46,0.666,0.8995,0.0418,48.55,83.25,52.65,0.26,0
Sumatera Utara,25.14,167,150.52,0.3057,0.6936,0.0717,27.27,68.69,16.63,0.08,0
DKI Jakarta,22.92,162,141.49,0.6081,0.8462,0.0235,61.31,94.97,17.89,0.09,0
Riau,24.44,159,153.71,0.3281,0.9458,0.03,24.19,65.12,14.47,0.07,1
Banten,26.02,152,171.18,0.7444,0.8416,0.036,42.56,78.76,23.64,0.12,0
Jawa Tengah,9.92,160,62.0,0.669,0.9277,0.0318,36.01,72.79,7.46,0.04,0
Sumatera Selatan,18.84,189,99.67,0.6755,0.8319,0.0472,25.12,64.97,14.49,0.07,0
DKI Jakarta,40.21,154,261.09,0.5644,0.6504,0.0618,61.89,96.51,30.46,0.15,0
Jawa Barat,17.9,167,107.17,0.8386,1.0,0.0675,40.52,79.08,14.06,0.07,0
Banten,22.53,156,144.41,0.4742,0.5343,0.0307,45.95,80.13,18.03,0.09,1
Jawa Barat,17.28,132,130.9,0.6444,0.7556,0.028,40.25,77.02,13.46,0.07,0
Riau,19.62,186,105.47,0.6081,0.7084,0.0554,23.55,66.98,13.9,0.07,1
Sumatera Selatan,21.24,157,135.32,0.4741,0.4088,0.0189,25.01,60.31,15.88,0.08,0
Riau,13.44,148,90.82,0.372,0.7366,0.0534,24.71,66.83,10.26,0.05,0
Jawa Barat,11.25,150,74.97,0.595,0.7953,0.0353,39.57,78.63,7.44,0.04,0
Riau,25.51,157,162.5,0.5764,0.8159,0.0312,24.46,62.48,20.24,0.1,0
Sulawesi Selatan,52.72,153,344.6,0.9069,0.6804,0.001,28.52,68.2,48.38,0.24,0
Sulawesi Selatan,33.15,154,215.24,0.6033,0.6813,0.0453,27.74,67.61,18.21,0.09,0
Jawa Barat,34.82,160,217.64,0.6599,0.6325,0.0634,40.02,78.06,30.37,0.15,0
Jawa Tengah,38.57,152,253.74,0.6261,0.6071,0.0163,33.9,71.78,26.24,0.13,1
Jawa Barat,22.09,136,162.46,0.768,0.7546,0.0457,40.26,78.58,21.21,0.11,0
Jawa Tengah,25.79,174,148.25,0.6732,0.7487,0.05,30.75,72.07,20.14,0.1,0
Sulawesi Selatan,16.1,165,97.56,0.7464,0.6411,0.0294,25.94,66.03,13.78,0.07,0
DKI Jakarta,30.8,140,219.98,0.5937,0.6417,0.0486,62.43,94.68,21.1,0.11,0
Sumatera Utara,31.17,185,168.49,0.3584,1.0,0.0579,27.22,67.74,19.56,0.1,1
Sulawesi Selatan,18.34,174,105.4,0.4864,0.7081,0.0437,28.06,69.7,11.35,0.06,0
Bali,23.61,188,125.59,0.496,0.7605,0.0511,50.37,85.53,18.13,0.09,0
Banten,12.33,142,86.81,0.813,0.7221,0.0348,43.15,80.97,11.52,0.06,0
Sumatera Utara,30.84,161,191.53,0.6274,0.8001,0.0562,32.4,70.43,27.4,0.14,0
Banten,59.76,180,332.01,0.5592,0.5414,0.0057,44.51,80.68,43.1,0.22,0
Riau,13.61,157,86.7,0.662,0.6939,0.0554,25.84,65.22,8.19,0.04,0
Sulawesi Selatan,44.43,176,252.47,0.4756,0.7043,0.0646,25.9,64.73,25.15,0.13,1
Sumatera Utara,43.88,159,276.01,0.641,0.5841,0.025,27.88,68.49,35.75,0.18,0
Banten,11.97,140,85.48,0.4007,0.6806,0.0245,43.73,81.88,7.76,0.04,0
Sulawesi Selatan,8.96,149,60.15,0.7312,0.8004,0.0724,29.04,68.87,6.49,0.03,0
Jawa Timur,25.25,167,151.18,0.7859,0.5609,0.0477,35.91,74.79,19.77,0.1,0
DKI Jakarta,20.98,156,134.48,0.5514,0.5509,0.0095,63.05,94.27,16.57,0.08,0
Jawa Tengah,18.14,138,131.47,0.5342,0.3535,0.0356,33.26,71.43,9.6,0.05,1
Riau,38.53,146,263.89,0.6207,0.6561,0.0056,27.56,65.77,36.98,0.18,0
Banten,19.37,157,123.38,0.5615,0.7412,0.0355,45.68,79.19,9.6,0.05,1
Bali,81.58,150,543.84,0.5649,0.5018,0.0394,49.2,86.23,50.65,0.25,1
Riau,11.0,150,73.35,0.6171,0.6431,0.0523,27.25,65.54,7.88,0.04,0
Sumatera Utara,13.22,136,97.21,0.6717,0.7596,0.0406,30.09,68.51,9.02,0.05,0
Sulawesi Selatan,14.55,150,96.99,0.3447,0.6331,0.0719,28.71,66.81,7.91,0.04,0
Sumatera Selatan,21.64,162,133.59,0.7637,0.5897,0.0423,24.72,62.6,18.49,0.09,0
Jawa Barat,49.28,159,309.93,0.7285,0.8068,0.0019,42.11,77.21,38.43,0.19,0
Sumatera Selatan,13.16,151,87.17,0.3925,0.6438,0.0523,26.72,64.8,8.33,0.04,0
Riau,14.64,153,95.66,0.5454,0.6592,0.0422,26.27,64.78,11.94,0.06,0
Sulawesi Selatan,17.72,164,108.03,0.6767,0.6366,0.0366,28.99,67.99,16.12,0.08,0
DKI Jakarta,20.32,145,140.14,0.5674,0.7188,0.0611,61.39,92.34,12.35,0.06,0
Jawa Barat,25.58,161,158.88,0.8602,0.7655,0.0566,43.75,77.12,20.97,0.1,0
Bali,20.96,173,121.15,0.6584,0.6444,0.0227,49.37,84.2,18.44,0.09,0
Sulawesi Selatan,11.59,143,81.07,0.8977,0.7703,0.0454,27.38,67.43,6.46,0.03,0
Jawa Tengah,23.6,169,139.62,0.5931,0.7846,0.0704,33.09,72.39,17.87,0.09,0
Sulawesi Selatan,50.26,161,312.18,0.8153,0.8741,0.0415,27.57,70.21,39.87,0.2,0
DKI Jakarta,34.61,147,235.45,0.3551,0.5906,0.0142,62.41,91.78,25.33,0.13,1
Sumatera Selatan,19.01,162,117.37,0.7337,0.9364,0.0479,24.61,64.27,12.54,0.06,0
Jawa Timur,29.0,191,151.83,0.4062,0.6561,0.0338,36.5,76.0,21.97,0.11,0
Riau,31.74,168,188.95,0.5914,0.536,0.0407,23.72,64.66,23.64,0.12,1
Bali,34.05,147,231.64,0.6417,0.6171,0.0208,51.36,83.98,23.35,0.12,0
Sumatera Utara,49.52,150,330.13,0.8393,0.7859,0.0467,28.8,69.54,49.52,0.25,0
Jawa Tengah,28.52,170,167.76,0.7012,0.7034,0.0284,33.61,72.03,19.7,0.1,0
Sulawesi Selatan,12.17,143,85.13,0.6908,0.6212,0.0561,27.83,67.41,9.69,0.05,1
Jawa Tengah,12.64,172,73.51,0.6501,0.8855,0.067,34.56,70.84,8.68,0.04,0
Sumatera Utara,32.11,161,199.46,0.6702,0.639,0.0437,28.47,67.2,22.71,0.11,1
Jawa Barat,11.93,157,75.98,0.5598,0.6402,0.021,41.03,77.14,8.08,0.04,0
Bali,39.29,176,223.23,0.683,0.4242,0.0249,48.33,85.56,31.13,0.16,1
Sulawesi Selatan,19.57,178,109.96,0.6542,0.8268,0.0435,29.78,66.86,12.74,0.06,0
Jawa Timur,12.54,150,83.61,0.6223,0.8327,0.0464,37.1,73.97,7.61,0.04,1
Banten,30.64,161,190.33,0.6421,0.6423,0.0295,44.05,80.01,25.34,0.13,0
Banten,12.89,142,90.77,0.4133,0.7173,0.036,43.45,78.82,7.6,0.04,0
Sulawesi Selatan,31.3,168,186.3,0.4545,0.6796,0.0516,27.42,69.66,27.0,0.13,1
Riau,27.62,172,160.58,0.5734,0.7565,0.0614,27.72,65.45,19.24,0.1,1
DKI Jakarta,9.89,155,63.83,0.6475,0.6749,0.0398,61.03,94.45,5.1,0.03,0
Sumatera Selatan,50.71,164,309.2,0.6285,0.7067,0.0522,25.3,63.35,43.34,0.22,0
Banten,44.23,153,289.07,0.6318,0.8008,0.0399,45.16,80.49,34.72,0.17,0
DKI Jakarta,42.49,177,240.07,0.3906,0.7417,0.0463,62.72,95.05,30.1,0.15,0
Banten,35.45,146,242.83,0.4623,0.6761,0.027,43.82,79.84,29.44,0.15,0
DKI Jakarta,16.45,159,103.47,0.5076,0.783,0.0478,60.18,92.98,12.06,0.06,1
Jawa Tengah,46.2,172,268.59,0.6729,0.7116,0.0673,34.2,71.92,32.02,0.16,0
Sumatera Selatan,40.27,186,216.48,0.7538,0.6554,0.0473,21.91,63.17,32.7,0.16,0
Banten,9.84,165,59.63,0.3965,0.4861,0.0484,44.35,77.84,8.98,0.04,1
Banten,14.89,160,93.08,0.6217,0.7518,0.0222,44.18,77.27,11.64,0.06,0
Jawa Timur,14.91,146,102.11,0.5211,0.6571,0.0468,37.95,73.94,12.57,0.06,0
Bali,49.91,156,319.91,0.6477,0.9175,0.001,47.36,82.16,34.08,0.17,0
Jawa Tengah,14.24,153,93.07,0.8249,0.8556,0.0531,31.78,71.52,13.56,0.07,0
Sulawesi Selatan,18.0,163,110.46,0.4565,0.6066,0.0688,28.7,66.87,10.88,0.05,0
Jawa Timur,12.51,154,81.24,0.5768,0.758,0.0294,36.54,75.51,8.07,0.04,1
Jawa Timur,18.83,162,116.24,0.4735,0.8998,0.0352,33.77,76.25,11.91,0.06,0
Riau,36.4,145,251.02,0.7079,0.9094,0.0591,26.09,65.75,28.61,0.14,0
Sumatera Selatan,13.96,182,76.73,0.7052,0.8327,0.0236,27.01,63.62,13.78,0.07,0
Banten,28.31,152,186.27,0.4908,0.6343,0.0494,44.92,80.94,14.87,0.07,1
Riau,16.16,167,96.8,0.6732,0.8289,0.025,24.32,65.01,10.23,0.05,0
Banten,71.01,177,401.21,0.333,0.7746,0.0515,44.8,76.67,31.21,0.16,1
Sumatera Selatan,23.9,154,155.18,0.4206,0.8395,0.0351,25.77,61.01,17.94,0.09,0
Bali,25.44,181,140.53,0.6459,0.7274,0.001,46.11,85.1,21.55,0.11,0
Bali,16.06,145,110.75,0.6191,0.6087,0.019,48.27,84.74,12.01,0.06,0
Riau,25.63,157,163.24,0.8128,0.7958,0.0381,28.05,66.23,22.48,0.11,0
Jawa Tengah,11.44,152,75.27,0.5748,0.7126,0.0773,30.91,75.51,5.74,0.03,1
Riau,23.53,153,153.82,0.5477,0.985,0.0351,25.68,65.66,19.81,0.1,1
Riau,19.88,180,110.45,0.7236,0.7414,0.0257,25.78,65.29,13.64,0.07,0
Jawa Tengah,17.65,163,108.26,0.6036,0.5347,0.0462,32.58,72.52,11.77,0.06,1
Bali,75.34,170,443.15,0.2957,0.771,0.001,50.76,83.07,37.67,0.19,0
Sumatera Selatan,52.52,171,307.13,0.6687,0.7722,0.0655,26.13,64.01,32.42,0.16,0
Banten,49.74,157,316.82,0.6744,0.8451,0.0523,43.65,79.59,36.19,0.18,0
DKI Jakarta,36.84,162,227.38,0.3708,0.6925,0.0299,60.87,96.22,21.28,0.11,1
Sumatera Selatan,25.77,143,180.22,0.5635,0.5532,0.0545,26.21,61.18,15.55,0.08,1
Jawa Tengah,49.63,156,318.14,0.5877,0.5665,0.046,34.36,72.11,43.19,0.22,0
Sumatera Selatan,28.54,165,172.95,0.4027,0.6347,0.0373,24.27,62.35,17.92,0.09,1
Banten,31.77,158,201.09,0.6571,0.724,0.0509,45.08,78.52,21.89,0.11,0
Sumatera Selatan,49.59,163,304.25,0.4686,0.7359,0.0382,25.27,63.85,23.61,0.12,0
Bali,34.16,153,223.28,0.749,0.6684,0.0434,47.39,84.12,28.0,0.14,0
DKI Jakarta,27.53,150,183.55,0.6331,0.8055,0.0511,61.51,95.8,18.34,0.09,0
DKI Jakarta,30.48,138,220.86,0.6248,0.59,0.0325,62.41,93.56,20.05,0.1,0
Riau,27.1,175,154.88,0.5536,0.7489,0.0375,23.2,64.93,21.79,0.11,0
Banten,28.28,149,189.8,0.6042,0.9146,0.0166,43.59,82.22,15.57,0.08,1
Riau,34.93,175,199.59,0.3559,0.7151,0.0143,24.91,63.78,25.8,0.13,0
Jawa Barat,14.68,177,82.93,0.5434,0.5411,0.006,41.76,77.66,8.32,0.04,0
Bali,14.54,141,103.12,0.7162,0.7265,0.0473,47.01,80.79,10.97,0.05,0
Jawa Tengah,31.96,150,213.06,0.4441,0.7717,0.0337,33.84,71.56,16.24,0.08,0
Jawa Barat,24.42,156,156.51,0.6114,0.7579,0.0165,41.83,79.43,19.91,0.1,0
Banten,23.24,160,145.23,0.5677,0.9008,0.0323,43.95,80.29,18.37,0.09,0
Bali,28.38,167,169.91,0.8033,0.87,0.0188,49.4,84.67,22.54,0.11,0
DKI Jakarta,10.29,166,61.98,0.6419,0.5615,0.0437,63.29,93.15,7.23,0.04,0
Sumatera Utara,23.45,174,134.77,0.4294,0.734,0.0597,28.04,67.97,12.38,0.06,0
Bali,21.52,159,135.33,0.3863,0.8458,0.0665,48.75,84.02,17.98,0.09,0
Sumatera Utara,24.22,151,160.37,0.7271,0.9453,0.0369,27.38,68.19,15.73,0.08,0
DKI Jakarta,34.65,152,227.95,0.5418,0.6949,0.0365,61.36,94.41,30.87,0.15,0
Jawa Tengah,22.44,183,122.6,0.7255,0.7449,0.0039,35.57,71.68,22.44,0.11,0
Sumatera Utara,48.15,162,297.21,0.5845,0.6215,0.0108,28.1,68.23,30.17,0.15,1
Riau,14.84,160,92.76,0.7125,0.5983,0.0667,26.08,65.28,8.38,0.04,1
Jawa Barat,32.85,157,209.24,0.6764,0.7692,0.0435,41.38,77.79,23.2,0.12,0
Jawa Timur,19.72,173,113.99,0.6249,0.6496,0.0625,37.36,75.5,15.87,0.08,0
Jawa Barat,44.8,166,269.86,0.5065,0.7625,0.0023,40.68,77.07,32.19,0.16,0
Sumatera Utara,24.4,149,163.73,0.8501,0.7391,0.0385,27.73,68.42,20.4,0.1,0
Banten,13.09,156,83.93,0.8495,0.8374,0.0053,45.51,78.47,10.53,0.05,0
Riau,25.15,163,154.28,0.4036,0.8422,0.001,23.87,65.37,18.12,0.09,1
Jawa Timur,31.06,173,179.52,0.4919,0.794,0.0221,37.08,75.96,21.23,0.11,0
Sulawesi Selatan,28.23,172,164.11,0.7224,0.6751,0.0765,26.67,66.69,21.97,0.11,0
DKI Jakarta,25.43,147,173.02,0.7084,0.7414,0.0239,59.39,95.44,23.52,0.12,0
Jawa Tengah,22.43,171,131.17,0.2719,0.6395,0.065,33.08,74.25,18.98,0.09,0
DKI Jakarta,19.8,177,111.88,0.99,0.6645,0.0348,60.67,93.42,16.23,0.08,0
Bali,10.76,153,70.32,0.3856,0.7391,0.0646,46.7,84.33,7.15,0.04,0
Jawa Tengah,30.2,153,197.4,0.5611,0.765,0.0536,37.09,73.55,16.35,0.08,1
DKI Jakarta,30.36,160,189.78,0.5017,0.7305,0.0664,63.21,92.04,23.47,0.12,0
Sumatera Selatan,67.6,166,407.23,0.7625,0.6179,0.0305,25.15,63.14,49.27,0.25,0
Bali,25.4,177,143.53,0.6739,0.7221,0.0453,48.62,84.14,18.25,0.09,0
Bali,25.45,151,168.53,0.5198,0.7369,0.0424,46.91,85.58,16.51,0.08,0
Jawa Tengah,24.81,157,158.03,0.6858,0.6922,0.0908,32.95,71.81,19.76,0.1,0
DKI Jakarta,39.68,173,229.35,0.4883,0.7747,0.058,61.87,94.74,26.52,0.13,1
Jawa Tengah,17.94,157,114.24,0.767,0.5634,0.0371,30.31,71.11,14.76,0.07,0
Jawa Barat,25.28,160,158.0,0.493,0.5399,0.0807,44.19,79.74,19.0,0.09,0
Sumatera Selatan,23.61,159,148.51,0.6517,0.6688,0.0823,24.17,61.75,13.55,0.07,0
Jawa Timur,34.8,162,214.83,0.8127,0.7137,0.0271,35.55,76.44,30.32,0.15,0
Banten,72.39,149,485.84,0.6188,0.7385,0.0456,44.28,79.89,32.73,0.16,1
Riau,28.75,166,173.2,0.5484,0.8605,0.0324,24.03,62.57,21.62,0.11,0
Banten,12.4,163,76.07,0.7322,0.7076,0.0085,42.69,79.88,9.66,0.05,0
Jawa Tengah,15.24,179,85.14,0.5578,0.6059,0.0437,35.5,72.83,11.58,0.06,0
Jawa Tengah,42.39,167,253.86,0.0862,0.8415,0.001,32.42,70.62,29.98,0.15,1
Jawa Tengah,11.3,162,69.78,0.6043,0.7383,0.0416,33.17,71.08,9.5,0.05,0
Jawa Barat,26.13,152,171.92,0.558,0.5622,0.039,41.66,78.71,19.14,0.1,0
Sumatera Utara,17.16,166,103.38,0.7816,0.6212,0.0387,28.14,67.59,12.99,0.06,1
Jawa Tengah,97.65,153,638.26,0.3412,0.785,0.0357,32.39,72.5,31.97,0.16,0
Riau,14.06,168,83.71,0.5263,0.8257,0.0314,29.5,65.15,7.44,0.04,0
Jawa Timur,15.79,148,106.68,0.388,0.6161,0.0058,35.69,73.82,12.32,0.06,0
Banten,35.51,162,219.18,0.7432,0.5926,0.012,42.76,82.59,29.5,0.15,0
Bali,20.66,158,130.73,0.7355,0.696,0.0389,49.44,84.09,18.45,0.09,0
Riau,17.36,167,103.92,0.15,0.6113,0.039,24.17,65.55,8.03,0.04,1
Jawa Tengah,15.64,168,93.08,0.7308,0.6602,0.0572,34.73,74.23,11.74,0.06,0
DKI Jakarta,16.57,155,106.93,0.3597,0.5949,0.0305,62.1,95.24,8.74,0.04,1
Sumatera Selatan,15.67,164,95.55,0.8357,0.8044,0.0185,24.49,63.76,12.64,0.06,0
Jawa Timur,21.4,147,145.59,0.7402,0.5579,0.0338,37.24,76.67,19.3,0.1,0
DKI Jakarta,69.82,170,410.7,0.773,0.7041,0.001,61.89,94.86,51.05,0.26,1
Riau,77.67,175,443.84,0.7484,0.6729,0.0435,27.47,66.06,47.16,0.24,0
Bali,74.72,170,439.53,0.658,0.8386,0.0514,49.67,85.18,59.42,0.3,0
Riau,20.74,151,137.38,0.6047,0.7137,0.0664,26.87,65.2,11.85,0.06,1
Bali,34.08,161,211.7,0.5546,0.8634,0.0455,46.43,85.79,24.2,0.12,0
Jawa Barat,24.67,158,156.13,0.6187,0.8185,0.0174,40.98,79.41,17.67,0.09,0
Bali,16.68,168,99.27,0.8093,0.7571,0.0262,48.53,81.74,13.21,0.07,0
Jawa Timur,11.25,170,66.16,0.4027,0.9529,0.0363,39.41,76.42,7.61,0.04,1
Sumatera Utara,12.03,179,67.21,0.6723,0.7367,0.0259,26.28,67.25,10.26,0.05,0
Jawa Tengah,26.92,170,158.36,0.4127,0.6916,0.0165,32.24,72.39,16.04,0.08,0
Riau,13.44,171,78.62,0.1922,0.6925,0.0278,27.72,63.39,8.47,0.04,0
Bali,16.56,165,100.39,0.4081,0.7722,0.0593,47.29,83.8,13.93,0.07,0
Sulawesi Selatan,27.55,156,176.62,0.4917,0.6191,0.0474,26.91,67.36,19.89,0.1,0
Jawa Tengah,8.91,162,54.98,0.556,0.6535,0.057,35.71,72.74,5.75,0.03,1
Banten,48.04,151,318.16,0.453,0.7857,0.0242,44.65,79.09,34.06,0.17,0
Bali,28.13,187,150.43,0.9266,0.7799,0.0674,49.99,81.9,23.86,0.12,0
Jawa Timur,18.78,154,121.95,0.6633,0.8493,0.0469,37.88,74.81,12.63,0.06,1
Bali,16.93,157,107.85,0.7513,0.7731,0.048,48.88,84.04,13.06,0.07,0
Sumatera Utara,25.72,138,186.38,0.5535,0.7641,0.0388,28.54,68.96,17.4,0.09,1
Sumatera Utara,15.64,168,93.11,0.7557,0.6953,0.001,29.73,68.38,13.45,0.07,0
Sulawesi Selatan,48.12,164,293.39,0.6274,0.5883,0.0675,26.63,66.88,29.46,0.15,0
Bali,34.42,150,229.5,0.5671,0.6045,0.0461,51.3,84.83,27.22,0.14,1
Sulawesi Selatan,19.28,186,103.67,0.592,0.7563,0.0196,27.1,70.0,15.26,0.08,0
DKI Jakarta,22.35,168,133.02,0.652,0.5066,0.0814,63.93,95.6,18.53,0.09,0
Jawa Barat,38.45,139,276.59,0.5994,0.6473,0.0403,42.26,76.31,32.68,0.16,0
Jawa Barat,29.88,166,180.0,0.5026,0.6639,0.0325,40.68,81.57,22.25,0.11,0
Sumatera Utara,21.89,167,131.09,0.5129,0.812,0.0204,29.13,69.62,15.32,0.08,0
Banten,16.75,163,102.74,0.6526,0.6651,0.0274,44.29,81.7,11.97,0.06,1
Jawa Tengah,22.17,160,138.59,0.8082,0.6464,0.0078,30.55,70.28,17.99,0.09,0
Riau,16.89,141,119.81,0.7283,0.8663,0.031,25.97,64.9,16.75,0.08,0
Jawa Tengah,28.6,167,171.27,0.5981,0.833,0.0374,31.33,72.81,25.88,0.13,0
Sulawesi Selatan,18.72,149,125.65,0.5725,0.6707,0.051,28.66,66.45,10.88,0.05,0
Jawa Timur,14.32,154,93.0,0.6513,0.7833,0.0036,36.59,76.03,8.66,0.04,0
Banten,42.08,162,259.74,0.5659,0.6603,0.0239,45.42,81.76,32.62,0.16,1
DKI Jakarta,31.71,164,193.35,0.3661,0.6454,0.0153,61.35,93.8,18.76,0.09,1
DKI Jakarta,14.41,157,91.78,0.5801,0.7565,0.0581,60.46,96.24,8.85,0.04,0
Jawa Barat,19.74,179,110.3,0.5955,0.6911,0.0534,39.89,79.44,11.53,0.06,1
Jawa Barat,32.08,152,211.03,0.4312,0.641,0.0018,44.53,76.37,21.88,0.11,1
DKI Jakarta,17.62,179,98.46,0.6954,0.8453,0.0344,66.94,93.16,15.72,0.08,0
Banten,21.42,159,134.72,0.4457,0.6542,0.068,47.1,81.13,11.73,0.06,1
Sumatera Selatan,20.07,158,127.06,0.3974,0.8277,0.0547,21.99,61.86,14.88,0.07,0
Riau,15.25,147,103.73,0.5476,0.7447,0.033,24.03,66.7,9.78,0.05,0
Bali,12.85,144,89.27,0.6604,0.8927,0.0485,47.1,85.23,8.98,0.04,0
Sumatera Utara,24.95,175,142.58,0.4449,0.6311,0.0559,29.56,68.57,21.51,0.11,0
Jawa Barat,16.26,172,94.53,0.5139,0.8481,0.0752,44.66,77.91,12.93,0.06,0
Bali,17.81,162,109.96,0.4601,0.83,0.0313,50.06,84.86,10.24,0.05,1
Bali,35.91,158,227.28,0.2448,0.6185,0.0672,48.98,86.52,21.02,0.11,1
Jawa Tengah,16.23,156,104.02,0.687,0.8778,0.029,31.81,71.63,12.11,0.06,0
Bali,30.14,163,184.88,0.584,0.837,0.028,48.27,85.23,14.21,0.07,1
Sumatera Utara,35.16,146,240.8,0.7076,0.7017,0.0363,28.53,70.61,28.17,0.14,0
Jawa Timur,21.4,154,138.95,0.7071,0.6574,0.0432,38.12,75.71,16.36,0.08,0
Jawa Barat,28.12,148,189.99,0.8477,0.7991,0.0551,40.75,78.01,20.63,0.1,0
Sulawesi Selatan,14.65,150,97.66,0.7942,0.7863,0.0381,28.5,67.2,11.18,0.06,0
Riau,31.97,149,214.56,0.7521,0.601,0.0298,26.51,62.9,27.24,0.14,0
Banten,36.3,178,203.94,0.7575,0.7152,0.0229,44.25,78.35,30.83,0.15,0
Sumatera Selatan,52.44,166,315.91,0.5494,0.7907,0.0519,23.71,63.51,50.47,0.25,0
Sumatera Selatan,41.65,154,270.47,0.4993,0.7758,0.0408,24.48,64.26,21.35,0.11,1
Sumatera Utara,29.8,178,167.4,0.6185,0.8136,0.0459,28.26,67.69,26.19,0.13,0
Jawa Tengah,103.88,157,661.64,0.7239,0.7223,0.0479,32.03,73.25,85.71,0.43,0
Banten,30.79,133,231.49,0.412,0.7401,0.0679,45.43,80.87,17.43,0.09,1
Riau,47.44,166,285.79,0.3311,0.8717,0.0624,28.46,64.48,29.83,0.15,1
Jawa Barat,19.8,169,117.14,0.544,0.6649,0.055,41.76,77.89,13.6,0.07,1
Jawa Barat,17.5,143,122.39,0.6967,0.6234,0.037,41.43,76.98,12.98,0.06,1
Sulawesi Selatan,26.58,175,151.9,0.4792,0.8433,0.0144,29.04,68.69,10.74,0.05,0
Sumatera Utara,17.4,190,91.59,0.6225,0.834,0.0304,28.68,68.2,15.05,0.08,0
Riau,25.83,173,149.3,0.6238,0.7022,0.0382,27.81,66.47,19.64,0.1,0
Banten,22.27,155,143.68,0.6074,0.7929,0.0263,44.26,79.73,13.17,0.07,0
Bali,42.0,162,259.28,0.3441,0.5563,0.0513,49.58,83.37,26.56,0.13,0
Jawa Timur,40.47,150,269.77,0.8123,0.7257,0.0413,39.4,76.34,32.45,0.16,0
DKI Jakarta,21.95,141,155.67,0.498,0.6524,0.022,64.3,91.82,16.63,0.08,0
Sumatera Selatan,18.69,153,122.16,0.6586,0.3247,0.0672,24.06,62.7,12.81,0.06,1
Jawa Tengah,59.78,157,380.78,0.3724,0.708,0.0488,34.82,71.17,51.32,0.26,1
Sumatera Selatan,11.81,160,73.8,0.6627,0.7971,0.042,22.7,64.93,9.02,0.05,0
Banten,12.61,173,72.89,0.3689,0.8088,0.0618,43.8,81.9,7.74,0.04,0
Jawa Timur,30.32,162,187.13,0.6362,0.568,0.0243,38.05,75.91,22.23,0.11,0
Sumatera Utara,22.65,160,141.56,0.4605,0.7246,0.0275,30.69,67.51,18.69,0.09,0
Banten,19.92,158,126.05,0.4583,0.831,0.0328,42.97,81.87,9.88,0.05,1
Banten,10.75,164,65.55,0.6467,0.6062,0.0505,44.06,78.96,10.44,0.05,0
Jawa Tengah,17.51,181,96.74,0.5313,0.6401,0.0466,33.2,70.44,12.35,0.06,0
Jawa Timur,49.91,156,319.94,0.5312,0.5963,0.1026,36.66,73.02,28.24,0.14,1
Jawa Timur,53.01,182,291.26,0.7864,0.9006,0.0206,34.98,75.52,39.98,0.2,0
Banten,40.31,183,220.27,0.6114,0.6412,0.0417,44.85,77.74,30.55,0.15,0
Sulawesi Selatan,18.2,183,99.46,0.5273,0.7141,0.0347,25.99,69.5,12.39,0.06,0
Jawa Timur,18.18,146,124.5,0.4379,0.677,0.0489,38.51,74.7,10.57,0.05,0
Riau,20.23,168,120.44,0.6405,0.7116,0.0574,28.12,63.86,18.75,0.09,0
DKI Jakarta,13.35,126,105.95,0.5649,0.668,0.0447,61.44,95.54,10.82,0.05,0
DKI Jakarta,16.0,142,112.66,0.6351,0.6811,0.0474,60.5,95.25,11.27,0.06,1
Riau,22.44,161,139.37,0.5052,0.7414,0.0328,26.05,67.4,17.02,0.09,0
Riau,11.87,158,75.13,0.7185,0.693,0.0727,25.32,63.36,10.68,0.05,0
Sumatera Selatan,41.04,151,271.78,0.6888,0.7822,0.0306,23.99,60.81,25.26,0.13,0
Sumatera Utara,23.16,169,137.02,0.6673,0.7016,0.001,28.54,70.07,18.73,0.09,0
Jawa Timur,18.73,163,114.9,0.6736,0.7019,0.028,35.4,72.03,10.56,0.05,0
DKI Jakarta,10.9,151,72.19,0.5723,0.7868,0.0877,64.89,92.74,7.47,0.04,0
Sulawesi Selatan,36.19,165,219.35,0.5921,0.617,0.0163,26.94,67.87,23.75,0.12,0
Jawa Barat,13.95,155,90.02,0.7237,0.6788,0.0496,42.9,77.0,9.3,0.05,0
Sulawesi Selatan,29.59,158,187.25,0.3353,0.8105,0.024,26.57,68.05,24.25,0.12,0
Jawa Tengah,14.3,148,96.63,0.5954,0.7908,0.0493,33.29,70.72,10.19,0.05,0
Sumatera Utara,26.53,171,155.12,0.5969,0.7268,0.0621,29.08,69.75,22.3,0.11,0
DKI Jakarta,12.52,154,81.29,0.4696,0.7988,0.0308,62.6,95.06,6.42,0.03,0
Sumatera Selatan,20.75,154,134.71,0.6129,0.9654,0.0656,23.92,63.43,15.37,0.08,0
Banten,25.8,183,140.98,0.5785,0.7336,0.0617,43.36,79.37,15.19,0.08,1
Sumatera Utara,27.33,172,158.88,0.7452,0.6996,0.0464,27.79,66.96,21.49,0.11,0
Jawa Barat,34.72,150,231.45,0.7997,0.6786,0.0386,40.49,78.44,23.29,0.12,0
Jawa Tengah,30.12,158,190.65,0.7431,0.6922,0.0355,33.7,70.62,25.85,0.13,0
Banten,52.32,156,335.38,0.6128,0.4161,0.0237,46.85,82.1,40.18,0.2,0
DKI Jakarta,11.32,148,76.51,0.776,0.8134,0.0175,62.94,94.58,7.13,0.04,0
Sumatera Selatan,73.99,164,451.15,0.8042,0.7074,0.0517,25.19,62.06,44.5,0.22,1
Jawa Timur,36.27,152,238.6,0.3208,0.8474,0.0469,38.42,77.28,26.77,0.13,0
Sumatera Selatan,19.38,164,118.18,0.5594,0.6594,0.0483,23.62,63.04,14.1,0.07,0
Jawa Barat,39.93,163,244.95,0.3843,0.5137,0.0602,38.79,80.28,36.1,0.18,1
DKI Jakarta,67.25,179,375.69,0.5496,0.7622,0.0395,62.4,95.84,53.78,0.27,0
Sulawesi Selatan,42.42,162,261.88,0.6178,0.7498,0.0667,29.18,68.32,28.42,0.14,1
Jawa Tengah,13.92,151,92.19,0.2368,0.7803,0.0074,36.22,70.58,9.13,0.05,0
Sulawesi Selatan,23.33,156,149.54,0.6165,0.6772,0.0759,26.43,67.1,14.68,0.07,0
Riau,35.44,164,216.11,0.7478,0.5293,0.0394,27.75,69.71,31.38,0.16,0
Sumatera Utara,22.64,157,144.24,0.6477,0.7397,0.0259,28.79,67.54,13.62,0.07,0
Riau,25.65,140,183.21,0.5154,0.7536,0.0378,25.52,65.09,15.0,0.08,1
Sumatera Utara,30.97,163,189.98,0.8817,0.684,0.0716,26.83,67.63,25.56,0.13,0
Jawa Timur,14.66,159,92.22,0.5258,0.9281,0.0268,35.92,74.27,11.88,0.06,0
Sulawesi Selatan,44.52,157,283.58,0.6176,0.8418,0.042,28.76,68.64,32.68,0.16,0
DKI Jakarta,26.53,173,153.37,0.5009,1.0,0.0193,64.23,92.59,17.05,0.09,0
Sumatera Selatan,24.07,168,143.29,0.4675,0.4285,0.048,20.21,62.1,18.02,0.09,0
Riau,16.39,171,95.83,0.6785,0.6718,0.0651,26.87,65.77,12.45,0.06,0
Jawa Barat,23.68,182,130.09,0.8055,0.7314,0.0457,40.64,78.3,17.87,0.09,0
Riau,38.34,161,238.16,0.6728,0.6528,0.0328,25.38,65.6,21.48,0.11,0
Sulawesi Selatan,28.93,175,165.31,0.9008,0.6757,0.0318,28.52,67.76,20.5,0.1,0
Jawa Tengah,33.09,157,210.78,0.3901,0.7055,0.0422,36.08,70.69,17.98,0.09,1
Sumatera Utara,23.91,166,144.06,0.8071,0.6687,0.051,27.32,69.96,19.04,0.1,1
Jawa Timur,23.88,156,153.1,0.7215,0.8957,0.0574,36.66,76.77,19.42,0.1,0
DKI Jakarta,10.98,156,70.37,0.5924,0.7844,0.0192,60.04,93.05,5.5,0.03,0
DKI Jakarta,28.94,162,178.67,0.5576,0.9119,0.0303,63.06,94.77,20.0,0.1,1
Jawa Barat,19.83,149,133.1,0.6376,0.7338,0.069,40.46,78.01,19.23,0.1,0
Riau,24.42,142,171.99,0.6206,0.6872,0.05,28.46,66.7,20.63,0.1,0
Sumatera Selatan,8.94,153,58.43,0.7113,0.7575,0.043,24.84,64.13,7.11,0.04,0
DKI Jakarta,97.53,168,580.56,0.743,0.6546,0.0557,61.98,95.71,76.13,0.38,0
Jawa Barat,24.77,163,151.99,0.3515,0.5699,0.001,41.09,77.46,11.66,0.06,1
Bali,30.76,166,185.3,0.4735,0.7899,0.0535,49.25,82.87,21.65,0.11,0
Bali,29.24,164,178.3,0.521,0.6463,0.0905,49.74,82.27,16.57,0.08,0
Sumatera Utara,20.46,163,125.52,0.4309,0.8596,0.0415,26.65,71.41,12.02,0.06,0
Sumatera Selatan,31.22,172,181.49,0.7235,0.6834,0.0456,24.08,64.19,20.31,0.1,0
Jawa Tengah,45.27,166,272.72,0.6833,0.7583,0.0335,33.2,73.59,34.12,0.17,0
DKI Jakarta,25.48,159,160.23,0.51,0.6506,0.0209,62.72,92.48,20.69,0.1,0
Sulawesi Selatan,37.22,163,228.36,0.5492,0.5372,0.0301,29.86,68.56,19.8,0.1,1
Jawa Timur,37.24,171,217.76,0.7758,0.8072,0.0579,34.66,73.33,25.92,0.13,0
Jawa Timur,35.6,169,210.65,0.7303,0.7163,0.0513,38.23,75.95,26.44,0.13,0
Sumatera Utara,62.24,158,393.9,0.7685,0.6457,0.0226,28.95,68.22,43.84,0.22,0
Riau,29.07,166,175.14,0.5625,0.8049,0.0274,25.35,65.04,12.52,0.06,0
DKI Jakarta,22.71,161,141.04,0.6617,0.7678,0.0277,63.61,93.55,15.32,0.08,0
Sumatera Utara,22.23,155,143.45,0.7002,0.8291,0.0433,27.83,69.61,20.79,0.1,0
Sumatera Utara,30.47,169,180.27,0.6034,0.8496,0.036,25.68,67.57,28.11,0.14,0
Sumatera Selatan,14.06,178,78.98,0.4839,0.7336,0.0386,19.15,64.72,7.09,0.04,1
Sulawesi Selatan,47.49,155,306.37,0.4305,0.9088,0.0185,26.08,67.74,33.34,0.17,0
Sumatera Selatan,20.8,160,129.97,0.8033,0.636,0.0725,23.48,63.55,18.48,0.09,0
Riau,21.84,156,139.98,0.6216,0.7295,0.046,26.36,66.06,15.32,0.08,0
Bali,12.65,157,80.59,0.5784,0.9006,0.0295,49.6,85.05,9.62,0.05,0
Banten,26.46,171,154.76,0.356,0.6469,0.0241,43.71,80.07,10.78,0.05,1
DKI Jakarta,13.25,168,78.88,0.7877,0.8621,0.0323,60.28,96.78,9.24,0.05,0
Bali,10.32,149,69.28,0.3923,0.5854,0.0634,48.13,85.85,7.26,0.04,1
Sulawesi Selatan,17.89,173,103.41,0.6164,0.6883,0.0702,27.57,64.73,13.89,0.07,0
Sulawesi Selatan,21.81,168,129.8,0.6198,0.8082,0.0273,30.51,67.55,16.1,0.08,0
Sulawesi Selatan,15.23,156,97.63,0.626,0.8835,0.0312,28.74,69.58,9.07,0.05,1
Sulawesi Selatan,25.05,148,169.24,0.5466,0.6544,0.0066,25.42,66.82,19.09,0.1,0
Riau,47.64,171,278.59,0.7417,0.6225,0.0078,25.63,65.41,30.23,0.15,1
DKI Jakarta,26.49,162,163.51,0.7561,0.7685,0.0427,63.44,94.3,21.16,0.11,0
Sumatera Selatan,8.74,153,57.14,0.6352,0.8677,0.0337,24.33,65.01,4.84,0.02,0
DKI Jakarta,25.99,179,145.17,0.768,0.4889,0.0328,59.96,92.94,17.9,0.09,1
Jawa Barat,31.55,160,197.17,0.7849,0.8494,0.0301,42.73,77.52,31.5,0.16,0
Riau,18.71,153,122.3,0.3514,0.554,0.0464,26.65,66.01,11.75,0.06,0
Sulawesi Selatan,27.49,160,171.84,0.7156,0.7486,0.0426,27.66,68.21,22.97,0.11,0
Jawa Tengah,26.79,160,167.44,0.4744,0.8259,0.0608,31.99,72.73,26.7,0.13,0
Jawa Barat,11.77,134,87.81,0.5121,0.7699,0.092,43.02,78.99,9.32,0.05,0
Sumatera Utara,45.15,164,275.31,0.6426,0.8809,0.0186,25.68,68.06,31.35,0.16,1
Jawa Timur,20.85,164,127.13,0.7177,0.7026,0.0153,34.47,76.07,14.06,0.07,0
Bali,22.7,182,124.75,0.5735,0.7894,0.0723,47.6,84.75,15.35,0.08,0
Jawa Barat,28.95,157,184.37,0.6451,0.7923,0.0388,41.95,78.3,18.85,0.09,0
Sulawesi Selatan,11.21,157,71.38,0.8347,0.7173,0.0561,25.85,67.72,9.23,0.05,0
Jawa Tengah,50.4,177,284.72,0.6828,0.7521,0.0176,32.38,71.45,40.28,0.2,0
Jawa Timur,15.06,163,92.39,0.8207,0.5571,0.0188,36.29,74.55,10.58,0.05,0
Riau,66.57,173,384.79,0.6157,0.8127,0.0573,26.61,66.07,53.77,0.27,0
Bali,42.75,162,263.86,0.4964,0.891,0.015,48.28,82.93,30.29,0.15,0
Banten,16.06,176,91.27,0.5703,0.7845,0.0687,43.69,80.63,7.71,0.04,0
Sumatera Utara,27.23,157,173.41,0.6122,0.9573,0.0569,27.34,67.88,15.29,0.08,0
Riau,18.6,199,93.47,0.743,0.757,0.0263,27.73,65.28,12.99,0.06,0
Riau,14.53,165,88.05,0.4261,0.729,0.0712,27.09,65.19,7.51,0.04,1
Sumatera Selatan,7.87,151,52.15,0.4005,0.7404,0.0509,25.24,63.7,3.44,0.02,0
Jawa Barat,33.87,167,202.79,0.39,0.8214,0.036,40.33,80.38,23.16,0.12,1
Sulawesi Selatan,18.9,161,117.4,0.4611,0.8013,0.0419,27.13,69.96,17.88,0.09,0
DKI Jakarta,35.14,160,219.61,0.4752,0.741,0.0014,63.11,95.46,19.24,0.1,0
Jawa Tengah,25.93,158,164.11,0.3755,0.7962,0.0133,32.32,72.19,14.29,0.07,0
Sumatera Selatan,13.45,161,83.53,0.4565,0.8014,0.0555,22.91,64.06,8.08,0.04,1
Jawa Tengah,34.17,151,226.26,0.7521,0.7215,0.0444,33.63,69.67,20.66,0.1,0
Sumatera Utara,31.12,163,190.93,0.8178,0.8353,0.0693,26.44,68.93,21.91,0.11,0
Jawa Barat,19.86,171,116.13,0.4248,0.6862,0.048,41.19,79.07,10.69,0.05,0
Bali,38.66,159,243.13,0.6948,0.7045,0.0161,50.04,82.65,28.27,0.14,0
Jawa Timur,21.17,165,128.31,0.6625,0.7275,0.0194,37.02,74.7,14.36,0.07,0
Jawa Barat,15.93,158,100.82,0.7093,0.6289,0.0237,39.93,78.93,11.81,0.06,0
Jawa Barat,21.34,160,133.37,0.647,0.6847,0.0283,42.21,79.06,14.84,0.07,0
Jawa Barat,18.6,152,122.34,0.4751,0.7525,0.0431,40.6,79.75,13.72,0.07,0
Sumatera Selatan,11.38,152,74.88,0.7516,0.6742,0.0638,25.57,65.1,7.98,0.04,1
DKI Jakarta,8.6,172,49.98,0.7431,0.9053,0.0526,63.16,94.02,7.96,0.04,0
Sumatera Utara,60.09,171,351.39,0.5771,0.7942,0.0653,27.88,66.83,45.22,0.23,0
Riau,41.03,155,264.7,0.7453,0.7426,0.0481,24.98,66.39,28.24,0.14,0
Jawa Timur,49.59,155,319.97,0.5644,0.7644,0.0316,35.53,76.95,35.6,0.18,0
Riau,39.97,171,233.76,0.5576,0.6136,0.0123,29.98,66.92,34.24,0.17,0
Jawa Tengah,18.93,158,119.79,0.7391,0.6188,0.0526,29.76,72.66,14.18,0.07,0
Banten,21.76,162,134.33,0.4183,0.926,0.0381,41.46,82.2,12.05,0.06,0
DKI Jakarta,20.38,187,108.96,0.4168,0.8239,0.0559,64.05,93.87,12.69,0.06,0
Jawa Barat,28.77,149,193.12,0.7234,0.7316,0.0279,42.83,80.52,25.53,0.13,0
Jawa Barat,29.45,158,186.38,0.6782,0.5859,0.0727,42.04,77.21,18.96,0.09,1
DKI Jakarta,18.96,153,123.92,0.7884,0.5197,0.0728,59.41,91.48,13.57,0.07,0
Jawa Timur,26.91,147,183.05,0.3884,0.5206,0.0226,37.61,73.99,13.56,0.07,0
Jawa Tengah,41.92,156,268.73,0.6651,0.5998,0.0466,31.73,71.41,28.28,0.14,0
Jawa Tengah,23.85,163,146.3,0.2963,0.7866,0.0086,33.05,72.1,15.17,0.08,0
DKI Jakarta,13.16,154,85.45,0.647,0.902,0.0236,63.01,93.08,8.4,0.04,0
Sumatera Selatan,29.01,157,184.8,0.516,0.6982,0.0225,25.06,63.25,18.92,0.09,1
Sulawesi Selatan,13.75,165,83.33,0.6338,0.9006,0.0279,26.92,68.58,7.38,0.04,0
Sumatera Selatan,15.87,159,99.79,0.5015,0.6865,0.0346,26.23,63.52,11.78,0.06,0
Jawa Barat,26.61,158,168.41,0.7221,0.757,0.0244,42.72,78.43,24.69,0.12,0
Sumatera Selatan,36.4,181,201.13,0.5725,0.645,0.0431,22.86,64.54,22.08,0.11,1
Jawa Tengah,25.05,163,153.66,0.6645,0.4586,0.0094,32.48,71.14,19.83,0.1,0
Jawa Timur,14.4,158,91.17,0.6859,0.7833,0.0599,35.66,75.11,10.88,0.05,0
Sumatera Selatan,108.73,162,671.17,0.5799,0.8153,0.0187,24.21,62.44,69.05,0.35,0
Jawa Tengah,20.38,179,113.85,0.6271,0.7288,0.0369,34.14,72.88,17.6,0.09,1
Sulawesi Selatan,29.36,159,184.65,0.5734,0.7851,0.0315,25.12,67.29,22.97,0.11,0
Bali,18.03,163,110.58,0.7053,0.6953,0.0606,45.72,84.98,14.32,0.07,0
Riau,15.72,167,94.14,0.6889,0.7035,0.0334,24.85,66.38,12.58,0.06,0
Sumatera Utara,24.21,161,150.36,0.5934,0.7611,0.0692,30.43,67.59,13.23,0.07,0
Jawa Tengah,17.37,147,118.19,0.7471,0.8103,0.0472,33.56,70.18,13.55,0.07,0
Riau,24.12,157,153.66,0.5502,0.8706,0.0213,28.47,65.13,18.7,0.09,1
Banten,17.01,159,106.98,0.454,0.6474,0.0357,43.87,78.85,12.78,0.06,1
Riau,24.14,154,156.74,0.644,0.8597,0.0391,24.84,64.63,15.41,0.08,0
DKI Jakarta,16.39,160,102.46,0.5346,0.6656,0.0547,59.89,91.23,12.66,0.06,0
Jawa Timur,41.6,162,256.8,0.4642,0.6666,0.0434,35.56,73.46,36.46,0.18,0
Jawa Barat,29.29,172,170.29,0.4888,0.6686,0.0356,40.57,79.56,19.69,0.1,0
Banten,21.34,155,137.7,0.8553,0.7349,0.0247,40.46,78.68,13.53,0.07,0
Sumatera Selatan,26.01,179,145.32,0.427,0.7071,0.0496,23.04,64.49,14.54,0.07,0
Jawa Barat,20.73,170,121.91,0.5117,0.8254,0.0329,40.23,77.74,14.79,0.07,0
Bali,26.44,170,155.53,0.3042,0.8061,0.0256,48.73,85.08,16.29,0.08,0
Bali,49.16,152,323.44,0.4495,0.5873,0.0194,48.64,84.2,41.52,0.21,1
Jawa Tengah,16.35,147,111.25,0.4687,0.7733,0.0605,33.68,72.88,11.04,0.06,0
Jawa Barat,22.87,144,158.79,0.3387,0.5144,0.0103,39.07,78.3,16.16,0.08,0
Sumatera Selatan,15.45,152,101.67,0.5374,0.6227,0.0496,22.6,63.36,8.38,0.04,0
Sumatera Selatan,7.86,150,52.41,0.5345,0.8037,0.0404,25.69,64.58,7.25,0.04,0
Riau,28.87,144,200.52,0.3811,0.7843,0.0291,25.71,65.97,16.62,0.08,1
Jawa Barat,42.67,166,257.07,0.7179,0.6659,0.0257,42.77,77.77,28.13,0.14,0
Sumatera Utara,31.99,175,182.81,0.927,0.8208,0.0404,28.19,65.95,23.05,0.12,0
Jawa Tengah,84.98,164,518.15,0.7293,0.841,0.0293,33.48,71.97,84.98,0.42,0
Jawa Tengah,20.65,168,122.92,0.6352,0.7293,0.0285,33.99,72.62,14.29,0.07,0
Sumatera Utara,15.07,157,96.0,0.776,0.6211,0.0599,27.57,68.38,10.02,0.05,0
Sulawesi Selatan,42.47,156,272.24,0.5926,0.5878,0.0369,26.9,66.75,29.82,0.15,0
Jawa Barat,42.53,151,281.63,0.3857,0.744,0.0401,40.48,78.78,28.53,0.14,1
Jawa Tengah,40.01,154,259.84,0.6597,0.8485,0.024,33.08,72.89,27.54,0.14,0
Jawa Tengah,13.1,148,88.53,0.4662,0.7867,0.0599,34.06,73.77,9.75,0.05,0
Jawa Tengah,15.73,150,104.89,0.6476,0.5558,0.0644,32.59,71.83,15.66,0.08,0
Sulawesi Selatan,12.59,179,70.35,0.4607,0.5932,0.0444,29.63,70.75,9.98,0.05,0
Jawa Barat,68.36,162,421.95,0.4578,0.773,0.0685,44.12,80.34,26.21,0.13,1
Jawa Barat,14.53,153,94.96,0.6741,0.8614,0.0291,40.18,78.8,11.63,0.06,0
Riau,15.61,186,83.91,0.6527,0.6283,0.0584,27.88,65.71,11.8,0.06,0
Jawa Timur,24.77,178,139.14,0.5422,0.65,0.0324,36.77,77.07,21.82,0.11,0
Sulawesi Selatan,24.08,155,155.37,0.5433,0.4602,0.0304,28.47,66.64,14.8,0.07,1
Sumatera Utara,36.91,179,206.23,0.5489,0.834,0.068,28.2,67.24,25.64,0.13,0
Jawa Barat,22.39,163,137.37,0.3633,0.8574,0.0327,43.33,77.05,10.78,0.05,1
Banten,15.66,148,105.83,0.8084,0.5743,0.0209,44.62,79.49,12.14,0.06,0
Jawa Barat,20.3,168,120.83,0.6706,0.8381,0.0037,40.98,77.57,14.38,0.07,0
Banten,16.0,146,109.6,0.571,0.4479,0.0402,43.47,79.37,14.37,0.07,0
Sulawesi Selatan,50.08,164,305.38,0.5573,0.6575,0.0195,26.1,67.76,38.93,0.19,0
Banten,23.95,164,146.05,0.6212,0.8442,0.0795,43.24,78.15,11.29,0.06,0
Riau,35.09,173,202.84,0.4736,0.6749,0.0748,27.93,67.04,22.34,0.11,0
Jawa Timur,21.94,166,132.17,0.7005,0.3912,0.001,38.42,76.83,15.1,0.08,1
Sulawesi Selatan,8.73,133,65.61,0.5471,0.7493,0.0727,26.94,67.25,4.72,0.02,0
Sumatera Utara,55.05,157,350.64,0.5178,0.7259,0.0244,26.75,69.98,46.81,0.23,0
Sumatera Selatan,29.57,150,197.13,0.4891,0.5851,0.065,25.73,63.57,18.18,0.09,0
Sumatera Selatan,28.54,160,178.35,0.3583,0.5893,0.0612,24.94,64.42,13.84,0.07,1
Sumatera Selatan,9.09,154,59.05,0.4719,0.8089,0.0668,21.34,61.47,6.86,0.03,0
Sulawesi Selatan,17.92,131,136.78,0.5587,0.7851,0.076,32.22,67.4,15.24,0.08,0
Banten,52.39,158,331.57,0.6644,0.574,0.0168,44.12,80.55,33.16,0.17,0
Jawa Barat,48.91,169,289.38,0.573,0.8416,0.0191,44.05,78.4,33.31,0.17,0
Jawa Tengah,18.56,141,131.63,0.4283,0.7376,0.0562,33.46,71.89,10.01,0.05,1
Jawa Tengah,42.47,153,277.55,0.6918,0.6009,0.0422,31.64,71.97,30.66,0.15,1
Sumatera Utara,57.58,171,336.73,0.5608,0.7442,0.0535,28.69,68.65,42.48,0.21,0
DKI Jakarta,20.23,149,135.75,0.5078,0.8271,0.033,60.2,94.33,13.05,0.07,0
Jawa Timur,47.17,161,292.95,0.4965,0.6481,0.0577,36.61,77.27,34.95,0.17,0
Sumatera Selatan,41.73,146,285.83,0.397,0.7299,0.0141,22.67,61.91,23.98,0.12,0
Banten,33.67,149,226.0,0.6768,0.7889,0.0792,43.79,79.91,22.28,0.11,0
Jawa Timur,35.23,148,238.03,0.6738,0.7105,0.0894,37.17,76.24,29.95,0.15,0
Sumatera Utara,13.57,140,96.96,0.74,0.7412,0.0039,28.84,66.71,13.57,0.07,0
Jawa Barat,35.79,163,219.6,0.6319,0.7461,0.0713,39.31,78.19,20.81,0.1,0
DKI Jakarta,20.38,148,137.69,0.5947,0.6683,0.0053,61.43,94.41,11.42,0.06,1
Sumatera Selatan,16.26,170,95.63,0.6834,0.7753,0.0516,21.34,64.9,10.7,0.05,1
Riau,53.73,164,327.59,0.7405,0.7346,0.0209,27.03,65.56,46.07,0.23,0
Riau,22.53,163,138.22,0.7859,0.4905,0.0492,26.4,66.31,18.65,0.09,0
Jawa Timur,25.06,152,164.87,0.5,0.5454,0.015,35.04,76.39,19.1,0.1,0
Jawa Tengah,21.7,138,157.23,0.5871,0.7411,0.0481,35.31,68.79,15.71,0.08,0
Bali,11.5,158,72.75,0.5344,0.8524,0.0363,49.4,84.6,6.79,0.03,0
Sumatera Selatan,21.8,172,126.76,0.7257,0.8392,0.0347,24.14,62.58,13.44,0.07,0
DKI Jakarta,31.65,145,218.29,0.6738,0.6721,0.0472,61.69,96.0,20.54,0.1,0
Sulawesi Selatan,25.38,172,147.56,0.461,0.8499,0.0058,26.94,68.64,16.9,0.08,1
Sumatera Utara,21.95,178,123.32,0.4257,0.7813,0.0524,27.22,69.25,13.61,0.07,0
Jawa Tengah,27.05,156,173.43,0.5575,0.8168,0.0337,34.96,72.72,19.74,0.1,0
Jawa Timur,37.44,146,256.47,0.554,0.927,0.009,37.21,75.53,28.26,0.14,0
Sumatera Utara,10.87,154,70.58,0.5578,0.7588,0.0536,26.83,69.2,7.71,0.04,0
DKI Jakarta,23.79,171,139.11,0.6316,0.6457,0.0276,64.35,94.17,19.08,0.1,0
DKI Jakarta,27.66,187,147.92,0.5358,0.5892,0.0389,62.26,95.74,24.88,0.12,0
Banten,60.96,162,376.31,0.7196,0.7973,0.0465,42.72,78.52,49.8,0.25,0
Sulawesi Selatan,44.65,162,275.6,0.5912,0.9376,0.0386,30.86,69.05,30.75,0.15,0
Banten,12.18,156,78.07,0.6952,0.7995,0.0393,42.46,79.36,9.39,0.05,0
Bali,45.95,155,296.48,0.6469,0.6377,0.0518,47.46,85.32,28.07,0.14,0
Sumatera Selatan,19.58,144,136.0,0.8161,0.6753,0.0345,24.3,61.21,14.52,0.07,0
Bali,11.9,167,71.26,0.5426,0.7642,0.0605,49.18,84.82,9.22,0.05,0
Jawa Barat,11.34,143,79.27,0.6639,0.7739,0.0629,40.37,78.42,9.61,0.05,0
Sulawesi Selatan,43.3,144,300.66,0.4996,0.7121,0.0283,24.58,67.75,21.58,0.11,1
Bali,25.66,139,184.61,0.462,0.6153,0.0288,48.75,82.38,13.61,0.07,1
Bali,15.24,165,92.37,0.5316,0.7499,0.0525,47.13,84.54,15.24,0.08,0
DKI Jakarta,60.02,177,339.12,0.573,0.7422,0.0735,61.86,94.36,34.66,0.17,0
Jawa Tengah,36.3,172,211.03,0.4039,0.7936,0.0619,31.98,69.96,26.37,0.13,0
Sumatera Utara,21.06,163,129.21,0.5304,0.7242,0.022,26.77,66.82,13.1,0.07,0
Riau,26.92,158,170.39,0.6424,0.7224,0.0342,25.7,65.59,22.89,0.11,0
Riau,18.29,189,96.8,0.4113,0.9499,0.0237,25.15,65.89,6.91,0.03,1
Sulawesi Selatan,66.8,156,428.22,0.2975,0.7509,0.0694,26.64,67.74,34.73,0.17,1
DKI Jakarta,13.29,157,84.64,0.8995,0.7796,0.0485,63.85,94.25,11.0,0.06,0
Jawa Tengah,13.87,171,81.09,0.6903,0.7023,0.02,31.71,72.13,13.09,0.07,0
DKI Jakarta,27.3,169,161.57,0.6695,0.6181,0.0313,62.02,93.55,20.95,0.1,0
Sumatera Utara,125.56,177,709.35,0.6728,0.5949,0.0211,28.34,67.99,92.68,0.46,1
Jawa Tengah,12.44,161,77.28,0.7732,0.5223,0.032,30.66,70.42,10.09,0.05,0
Riau,33.92,152,223.18,0.5596,0.7735,0.0513,24.42,64.7,23.76,0.12,0
Jawa Timur,21.69,143,151.71,0.6176,0.968,0.0276,36.74,75.35,13.34,0.07,0
Jawa Tengah,32.65,182,179.42,0.6678,0.6393,0.0419,33.08,73.58,18.21,0.09,1
Jawa Timur,40.45,152,266.11,0.8015,0.7382,0.0462,35.62,75.25,28.68,0.14,1
Riau,15.09,143,105.54,0.8892,0.8049,0.0018,26.06,67.87,12.35,0.06,0
Sulawesi Selatan,20.53,159,129.11,0.5526,0.7784,0.0059,28.3,70.12,14.71,0.07,0
Jawa Barat,15.28,145,105.35,0.6191,0.5694,0.0304,42.38,78.68,12.77,0.06,0
Jawa Barat,47.24,154,306.74,0.6971,0.7519,0.0222,42.5,78.1,28.65,0.14,0
Sulawesi Selatan,43.14,151,285.69,0.8149,0.8391,0.0482,29.71,70.52,36.69,0.18,0
Bali,12.86,148,86.9,0.4912,0.831,0.0331,48.86,85.4,6.74,0.03,0
Bali,26.12,147,177.71,0.7664,0.8108,0.0543,46.62,85.03,22.7,0.11,0
Sulawesi Selatan,43.01,170,252.97,0.785,0.4765,0.05,27.46,66.93,26.61,0.13,1
Jawa Tengah,11.2,156,71.8,0.8563,0.7665,0.0572,31.3,71.59,9.3,0.05,0
Jawa Barat,46.28,152,304.47,0.6601,0.8802,0.0294,42.77,77.4,37.01,0.19,0
Riau,22.41,158,141.85,0.4992,0.5916,0.0356,28.16,67.19,13.64,0.07,1
Sumatera Selatan,17.87,152,117.57,0.7667,0.4794,0.0802,24.29,63.7,15.83,0.08,1
Bali,50.78,166,305.92,0.5213,0.7345,0.019,50.44,84.13,35.45,0.18,0
Sulawesi Selatan,47.08,178,264.49,0.4707,0.7362,0.0534,29.54,67.23,34.24,0.17,0
Bali,12.47,159,78.45,0.6542,0.6984,0.0602,49.16,83.31,9.04,0.05,0
Jawa Tengah,39.48,186,212.28,0.5548,0.6934,0.0495,33.99,72.02,32.88,0.16,0
Jawa Tengah,32.21,155,207.81,0.468,0.6526,0.0579,34.62,72.3,18.51,0.09,1
Sumatera Utara,8.79,152,57.84,0.5482,0.8262,0.04,26.31,65.47,5.26,0.03,1
Jawa Tengah,33.76,173,195.15,0.2653,0.7321,0.0497,33.57,70.94,17.54,0.09,1
Sumatera Selatan,20.14,168,119.89,0.8088,0.846,0.0444,25.13,62.29,19.68,0.1,0
Bali,47.82,181,264.22,0.5044,0.5883,0.0118,46.55,85.8,40.98,0.2,0
Sumatera Selatan,15.15,155,97.73,0.6686,0.6095,0.0356,27.17,62.44,11.65,0.06,0
DKI Jakarta,25.86,166,155.79,0.5062,0.8244,0.0096,64.04,92.05,18.07,0.09,1
Bali,16.29,144,113.13,0.6197,0.5942,0.0526,50.35,83.18,9.46,0.05,1
Jawa Tengah,17.6,163,107.98,0.6266,0.8267,0.0445,33.81,74.17,13.86,0.07,0
Jawa Timur,9.06,157,57.69,0.659,0.8829,0.0591,35.38,74.95,6.59,0.03,1
Sumatera Utara,40.08,157,255.28,0.6887,0.7093,0.0172,26.5,66.95,19.38,0.1,0
Jawa Barat,42.47,158,268.81,0.8468,0.7723,0.042,41.35,76.59,28.27,0.14,0
Sumatera Selatan,24.6,162,151.88,0.2739,0.6475,0.0427,25.35,63.13,17.92,0.09,1
Riau,27.22,154,176.77,0.5346,0.7818,0.0802,26.91,65.56,16.83,0.08,0
Banten,18.27,177,103.24,0.6899,0.8276,0.0361,46.67,80.33,9.62,0.05,0
Jawa Timur,39.0,152,256.58,0.4332,0.6574,0.029,36.33,78.67,20.74,0.1,0
Jawa Tengah,29.36,177,165.88,0.4354,0.6834,0.0406,32.66,70.62,11.88,0.06,0
Riau,24.49,162,151.14,0.6956,0.923,0.073,26.11,64.96,14.0,0.07,0
Sulawesi Selatan,46.86,147,318.77,0.6098,0.8204,0.0572,26.17,68.15,28.54,0.14,0
Banten,12.18,151,80.66,0.5741,0.7118,0.0531,46.35,79.27,7.03,0.04,1
Sulawesi Selatan,9.87,157,62.9,0.3901,0.6945,0.0353,27.52,65.32,4.18,0.02,1
Banten,33.98,185,183.67,0.4078,0.8089,0.0356,44.48,80.41,26.52,0.13,0
DKI Jakarta,17.32,131,132.21,0.7388,0.6743,0.0698,63.62,93.44,10.2,0.05,1
Bali,13.67,158,86.49,0.5291,0.684,0.0316,47.57,83.22,10.22,0.05,0
Jawa Timur,26.67,167,159.72,0.6109,0.7477,0.03,37.22,74.33,20.87,0.1,0
Riau,28.53,162,176.11,0.4051,0.8494,0.0064,26.09,67.26,18.27,0.09,0
Banten,34.18,148,230.93,0.4549,0.8581,0.0089,45.56,81.36,24.03,0.12,0
Riau,11.93,136,87.69,0.549,0.69,0.0627,26.11,64.09,7.58,0.04,0
Sumatera Selatan,17.89,149,120.06,0.434,0.6819,0.001,20.01,61.02,11.77,0.06,1
Sulawesi Selatan,30.16,177,170.4,0.5299,0.9587,0.0722,26.5,68.88,20.63,0.1,0
Sulawesi Selatan,44.94,172,261.3,0.5684,0.6774,0.0349,25.65,70.27,20.25,0.1,1
Jawa Tengah,35.21,150,234.76,0.6915,0.8761,0.0474,36.09,74.9,23.72,0.12,0
DKI Jakarta,18.12,157,115.4,0.7344,0.7234,0.0612,64.52,92.5,15.71,0.08,1
Riau,29.78,156,190.92,0.4318,0.9077,0.0279,22.87,67.03,28.07,0.14,0
Jawa Tengah,14.92,131,113.91,0.3823,0.7837,0.052,31.68,72.09,10.72,0.05,1
Jawa Timur,20.98,175,119.86,0.6485,0.7396,0.0195,34.72,73.08,10.78,0.05,1
Sumatera Selatan,19.24,153,125.78,0.7259,0.7966,0.0272,24.62,62.07,13.02,0.07,0
Sumatera Utara,17.76,165,107.64,0.5473,0.8211,0.0488,26.97,67.26,12.01,0.06,1
Sumatera Utara,37.0,173,213.85,0.6254,0.6942,0.0483,28.0,68.77,29.11,0.15,0
Bali,43.68,184,237.41,0.595,0.7324,0.0472,46.63,82.86,32.61,0.16,0
Riau,20.62,171,120.56,0.5837,0.6495,0.0695,26.75,66.53,15.64,0.08,0
Sulawesi Selatan,29.42,184,159.87,0.7855,0.8074,0.0385,25.38,68.37,20.7,0.1,0
Jawa Barat,18.46,152,121.48,0.5711,0.8029,0.0722,45.25,79.82,14.98,0.07,0
Banten,16.02,170,94.24,0.3754,0.8975,0.0412,46.36,79.01,9.81,0.05,0
Banten,14.9,169,88.16,0.567,0.6192,0.0521,47.82,80.28,8.23,0.04,0
Bali,55.41,149,371.88,0.5538,0.764,0.0547,49.61,83.26,38.51,0.19,0
Bali,15.41,150,102.76,0.5746,0.6244,0.0299,51.04,85.31,9.46,0.05,0
Jawa Timur,35.91,177,202.87,0.4478,0.7354,0.0442,38.14,75.12,29.43,0.15,1
Sulawesi Selatan,28.93,162,178.56,0.5075,0.6779,0.011,26.39,67.63,21.95,0.11,0
Riau,12.75,151,84.46,0.7061,0.7168,0.0422,25.54,65.36,12.74,0.06,0
Jawa Tengah,25.44,140,181.71,0.7099,0.7302,0.0414,33.84,70.01,15.21,0.08,1
Bali,31.29,184,170.06,0.4031,0.836,0.0508,50.43,85.93,27.54,0.14,1
Jawa Barat,26.49,183,144.77,0.8449,0.65,0.0375,41.49,78.7,15.97,0.08,1
Riau,18.38,155,118.55,0.6359,0.8429,0.0757,26.93,66.83,9.89,0.05,0
Sulawesi Selatan,20.78,142,146.31,0.4564,0.6411,0.006,27.4,69.14,11.26,0.06,1
Sumatera Selatan,30.75,165,186.38,0.4276,0.7409,0.0165,23.68,62.12,24.55,0.12,0
Sumatera Utara,17.45,179,97.48,0.3855,0.5364,0.0209,26.19,67.88,13.17,0.07,1
Bali,51.93,166,312.8,0.6377,0.7165,0.0392,49.36,82.64,34.2,0.17,0
Jawa Barat,35.24,169,208.51,0.5747,0.675,0.0244,40.76,80.07,27.25,0.14,0
Jawa Tengah,8.0,149,53.7,0.712,0.7029,0.0166,31.27,72.49,5.82,0.03,0
Riau,19.68,150,131.22,0.6149,0.8227,0.0299,25.21,65.64,13.0,0.06,0
Sumatera Selatan,83.45,181,461.05,0.4085,0.6571,0.0105,24.73,62.77,66.68,0.33,0
Jawa Tengah,27.39,156,175.58,0.4905,0.75,0.0473,34.2,70.94,19.8,0.1,0
Riau,14.82,143,103.66,0.5739,0.7568,0.0461,25.82,66.94,10.24,0.05,0
Sumatera Selatan,34.77,171,203.36,0.4473,0.797,0.0146,25.9,65.51,14.73,0.07,0
Sumatera Utara,9.75,165,59.09,0.5446,0.6624,0.0574,30.64,69.79,5.75,0.03,0
Jawa Barat,24.16,144,167.78,0.6496,0.6597,0.0133,41.07,78.4,17.54,0.09,0
Sulawesi Selatan,18.16,158,114.94,0.7263,0.8338,0.0292,29.36,68.27,15.31,0.08,1
Jawa Timur,21.7,145,149.68,0.5079,0.6345,0.0445,35.8,76.68,10.51,0.05,0
Banten,11.4,143,79.7,0.5803,0.708,0.0413,42.15,79.91,5.78,0.03,0
Sumatera Utara,15.81,133,118.85,0.6386,0.5456,0.0087,26.98,70.53,13.01,0.07,0
Jawa Tengah,6.7,133,50.36,0.6561,0.9003,0.0489,31.9,73.6,5.98,0.03,0
DKI Jakarta,15.89,146,108.82,0.6783,0.7649,0.039,61.74,97.54,11.48,0.06,0
Bali,23.51,151,155.67,0.4255,0.786,0.0779,51.67,84.73,15.75,0.08,1
Sumatera Selatan,44.02,168,262.05,0.5942,0.5311,0.0519,23.51,60.2,28.32,0.14,0
Jawa Barat,79.24,142,558.04,0.5964,0.7183,0.0694,40.94,78.69,68.99,0.34,0
Sumatera Utara,15.6,157,99.34,0.4742,0.8852,0.0211,28.63,67.74,12.15,0.06,1
Sumatera Selatan,30.33,160,189.59,0.5622,0.9183,0.0084,22.32,63.31,26.43,0.13,0
Sulawesi Selatan,20.02,161,124.33,0.7365,0.7154,0.0665,28.12,69.94,17.46,0.09,0
Sulawesi Selatan,18.98,150,126.55,0.708,0.6215,0.047,28.89,67.15,13.82,0.07,0
DKI Jakarta,26.65,174,153.16,0.7753,0.7143,0.0766,64.62,93.2,25.54,0.13,0
Bali,23.17,171,135.48,0.7489,0.8624,0.0625,50.67,83.72,8.86,0.04,0
Jawa Barat,65.2,164,397.56,0.2679,0.4551,0.0614,42.04,81.18,51.69,0.26,1
Riau,19.88,157,126.59,0.6904,0.6975,0.0491,25.76,64.85,15.72,0.08,0
Sumatera Utara,14.22,165,86.18,0.4835,0.8097,0.0229,28.15,68.51,8.45,0.04,1
Sulawesi Selatan,25.38,158,160.66,0.5387,0.8521,0.0198,28.51,70.02,15.66,0.08,0
Sumatera Utara,14.03,158,88.79,0.6843,0.5859,0.001,28.33,69.0,12.66,0.06,0
Banten,18.73,153,122.39,0.662,0.8115,0.0295,43.96,77.09,16.73,0.08,0
Riau,37.16,146,254.49,0.707,0.9958,0.0398,24.7,64.82,32.26,0.16,0
DKI Jakarta,19.71,152,129.7,0.5212,0.6503,0.038,63.41,93.42,6.9,0.03,1
DKI Jakarta,29.8,156,191.04,0.7561,0.8798,0.0403,62.85,92.11,26.45,0.13,1
Sumatera Selatan,18.5,140,132.16,0.4842,0.5921,0.001,23.17,62.53,8.31,0.04,1
Banten,24.4,146,167.11,0.6901,0.572,0.044,46.33,76.53,18.02,0.09,0
Sumatera Selatan,18.59,177,105.01,0.3603,0.6883,0.0706,24.61,63.49,12.24,0.06,0
Banten,36.3,163,222.71,0.5386,0.702,0.0241,41.96,79.81,21.06,0.11,1
Bali,13.06,163,80.11,0.3897,0.6792,0.0113,50.12,83.65,9.53,0.05,0
Jawa Timur,16.12,161,100.15,0.6952,0.5987,0.0085,35.79,73.23,11.2,0.06,0
Banten,23.96,157,152.59,0.8942,0.5983,0.0273,43.49,81.47,18.45,0.09,0
Jawa Tengah,37.91,169,224.3,0.6735,0.8168,0.0325,32.92,71.42,35.82,0.18,0
Jawa Barat,24.28,149,162.95,0.5879,0.873,0.0437,42.79,79.92,18.08,0.09,0
Jawa Barat,32.72,172,190.26,0.5871,0.6765,0.0554,41.41,78.45,20.28,0.1,0
Jawa Barat,15.03,180,83.5,0.7062,0.6755,0.0206,42.43,80.35,15.03,0.08,0
DKI Jakarta,18.07,144,125.51,0.4907,0.8725,0.0296,60.04,94.9,14.98,0.07,0
Jawa Timur,29.57,179,165.21,0.7971,0.8372,0.0071,35.15,75.53,21.27,0.11,0
Banten,21.54,143,150.65,0.5582,0.6049,0.0513,44.15,78.79,17.27,0.09,0
Sumatera Selatan,13.54,153,88.5,0.5707,0.6623,0.0321,23.21,64.66,7.71,0.04,1
Bali,15.23,155,98.27,0.641,0.7496,0.0351,48.39,84.25,8.62,0.04,0
Sumatera Utara,24.58,179,137.29,0.5326,0.7844,0.0659,29.52,67.22,18.68,0.09,0
Sumatera Utara,35.93,167,215.18,0.7025,0.5945,0.0419,27.2,68.01,28.84,0.14,1
Jawa Barat,73.46,162,453.43,0.652,0.6457,0.0736,40.4,78.54,67.57,0.34,0
Jawa Tengah,14.81,168,88.17,0.7121,0.9105,0.0547,33.36,73.15,9.78,0.05,0
Jawa Tengah,24.34,162,150.24,0.7382,0.5327,0.0312,30.01,69.84,20.63,0.1,1
Banten,17.18,189,90.92,0.8668,0.684,0.0174,45.61,82.66,10.75,0.05,0
Jawa Timur,21.57,149,144.76,0.4759,0.6246,0.0366,37.0,75.96,15.77,0.08,0
Jawa Tengah,20.04,165,121.44,0.6211,0.6905,0.0602,33.34,72.08,15.25,0.08,0
Banten,29.2,162,180.24,0.5253,0.6946,0.012,43.29,80.33,20.26,0.1,0
Jawa Barat,9.53,154,61.86,0.436,0.7699,0.0277,42.53,76.76,4.73,0.02,0
Bali,20.05,161,124.54,0.723,0.4663,0.0231,48.46,84.65,13.91,0.07,0
Sumatera Selatan,27.07,175,154.69,0.638,0.5902,0.0313,26.14,63.88,20.08,0.1,0
Sulawesi Selatan,23.55,145,162.39,0.6336,0.6415,0.0478,25.33,67.45,21.95,0.11,0
Jawa Tengah,28.02,162,172.96,0.7339,0.6755,0.0438,33.29,72.73,20.91,0.1,0
Sumatera Utara,27.6,174,158.61,0.6835,0.7873,0.0434,28.46,69.15,19.52,0.1,1
Bali,43.63,154,283.32,0.6677,0.9004,0.012,49.17,83.63,31.39,0.16,0
Jawa Timur,42.17,143,294.87,0.6929,0.6731,0.0541,38.91,76.9,28.95,0.14,1
Sulawesi Selatan,20.62,156,132.18,0.8041,0.7501,0.0598,25.85,67.73,18.04,0.09,0
Jawa Barat,17.66,155,113.92,0.7555,0.7441,0.0351,39.41,80.89,13.4,0.07,1
Jawa Barat,23.82,147,162.06,0.7119,0.4049,0.022,40.97,80.17,22.44,0.11,0
Sumatera Utara,30.01,135,222.28,0.4535,0.7082,0.0562,25.56,68.69,17.88,0.09,1
Jawa Timur,24.23,162,149.57,0.6138,0.821,0.0667,40.26,74.43,19.48,0.1,0
Riau,12.53,142,88.23,0.6222,0.7671,0.0475,27.5,65.27,6.5,0.03,1
Bali,33.99,141,241.07,0.8841,0.7438,0.0254,49.48,85.71,20.18,0.1,0
Jawa Timur,26.85,150,179.01,0.9001,0.597,0.0187,37.97,74.73,23.96,0.12,0
Sumatera Selatan,58.73,157,374.07,0.4826,0.7947,0.0513,26.21,63.62,34.65,0.17,0
Jawa Timur,15.08,147,102.59,0.7414,0.3448,0.0087,35.88,76.06,13.37,0.07,0
DKI Jakarta,26.92,163,165.14,0.8185,0.7872,0.0121,61.86,94.07,20.59,0.1,0
Bali,28.11,154,182.54,0.6511,0.5856,0.0442,49.21,83.51,23.49,0.12,0
Sumatera Utara,19.16,146,131.25,0.4362,0.6507,0.0714,27.64,70.12,10.81,0.05,0
Riau,15.2,162,93.82,0.3067,0.8202,0.063,24.71,65.97,10.66,0.05,0
Jawa Timur,25.83,153,168.85,0.5732,0.878,0.0476,36.01,75.04,18.66,0.09,0
Banten,19.86,167,118.9,0.7859,0.8921,0.001,44.67,78.85,19.63,0.1,0
Bali,24.66,166,148.55,0.6204,0.7559,0.001,50.07,85.58,20.38,0.1,0
Sumatera Utara,24.08,161,149.57,0.7811,0.7283,0.0365,26.49,68.12,21.58,0.11,0
Jawa Barat,14.84,166,89.42,0.65,0.8538,0.0753,41.22,79.77,13.02,0.07,0
Sumatera Utara,19.1,161,118.64,0.6911,0.7045,0.0222,28.32,67.09,12.64,0.06,1
Jawa Barat,20.05,167,120.07,0.3845,0.723,0.0572,39.41,78.96,13.79,0.07,1
Jawa Barat,24.85,164,151.5,0.6378,0.8001,0.0462,42.17,78.02,16.06,0.08,0
Sulawesi Selatan,28.73,154,186.58,0.5757,0.8672,0.0285,27.74,69.89,19.15,0.1,0
Bali,26.37,153,172.35,0.7219,0.7092,0.0318,47.29,84.94,22.08,0.11,0
Bali,38.4,167,229.96,0.5541,0.6152,0.0063,47.98,83.31,24.98,0.12,0
DKI Jakarta,23.77,150,158.48,0.4178,0.8237,0.0488,63.2,95.32,13.63,0.07,1
Sulawesi Selatan,65.46,153,427.84,0.6024,0.7494,0.0269,29.37,69.28,65.46,0.33,0
Jawa Tengah,29.47,165,178.58,0.8037,0.76,0.057,33.71,71.7,15.41,0.08,0
Jawa Barat,13.69,172,79.59,0.4949,0.8467,0.0355,44.36,77.63,9.91,0.05,0
Sumatera Utara,18.8,155,121.29,0.537,0.7291,0.0341,30.07,65.56,13.95,0.07,0
Jawa Timur,127.62,150,850.77,0.9016,0.7001,0.001,37.63,76.72,115.43,0.58,0
Banten,13.18,166,79.38,0.7312,0.9129,0.0458,43.05,77.7,11.48,0.06,0
Bali,32.33,173,186.9,0.7391,0.6079,0.0502,50.4,84.44,32.01,0.16,0
Sumatera Utara,88.35,178,496.35,0.7574,0.832,0.0652,27.25,66.13,67.03,0.34,0
Jawa Tengah,15.98,192,83.24,0.7017,0.6299,0.0231,34.32,74.26,12.01,0.06,0
Sulawesi Selatan,59.18,174,340.11,0.4506,0.6314,0.0453,24.23,69.4,45.87,0.23,0
Sumatera Selatan,60.15,177,339.81,0.5595,0.9044,0.048,23.56,63.46,34.35,0.17,1
Jawa Tengah,21.23,165,128.68,0.709,0.9544,0.0145,31.1,73.36,15.13,0.08,0
DKI Jakarta,10.99,170,64.66,0.5025,0.8913,0.0275,61.97,94.04,8.28,0.04,0
Jawa Barat,35.79,177,202.18,0.9207,0.6737,0.0163,39.19,77.61,21.96,0.11,0
Jawa Tengah,23.09,163,141.65,0.6504,0.803,0.0179,33.24,70.09,19.11,0.1,0
Jawa Barat,21.87,162,135.0,0.3569,0.6242,0.0321,42.2,79.55,15.41,0.08,1
Sulawesi Selatan,33.25,159,209.12,0.7364,0.8326,0.0262,26.92,66.59,23.85,0.12,0
DKI Jakarta,27.42,184,149.0,0.5623,0.8455,0.0397,61.92,97.23,12.25,0.06,1
Sulawesi Selatan,10.96,151,72.56,0.678,0.927,0.0525,28.23,66.47,10.19,0.05,0
Sumatera Selatan,20.7,148,139.87,0.6039,0.6214,0.0518,24.23,64.31,15.88,0.08,0
DKI Jakarta,30.45,171,178.08,0.3995,0.6964,0.0557,64.42,95.73,15.67,0.08,0
Banten,29.91,157,190.53,0.6967,0.8213,0.0347,43.07,78.19,24.56,0.12,0
DKI Jakarta,52.21,180,290.05,0.4616,0.7053,0.0297,63.21,93.66,40.42,0.2,0
Jawa Tengah,9.01,142,63.42,0.8806,0.6957,0.0154,33.59,71.82,8.03,0.04,0
Jawa Tengah,44.86,179,250.6,0.4541,0.7518,0.054,30.82,76.28,32.97,0.16,0
Riau,18.91,154,122.82,0.629,0.9143,0.0595,26.23,65.11,18.91,0.09,0
Jawa Barat,25.04,154,162.6,0.5689,0.7061,0.0651,41.37,77.23,18.33,0.09,0
Sumatera Selatan,42.48,183,232.14,0.6489,0.5175,0.0463,23.56,63.69,33.89,0.17,0
Sumatera Selatan,15.75,153,102.97,0.5113,0.6919,0.0307,26.96,61.84,11.91,0.06,0
Sulawesi Selatan,19.26,157,122.68,0.5236,0.7047,0.0183,29.83,67.73,13.18,0.07,0
Sumatera Utara,33.17,168,197.45,0.6122,0.649,0.0132,27.26,67.65,24.27,0.12,0
Jawa Timur,16.35,147,111.19,0.6439,0.61,0.001,37.75,76.02,12.47,0.06,0
Sumatera Selatan,28.52,163,174.95,0.7482,0.7158,0.0606,25.42,62.43,13.5,0.07,0
Riau,15.29,171,89.41,0.4782,0.8284,0.0476,26.32,64.56,9.51,0.05,0
Jawa Tengah,45.77,164,279.06,0.5448,0.741,0.0867,31.55,73.39,31.9,0.16,0
Jawa Tengah,34.45,158,218.05,0.8013,0.8322,0.0376,31.77,72.45,25.94,0.13,0
Riau,14.58,142,102.65,0.9066,0.7732,0.0411,26.89,65.43,13.04,0.07,0
Bali,40.24,154,261.28,0.5832,0.7228,0.0472,49.46,82.19,28.49,0.14,1
Sumatera Utara,24.91,136,183.15,0.5734,0.7135,0.052,27.97,68.95,14.06,0.07,0
Sulawesi Selatan,18.66,198,94.25,0.5656,0.8223,0.0265,29.87,67.24,12.33,0.06,1
Sumatera Utara,38.06,181,210.28,0.3776,0.6148,0.0392,30.64,68.53,14.94,0.07,0
Riau,28.78,135,213.2,0.5951,0.7108,0.0554,28.32,63.19,26.44,0.13,0
Jawa Timur,10.28,142,72.4,0.7031,0.5423,0.0718,39.03,75.73,7.6,0.04,0
Riau,7.39,138,53.53,0.7212,0.5337,0.0217,26.08,65.63,5.82,0.03,1
DKI Jakarta,19.14,158,121.16,0.8387,0.7611,0.0439,60.4,93.92,14.25,0.07,0
Riau,16.7,161,103.73,0.6147,0.6266,0.0418,25.62,64.34,10.44,0.05,0
Banten,34.54,169,204.4,0.3964,0.6275,0.0345,43.93,81.2,27.29,0.14,1
Sumatera Utara,17.15,160,107.16,0.5932,0.8056,0.0602,27.46,67.3,12.74,0.06,1
Sulawesi Selatan,17.22,156,110.38,0.81,0.7459,0.0856,27.33,68.89,15.04,0.08,0
Banten,62.18,160,388.65,0.2385,0.6988,0.0473,42.37,81.06,34.93,0.17,1
Riau,50.34,176,286.01,0.5607,0.7255,0.0244,27.17,64.4,36.64,0.18,0
Sumatera Selatan,10.38,140,74.16,0.4996,0.5118,0.0115,26.74,64.0,8.58,0.04,1
Jawa Barat,47.84,159,300.89,0.4391,0.8277,0.0385,45.07,78.08,31.54,0.16,0
Sulawesi Selatan,47.89,141,339.63,0.6133,0.701,0.0589,28.27,68.57,29.53,0.15,1
Sumatera Utara,21.12,153,138.02,0.5933,0.7926,0.0358,28.14,67.08,15.14,0.08,0
Sumatera Selatan,20.04,164,122.22,0.6474,0.667,0.0452,24.24,62.96,12.99,0.06,1
Jawa Barat,9.36,145,64.56,0.7769,0.756,0.0791,43.54,78.69,7.25,0.04,0
Jawa Timur,13.59,170,79.93,0.591,0.7627,0.053,38.82,75.36,10.52,0.05,0
Sulawesi Selatan,22.14,158,140.11,0.5829,0.7176,0.0411,27.54,68.26,13.13,0.07,0
Sumatera Utara,20.02,170,117.77,0.608,0.589,0.0131,30.21,67.23,13.09,0.07,0
DKI Jakarta,20.03,160,125.16,0.532,0.5798,0.0561,62.64,93.54,16.09,0.08,0
Sumatera Utara,25.56,144,177.53,0.6459,0.8267,0.0512,27.3,69.06,21.13,0.11,0
Bali,61.16,160,382.23,0.6652,0.5791,0.0565,48.47,84.01,41.81,0.21,0
DKI Jakarta,17.71,159,111.41,0.5877,0.9134,0.0149,64.95,93.6,14.03,0.07,0
Jawa Barat,19.4,174,111.5,0.59,0.8835,0.0394,42.58,77.59,12.14,0.06,0
Banten,22.32,161,138.64,0.5201,0.8428,0.0516,43.34,79.25,14.16,0.07,0
Banten,19.92,153,130.22,0.7944,0.7866,0.0107,45.51,78.57,14.56,0.07,0
Jawa Barat,51.51,141,365.32,0.5227,0.7604,0.0426,42.57,79.48,37.37,0.19,0
Jawa Barat,16.8,125,134.43,0.4288,0.8355,0.0617,41.04,78.06,11.55,0.06,1
Sumatera Utara,39.2,165,237.6,0.7507,0.6922,0.0272,27.28,66.9,28.54,0.14,0
Sumatera Utara,92.85,153,606.86,0.8537,0.6325,0.0612,26.73,67.96,67.58,0.34,0
DKI Jakarta,57.99,155,374.14,0.4237,0.626,0.0405,59.93,92.52,24.78,0.12,1
Sumatera Selatan,21.26,157,135.41,0.3222,0.7247,0.0419,23.32,62.07,17.67,0.09,0
Jawa Timur,18.65,158,118.06,0.4905,0.7773,0.0597,36.53,77.03,13.05,0.07,0
Sulawesi Selatan,16.89,179,94.38,0.5985,0.7282,0.0263,29.79,66.49,9.16,0.05,0
Sulawesi Selatan,25.28,162,156.07,0.6156,0.7741,0.0141,29.14,67.63,14.76,0.07,0
Riau,11.21,154,72.79,0.7238,0.8143,0.0347,26.39,68.05,9.26,0.05,0
DKI Jakarta,73.56,148,497.03,0.4962,0.7216,0.0466,59.59,94.5,53.94,0.27,0
Jawa Barat,19.0,167,113.78,0.6365,0.8001,0.047,41.94,77.99,14.65,0.07,0
Jawa Tengah,22.81,151,151.07,0.6818,0.5459,0.0463,30.73,69.71,13.14,0.07,0
Banten,23.3,137,170.04,0.7787,0.7309,0.0251,45.41,80.0,21.04,0.11,0
Jawa Timur,13.43,158,84.99,0.6205,0.7063,0.0495,38.15,74.48,9.89,0.05,1
Sumatera Selatan,39.94,160,249.64,0.3089,0.8257,0.0379,24.38,63.77,30.32,0.15,0
Sumatera Utara,34.16,181,188.73,0.6246,0.804,0.0705,29.63,67.39,33.6,0.17,0
Jawa Tengah,19.57,151,129.6,0.4628,0.8697,0.0578,34.72,72.43,14.93,0.07,0
Sulawesi Selatan,28.43,158,179.93,0.42,0.7759,0.0504,28.06,69.54,19.11,0.1,0
Bali,21.63,152,142.33,0.5937,0.7197,0.0364,48.48,85.31,13.82,0.07,1
Riau,22.69,154,147.34,0.6031,0.6858,0.0329,24.11,63.82,14.02,0.07,0
Jawa Tengah,18.07,168,107.57,0.7039,0.5604,0.0355,32.67,72.21,12.49,0.06,0
Bali,26.33,167,157.65,0.471,0.8959,0.0455,47.21,85.66,19.26,0.1,0
Sumatera Selatan,33.83,184,183.85,0.6241,0.7542,0.0596,22.79,61.28,20.6,0.1,0
Jawa Barat,16.94,169,100.23,0.6138,0.6154,0.0107,40.4,80.62,11.11,0.06,1
Jawa Barat,30.03,175,171.63,0.7865,0.6543,0.03,38.56,78.77,24.76,0.12,0
Jawa Tengah,11.04,173,63.83,0.5599,0.8581,0.0649,34.67,72.79,7.06,0.04,0
Riau,46.17,162,285.02,0.3169,0.715,0.0286,26.43,64.99,24.59,0.12,0
Bali,13.14,156,84.22,0.5616,0.6162,0.0231,50.44,84.56,6.13,0.03,1
Jawa Barat,11.84,172,68.86,0.5853,0.6422,0.0614,42.7,77.53,8.54,0.04,0
DKI Jakarta,18.86,162,116.39,0.7942,0.7632,0.05,63.15,96.06,14.59,0.07,0
Riau,26.67,160,166.68,0.8528,0.758,0.0444,27.29,67.55,20.55,0.1,0
Banten,22.74,177,128.49,0.4959,0.7331,0.0522,44.33,82.38,16.56,0.08,1
DKI Jakarta,33.76,149,226.59,0.5254,0.5368,0.0343,64.36,92.08,27.93,0.14,0
Banten,18.93,143,132.37,0.6116,0.6596,0.0407,43.34,80.2,14.84,0.07,0
DKI Jakarta,19.98,148,135.03,0.7715,0.6977,0.0419,62.37,94.72,14.31,0.07,0
Sulawesi Selatan,21.66,155,139.75,0.7391,0.5647,0.0335,27.48,66.95,16.09,0.08,1
Bali,58.5,157,372.59,0.8033,0.7756,0.0334,51.73,84.95,44.36,0.22,0
Banten,16.29,133,122.52,0.3421,0.8279,0.0224,43.15,78.08,11.93,0.06,0
Bali,97.54,165,591.12,0.5016,0.7744,0.03,50.63,86.27,53.95,0.27,0
Sulawesi Selatan,74.91,171,438.08,0.6801,0.7697,0.0312,25.85,65.96,58.74,0.29,0
DKI Jakarta,12.84,148,86.73,0.5515,0.7902,0.0026,62.55,94.5,8.46,0.04,0
Sumatera Utara,43.31,177,244.67,0.7396,0.785,0.052,28.13,69.15,41.7,0.21,0
Jawa Tengah,17.82,159,112.06,0.6976,0.7465,0.0453,31.67,71.38,16.81,0.08,0
Jawa Tengah,27.34,168,162.76,0.6295,0.7149,0.0697,32.2,73.75,20.18,0.1,0
Riau,11.51,157,73.3,0.5667,0.5733,0.0136,26.85,63.21,9.26,0.05,0
Jawa Barat,20.01,138,144.97,0.7795,0.7989,0.0197,41.0,78.56,11.42,0.06,0
Sulawesi Selatan,109.75,157,699.04,0.4786,0.7439,0.0587,26.45,65.78,84.65,0.42,0
Banten,16.59,159,104.36,0.367,0.6008,0.0158,45.45,78.87,12.37,0.06,0
Bali,37.21,165,225.49,0.7987,0.73,0.039,48.67,83.91,31.5,0.16,0
DKI Jakarta,24.05,147,163.58,0.8378,0.7883,0.0351,62.9,93.53,15.97,0.08,0
Sumatera Selatan,18.15,153,118.61,0.5063,0.8297,0.0706,25.94,64.63,14.02,0.07,0
Jawa Timur,48.8,167,292.2,0.6842,0.53,0.0389,39.12,73.99,30.18,0.15,1
Sumatera Selatan,18.92,154,122.86,0.7017,0.6759,0.0389,20.87,61.23,12.12,0.06,0
Sumatera Utara,25.83,171,151.07,0.5259,0.6114,0.0444,28.24,67.68,20.91,0.1,0
Sumatera Utara,29.54,170,173.79,0.6105,0.8591,0.0227,25.88,68.34,19.89,0.1,0
Sumatera Utara,49.85,170,293.25,0.5656,0.5067,0.0298,32.49,68.8,38.42,0.19,0
Banten,17.93,141,127.14,0.7104,0.6471,0.018,44.33,81.18,9.4,0.05,0
Banten,76.28,145,526.08,0.5876,0.9303,0.0529,45.56,77.22,62.71,0.31,0
Sulawesi Selatan,10.97,159,69.0,0.4823,0.8928,0.0538,26.96,69.83,7.83,0.04,0
Sulawesi Selatan,16.9,147,114.99,0.4695,0.6177,0.0231,27.37,66.82,13.42,0.07,0
Sumatera Utara,45.57,154,295.9,0.4022,0.9017,0.0348,30.05,67.87,31.71,0.16,0
Jawa Barat,18.55,159,116.67,0.5771,0.834,0.0432,42.27,78.63,14.1,0.07,0
DKI Jakarta,28.21,168,167.95,0.6961,0.4602,0.0123,64.92,91.6,18.63,0.09,0
Sulawesi Selatan,16.06,165,97.32,0.5755,0.5821,0.0507,26.65,67.28,10.52,0.05,1
Jawa Barat,14.23,178,79.96,0.5172,0.8507,0.0186,41.17,79.79,11.39,0.06,0
Riau,19.96,167,119.49,0.542,0.5659,0.0061,26.87,66.16,9.26,0.05,1
Sumatera Selatan,33.25,146,227.72,0.3791,0.7119,0.0412,25.3,62.5,24.02,0.12,0
Bali,18.69,163,114.67,0.6799,0.5838,0.0521,49.33,84.76,15.39,0.08,0
Jawa Timur,24.55,167,147.03,0.2228,0.8455,0.058,34.82,75.95,10.42,0.05,1
Riau,18.05,150,120.31,0.5146,0.7953,0.0492,24.69,65.09,14.14,0.07,0
Banten,38.51,176,218.79,0.7831,0.8102,0.0263,44.61,80.39,32.79,0.16,0
Jawa Tengah,12.1,163,74.24,0.4919,0.7443,0.077,30.89,71.14,8.4,0.04,0
Sumatera Selatan,24.13,166,145.37,0.6844,0.7507,0.0413,22.97,61.97,22.37,0.11,0
Sumatera Selatan,23.17,179,129.45,0.4849,0.7561,0.0215,24.36,62.74,14.28,0.07,0
Sumatera Utara,16.43,165,99.58,0.7304,0.8085,0.0593,27.24,65.3,13.91,0.07,0
Bali,49.67,170,292.19,0.6162,0.867,0.0458,49.04,85.33,45.06,0.23,0
Riau,10.36,147,70.47,0.5602,0.6356,0.0806,25.97,65.5,7.41,0.04,0
Sumatera Selatan,30.9,167,185.05,0.7212,0.782,0.0709,23.12,62.83,24.09,0.12,0
Sumatera Selatan,28.14,145,194.09,0.5104,0.6689,0.0321,23.15,64.06,19.21,0.1,1
Bali,19.0,150,126.69,0.773,0.791,0.0156,50.62,84.96,12.58,0.06,0
Riau,63.19,144,438.8,0.4251,0.6687,0.03,26.68,66.68,44.02,0.22,0
DKI Jakarta,34.32,179,191.75,0.4459,0.7711,0.001,62.77,96.1,14.79,0.07,1
Sulawesi Selatan,16.41,151,108.69,0.671,0.7747,0.0407,27.98,68.2,13.38,0.07,0
Sulawesi Selatan,31.04,147,211.13,0.3631,0.8622,0.0596,26.54,66.94,23.27,0.12,1
Sumatera Selatan,22.32,183,121.99,0.5502,0.8749,0.0405,23.45,63.97,14.21,0.07,1
Sulawesi Selatan,18.77,149,125.94,0.5226,0.7444,0.0496,24.3,66.94,12.57,0.06,0
Jawa Tengah,46.44,167,278.08,0.3576,0.5544,0.0554,32.25,71.19,31.59,0.16,0
Bali,38.41,189,203.22,0.4601,0.5375,0.0699,47.77,84.15,33.7,0.17,0
Jawa Barat,43.51,161,270.24,0.5375,0.812,0.0433,42.32,79.99,26.61,0.13,0
Riau,8.43,156,54.01,0.4861,0.8889,0.0356,25.2,66.3,3.34,0.02,1
Sumatera Utara,23.82,129,184.65,0.6359,0.7429,0.0286,29.58,69.26,17.36,0.09,0
Bali,57.82,167,346.21,0.7936,0.5617,0.0721,48.31,84.65,45.44,0.23,0
Sumatera Utara,15.1,166,90.95,0.669,0.5498,0.0282,28.62,68.88,9.12,0.05,0
Riau,23.74,141,168.36,0.5584,0.4298,0.077,26.05,66.12,12.88,0.06,0
Jawa Timur,22.24,161,138.15,0.3995,0.8292,0.0334,37.85,74.57,12.36,0.06,1
Banten,37.48,167,224.46,0.8115,0.9449,0.0233,45.91,80.51,31.7,0.16,0
Jawa Timur,17.77,150,118.45,0.5022,0.6651,0.0486,35.32,75.4,12.39,0.06,0
Sulawesi Selatan,36.02,154,233.91,0.3482,0.9318,0.0449,30.54,67.31,25.74,0.13,1
Sumatera Utara,20.92,156,134.12,0.819,0.7736,0.0068,27.11,67.77,18.63,0.09,0
Jawa Tengah,115.6,168,688.07,0.6887,0.7151,0.054,32.92,71.44,95.14,0.48,0
DKI Jakarta,29.67,159,186.58,0.4747,0.7712,0.0032,61.61,93.86,11.26,0.06,1
Bali,87.21,162,538.34,0.6576,0.7157,0.0763,50.96,84.49,69.53,0.35,0
Riau,33.83,156,216.85,0.5124,0.7737,0.0116,24.51,66.2,27.28,0.14,0
Banten,21.6,168,128.57,0.5032,0.6495,0.0459,45.18,81.61,11.23,0.06,1
Jawa Tengah,25.66,162,158.37,0.8025,0.5473,0.0508,29.89,72.78,16.35,0.08,0
Jawa Tengah,32.92,174,189.17,0.9833,0.7263,0.0593,34.42,72.24,29.65,0.15,0
Riau,9.6,166,57.83,0.6432,0.8145,0.0113,25.81,63.0,7.9,0.04,0
Sumatera Utara,36.97,144,256.74,0.2188,0.8467,0.0504,27.84,71.1,18.28,0.09,1
Sumatera Utara,28.9,171,169.01,0.8923,0.8176,0.0186,27.36,67.35,23.12,0.12,0
Riau,34.53,168,205.52,0.6557,0.7782,0.045,26.0,64.59,24.76,0.12,0
Sulawesi Selatan,36.52,171,213.57,0.6024,0.5684,0.0013,27.37,69.32,25.85,0.13,1
Jawa Barat,14.68,173,84.84,0.6241,0.694,0.0505,39.26,77.28,9.74,0.05,0
Riau,25.93,160,162.07,0.7,0.8032,0.0661,24.92,65.85,18.39,0.09,0
Sumatera Selatan,24.27,156,155.59,0.6504,0.8023,0.0343,25.5,62.54,19.59,0.1,0
Banten,14.98,173,86.6,0.3836,0.678,0.0419,43.5,79.5,13.15,0.07,0
Jawa Timur,52.33,156,335.48,0.6969,0.9163,0.0524,35.61,75.46,46.99,0.23,0
Sumatera Utara,64.12,151,424.67,0.4624,0.7038,0.0468,28.47,66.77,47.86,0.24,0
Sumatera Selatan,17.79,139,127.96,0.6476,0.5841,0.008,25.03,62.95,10.76,0.05,0
Jawa Timur,31.2,155,201.32,0.5386,0.6193,0.0156,37.78,76.63,12.74,0.06,1
Jawa Barat,22.82,152,150.13,0.5195,0.6831,0.0319,42.01,78.51,19.61,0.1,1
DKI Jakarta,20.3,157,129.29,0.6173,0.8888,0.0423,64.21,98.4,10.58,0.05,0
DKI Jakarta,19.83,160,123.94,0.5881,0.7855,0.0305,62.47,94.31,17.52,0.09,0
Sulawesi Selatan,13.36,156,85.63,0.533,0.8266,0.0419,27.55,66.36,8.21,0.04,1
Jawa Barat,31.0,167,185.61,0.6997,0.593,0.0602,42.81,77.97,25.46,0.13,0
Riau,16.38,145,112.99,0.4562,0.7831,0.0328,25.04,63.08,15.18,0.08,1
Jawa Barat,37.53,179,209.65,0.7944,0.8556,0.0179,40.89,79.89,31.48,0.16,0
Sumatera Utara,21.7,176,123.29,0.4444,0.7665,0.05,26.01,70.13,15.1,0.08,1
Sumatera Selatan,14.4,163,88.33,0.461,0.4676,0.0645,27.02,64.11,9.24,0.05,0
Jawa Barat,18.44,168,109.77,0.7729,0.6293,0.0457,44.63,77.59,11.59,0.06,1
Banten,31.13,170,183.09,0.4394,0.6571,0.0307,43.84,78.75,19.28,0.1,1
Banten,18.89,147,128.51,0.8275,0.6824,0.0365,45.25,80.68,13.86,0.07,0
Sumatera Selatan,17.16,175,98.05,0.6085,0.7271,0.0304,25.35,62.47,10.02,0.05,1
Sumatera Utara,55.93,156,358.52,0.6309,0.7923,0.0458,28.68,67.17,50.25,0.25,0
Sumatera Selatan,14.78,182,81.19,0.7009,0.9075,0.001,26.12,61.93,9.57,0.05,0
Sumatera Utara,44.15,146,302.42,0.5238,0.6025,0.0419,26.5,70.44,20.06,0.1,1
Jawa Tengah,45.02,164,274.49,0.4725,0.8292,0.0365,32.92,71.54,31.9,0.16,0
Sumatera Utara,40.93,170,240.77,0.5831,0.7099,0.058,25.27,69.2,23.7,0.12,1
Sulawesi Selatan,34.07,151,225.64,0.841,0.6187,0.0116,26.38,68.46,30.86,0.15,0
Banten,15.31,146,104.85,0.3327,0.656,0.017,41.66,78.78,7.89,0.04,0
Sumatera Selatan,17.3,149,116.09,0.5638,0.7936,0.0471,21.54,63.15,14.15,0.07,0
Riau,65.83,154,427.44,0.5694,0.9897,0.066,25.36,64.2,50.27,0.25,0
DKI Jakarta,43.88,166,264.36,0.8869,0.7149,0.0371,62.95,95.94,43.88,0.22,0
DKI Jakarta,31.27,159,196.65,0.654,0.7288,0.0354,61.4,93.11,21.08,0.11,1
Sumatera Utara,17.43,151,115.44,0.6655,0.6128,0.0243,27.58,68.64,11.62,0.06,0
Jawa Barat,14.57,146,99.82,0.7171,0.7955,0.0408,40.4,78.01,10.59,0.05,0
Banten,14.6,165,88.46,0.4674,0.8013,0.0207,44.31,78.69,6.35,0.03,1
Banten,17.34,159,109.06,0.5089,0.7151,0.0134,43.19,81.09,11.0,0.06,0
Banten,20.85,156,133.65,0.7118,0.8684,0.0508,42.59,79.17,12.15,0.06,0
Sumatera Selatan,26.92,162,166.19,0.6892,0.6223,0.0226,25.7,60.9,19.74,0.1,0
Jawa Timur,45.8,159,288.06,0.7002,0.6778,0.0533,35.49,75.91,41.52,0.21,0
Jawa Barat,70.95,146,485.96,0.99,0.7083,0.0387,39.59,77.75,52.66,0.26,0
Banten,52.44,154,340.55,0.7352,0.8084,0.0596,45.21,79.99,35.79,0.18,0
Bali,12.83,151,84.98,0.6499,0.8655,0.0183,46.17,85.53,10.04,0.05,0
Jawa Timur,16.67,157,106.2,0.4815,0.8642,0.0559,38.64,75.83,14.36,0.07,0
Sumatera Selatan,15.75,162,97.2,0.5705,0.7384,0.0402,22.76,64.17,9.07,0.05,1
Banten,49.11,180,272.86,0.5911,0.5169,0.0104,44.22,78.24,37.91,0.19,0
Jawa Barat,33.81,146,231.61,0.6769,0.7033,0.0256,40.01,80.04,25.41,0.13,0
Sumatera Utara,20.76,171,121.38,0.8114,0.8222,0.0262,28.42,67.84,20.63,0.1,0
Banten,22.86,156,146.54,0.4551,0.738,0.0479,43.32,78.09,13.9,0.07,0
Sumatera Selatan,26.94,155,173.79,0.3289,0.6661,0.0209,22.83,60.15,13.38,0.07,1
Riau,35.76,173,206.7,0.5345,0.5013,0.0153,23.69,65.03,31.27,0.16,0
Jawa Barat,42.68,142,300.53,0.5765,0.7578,0.0319,40.69,77.66,28.17,0.14,0
DKI Jakarta,29.45,170,173.23,0.4739,0.8377,0.0585,63.11,93.28,14.61,0.07,1
Jawa Barat,23.62,168,140.62,0.7658,0.7962,0.0425,42.51,79.0,18.98,0.09,0
Riau,34.69,180,192.72,0.5337,0.6219,0.0342,25.02,67.46,26.9,0.13,0
Banten,22.49,160,140.57,0.6589,0.5851,0.0517,43.03,78.72,19.02,0.1,1
Jawa Timur,28.17,147,191.66,0.5197,0.6957,0.0205,36.54,75.51,15.68,0.08,1
Banten,21.48,151,142.24,0.5222,0.7235,0.0758,44.1,79.12,17.89,0.09,0
DKI Jakarta,45.43,155,293.07,0.6167,0.8251,0.0732,62.4,93.02,38.93,0.19,1
Sumatera Utara,46.69,152,307.2,0.6889,0.7668,0.0305,27.75,66.98,44.95,0.22,0
Jawa Barat,22.63,160,141.44,0.7678,0.7992,0.0417,40.95,80.57,16.02,0.08,0
Riau,73.11,152,480.98,0.6193,0.6075,0.0376,25.67,65.42,49.8,0.25,1
Jawa Barat,27.16,157,172.99,0.8007,0.6575,0.0293,37.88,78.37,21.0,0.1,0
Jawa Tengah,29.62,153,193.62,0.7639,0.7456,0.0581,32.59,71.28,22.83,0.11,0
Sulawesi Selatan,54.99,164,335.3,0.6013,0.6236,0.0105,29.07,67.88,39.01,0.2,0
Riau,82.44,177,465.74,0.4559,0.5159,0.0323,28.19,64.63,37.49,0.19,1
Bali,46.75,161,290.36,0.5211,0.6118,0.0499,50.46,86.82,31.37,0.16,1
Banten,30.81,167,184.47,0.4362,0.7937,0.0708,44.24,80.1,21.94,0.11,0
Sumatera Selatan,20.94,162,129.29,0.5388,0.5181,0.0669,22.52,63.27,13.95,0.07,1
Banten,33.16,181,183.19,0.705,0.6102,0.0259,43.28,79.94,25.34,0.13,0
Riau,33.99,160,212.47,0.5045,0.732,0.0239,24.96,66.97,15.22,0.08,1
Sumatera Utara,33.01,171,193.04,0.8298,0.826,0.0312,26.29,68.17,28.29,0.14,0
DKI Jakarta,22.81,164,139.06,0.7021,0.7629,0.0682,60.99,93.63,16.51,0.08,0
Riau,16.95,157,107.96,0.355,0.9027,0.0477,25.01,65.59,11.36,0.06,0
Jawa Barat,30.15,175,172.29,0.6196,0.9574,0.0965,39.41,79.55,23.61,0.12,0
Riau,16.42,146,112.49,0.3965,0.7354,0.0522,27.5,66.82,12.52,0.06,1
Jawa Barat,10.83,150,72.19,0.4755,0.9333,0.0732,42.41,78.86,8.06,0.04,1
Bali,19.02,189,100.63,0.696,0.6939,0.0377,48.63,84.78,15.88,0.08,0
Sumatera Utara,22.52,183,123.06,0.8355,0.5777,0.0231,28.97,69.39,14.96,0.07,0
Banten,16.34,156,104.77,0.6065,0.5612,0.0876,44.56,76.52,12.93,0.06,0
Sulawesi Selatan,31.16,183,170.29,0.4359,0.7524,0.0131,26.8,67.91,26.46,0.13,0
Sulawesi Selatan,14.97,177,84.57,0.6721,0.8309,0.0451,30.6,67.1,10.21,0.05,0
Jawa Tengah,14.15,160,88.45,0.6938,0.4851,0.042,32.05,72.17,10.07,0.05,0
Sulawesi Selatan,42.28,144,293.62,0.5908,0.746,0.0277,25.4,68.23,34.07,0.17,0
Banten,37.33,152,245.58,0.5473,0.8022,0.0468,44.34,81.29,27.77,0.14,1
Jawa Timur,25.37,144,176.2,0.7185,0.6085,0.0366,37.65,73.74,17.07,0.09,0
Sulawesi Selatan,43.93,139,316.05,0.5046,0.6713,0.0222,27.45,66.94,26.27,0.13,0
Bali,15.59,146,106.78,0.6087,0.8036,0.0138,50.57,83.43,11.17,0.06,1
Bali,36.08,164,220.0,0.3128,0.6999,0.0484,48.97,83.77,20.6,0.1,1
Banten,22.65,166,136.42,0.7095,0.8328,0.0239,42.87,78.16,16.85,0.08,1
Sumatera Utara,49.12,149,329.65,0.6638,0.9761,0.0291,27.51,70.76,38.17,0.19,0
Sulawesi Selatan,24.72,147,168.19,0.5509,0.8186,0.023,28.12,68.84,18.45,0.09,1
DKI Jakarta,16.72,170,98.37,0.6467,0.4556,0.0236,62.52,93.27,13.93,0.07,0
Sulawesi Selatan,45.74,149,307.01,0.3853,0.7286,0.0365,29.72,67.82,32.53,0.16,1
Sulawesi Selatan,18.94,154,123.0,0.6193,0.5027,0.0146,29.15,67.28,9.76,0.05,1
Banten,14.06,163,86.29,0.567,0.702,0.0332,41.75,79.99,11.27,0.06,0
DKI Jakarta,52.89,158,334.74,0.5875,0.9386,0.051,62.15,93.28,23.31,0.12,0
Jawa Timur,37.28,180,207.09,0.4399,0.714,0.0517,34.94,73.57,21.46,0.11,0
Jawa Barat,16.51,167,98.84,0.565,0.7788,0.0295,43.69,77.91,9.32,0.05,0
Riau,23.64,167,141.54,0.7885,0.7602,0.0248,24.64,67.06,20.31,0.1,1
Jawa Timur,20.79,149,139.53,0.7544,0.6817,0.0632,37.1,73.62,16.01,0.08,0
Jawa Timur,18.04,185,97.53,0.3415,0.7165,0.0476,35.75,76.72,14.95,0.07,1
Sumatera Utara,14.27,144,99.1,0.5725,0.4356,0.0498,25.43,68.87,9.12,0.05,0
Riau,22.12,156,141.8,0.6969,0.678,0.0646,24.22,64.92,16.58,0.08,0
Jawa Barat,44.25,178,248.58,0.7148,0.8245,0.0604,41.13,79.5,24.98,0.12,0
Banten,35.57,155,229.46,0.5559,0.4975,0.0572,44.95,80.05,29.83,0.15,0
DKI Jakarta,18.6,163,114.11,0.5652,0.6875,0.0041,63.2,91.64,11.54,0.06,1
Sumatera Utara,36.91,161,229.27,0.5076,0.8992,0.0281,26.4,67.71,20.69,0.1,1
Jawa Timur,54.78,167,328.05,0.5843,0.582,0.0124,37.27,74.95,38.83,0.19,0
Jawa Timur,15.55,157,99.04,0.4289,0.8834,0.0665,38.22,77.13,7.31,0.04,1
Jawa Barat,34.37,158,217.51,0.4158,0.4742,0.0325,42.27,78.12,19.18,0.1,0
Sumatera Selatan,22.2,148,150.0,0.7407,0.5803,0.0243,23.76,62.85,16.48,0.08,0
Jawa Tengah,18.36,141,130.2,0.5525,0.6425,0.0458,33.27,70.71,10.1,0.05,1
Riau,27.32,182,150.09,0.4859,0.8008,0.0521,26.33,65.32,19.32,0.1,1
Riau,40.34,178,226.65,0.6523,0.682,0.0491,28.2,63.97,32.46,0.16,0
Riau,12.88,155,83.1,0.4984,0.878,0.0399,28.65,66.7,9.36,0.05,1
DKI Jakarta,24.28,163,148.98,0.433,0.8604,0.0635,63.37,93.7,17.64,0.09,0
Bali,17.55,141,124.46,0.6407,0.7535,0.0329,48.78,83.07,10.29,0.05,1
Riau,19.56,130,150.46,0.5407,0.455,0.0095,26.05,66.87,14.83,0.07,1
Sumatera Selatan,24.05,177,135.86,0.7322,0.7617,0.0317,24.41,61.53,21.73,0.11,0
Sumatera Selatan,15.59,150,103.92,0.7204,0.6696,0.0309,24.61,63.41,9.33,0.05,1
Sumatera Utara,65.44,160,408.99,0.6383,0.7839,0.0524,27.63,66.42,47.54,0.24,0
Sumatera Selatan,8.22,162,50.76,0.5519,0.8637,0.0583,27.25,63.45,5.51,0.03,0
Jawa Tengah,31.31,157,199.43,0.7459,0.6026,0.0245,32.01,73.38,24.58,0.12,0
Jawa Timur,31.84,159,200.28,0.8034,0.7188,0.001,38.74,74.62,25.01,0.13,0
Jawa Timur,24.93,161,154.84,0.6378,0.6801,0.0791,33.5,73.98,24.93,0.12,0
Jawa Timur,27.42,160,171.35,0.4935,0.8489,0.0437,36.39,74.02,18.22,0.09,0
Sumatera Utara,33.23,161,206.43,0.504,0.8268,0.001,27.89,68.13,25.93,0.13,0
Sumatera Selatan,18.11,157,115.34,0.6205,0.4918,0.0071,24.64,65.41,14.62,0.07,0
Jawa Tengah,16.68,134,124.49,0.4562,0.6057,0.0443,32.65,73.38,9.6,0.05,1
Jawa Timur,19.89,156,127.52,0.7954,0.7902,0.0295,38.88,76.8,17.92,0.09,0
Sumatera Selatan,31.55,166,190.08,0.7996,0.9266,0.0646,23.94,61.82,27.81,0.14,0
Sumatera Selatan,26.36,136,193.8,0.6304,0.6542,0.0296,22.76,64.42,20.75,0.1,0
Jawa Tengah,14.21,156,91.07,0.3665,0.6066,0.0384,31.75,73.28,11.29,0.06,1
Jawa Barat,23.15,160,144.71,0.5203,0.8321,0.0279,40.79,78.97,12.78,0.06,0
Jawa Timur,19.33,174,111.08,0.6791,0.8333,0.0371,37.89,74.64,11.96,0.06,0
Jawa Barat,17.37,181,95.95,0.6907,0.757,0.0411,42.86,79.77,16.14,0.08,0
Riau,22.69,191,118.79,0.7806,0.6814,0.0667,24.3,64.59,15.32,0.08,0
Sumatera Selatan,12.51,141,88.69,0.7418,0.7651,0.0459,23.1,63.89,8.4,0.04,0
Riau,9.08,135,67.24,0.6792,0.8107,0.0416,24.5,64.94,7.71,0.04,0
Jawa Timur,24.04,154,156.12,0.5136,0.6025,0.0548,36.37,74.22,16.23,0.08,1
Jawa Timur,35.67,146,244.32,0.5333,0.6587,0.0662,38.24,74.91,24.01,0.12,1
Banten,21.1,164,128.64,0.8632,0.7368,0.0133,44.36,82.16,14.73,0.07,0
Sumatera Selatan,39.18,162,241.87,0.7047,0.791,0.0267,25.13,61.7,27.49,0.14,0
Sulawesi Selatan,34.34,154,223.01,0.6076,0.7805,0.0441,29.02,68.99,24.67,0.12,0
Sulawesi Selatan,16.33,165,98.97,0.6156,0.826,0.0399,27.02,68.81,9.05,0.05,0
Jawa Timur,15.34,152,100.94,0.6474,0.8701,0.0277,34.88,75.18,13.17,0.07,0
Jawa Barat,11.03,142,77.7,0.4646,0.5756,0.001,40.62,77.94,7.04,0.04,1
DKI Jakarta,27.97,166,168.51,0.682,0.5171,0.0343,63.63,92.7,24.31,0.12,0
Sulawesi Selatan,31.43,162,194.0,0.4686,0.6677,0.0475,28.8,69.35,20.32,0.1,0
Sulawesi Selatan,23.54,158,148.97,0.6805,0.6057,0.0688,28.02,66.37,16.76,0.08,0
Sumatera Utara,18.46,179,103.11,0.7714,0.623,0.0406,29.82,64.85,16.68,0.08,0
DKI Jakarta,22.36,156,143.31,0.3898,0.8139,0.0401,62.62,94.57,12.07,0.06,1
Banten,34.51,162,213.0,0.2907,0.6516,0.0243,43.6,78.18,29.52,0.15,0
Sumatera Selatan,34.9,173,201.75,0.5643,0.83,0.04,21.95,62.97,21.54,0.11,0
Sumatera Selatan,33.31,172,193.65,0.4855,0.5194,0.03,26.21,61.49,20.66,0.1,0
Sumatera Selatan,27.4,157,174.54,0.6755,0.7158,0.0513,24.16,62.4,22.77,0.11,0
Sumatera Selatan,37.67,139,271.0,0.6686,0.5531,0.0491,23.62,63.18,27.81,0.14,1
DKI Jakarta,15.29,163,93.78,0.4941,0.7725,0.0683,62.25,94.53,8.41,0.04,1
Riau,17.41,157,110.92,0.6013,0.6918,0.0456,28.35,67.01,12.37,0.06,0
Sulawesi Selatan,16.9,177,95.48,0.6719,0.73,0.0508,29.39,67.8,12.78,0.06,0
Banten,22.52,185,121.75,0.6436,0.6713,0.0126,43.56,79.93,17.04,0.09,0
Sumatera Utara,47.02,146,322.04,0.6079,0.6929,0.0468,29.1,67.91,35.61,0.18,0
Jawa Tengah,14.45,140,103.2,0.58,0.7234,0.0548,35.04,73.21,10.63,0.05,0
Bali,17.37,167,104.02,0.6813,0.7531,0.0423,49.22,83.14,12.02,0.06,1
Jawa Timur,12.0,173,69.34,0.5772,0.6921,0.0391,36.98,74.87,8.04,0.04,0
Sulawesi Selatan,32.44,158,205.34,0.6595,0.7927,0.0364,24.76,67.8,21.21,0.11,1
Sumatera Utara,22.81,157,145.31,0.3964,0.8898,0.0729,30.27,67.11,12.48,0.06,0
Jawa Timur,49.5,161,307.45,0.4975,0.4678,0.0074,35.26,77.07,39.07,0.2,0
Sumatera Utara,48.44,157,308.54,0.9073,0.7309,0.0651,25.59,68.58,34.33,0.17,0
DKI Jakarta,14.99,171,87.67,0.8541,0.705,0.0481,59.69,92.73,12.01,0.06,1
Sulawesi Selatan,23.04,162,142.24,0.4109,0.5471,0.0302,26.62,68.29,19.46,0.1,1
Banten,45.02,157,286.74,0.4881,0.8402,0.0508,44.83,81.37,30.59,0.15,0
Banten,18.02,174,103.59,0.329,0.4944,0.0482,45.84,78.94,9.07,0.05,0
Banten,40.95,167,245.24,0.5358,0.6416,0.0202,44.61,81.43,24.27,0.12,0
Riau,9.65,184,52.46,0.6931,0.6091,0.0612,28.7,65.71,8.13,0.04,0
Sumatera Selatan,24.42,171,142.8,0.3279,0.6919,0.0442,23.7,63.34,13.02,0.07,0
Riau,15.78,145,108.8,0.7761,0.6836,0.0244,25.75,66.84,8.06,0.04,0
Jawa Barat,42.75,167,256.01,0.7043,0.6897,0.0709,38.7,78.84,36.13,0.18,0
Sumatera Selatan,21.39,175,122.24,0.6557,0.7756,0.0522,23.44,63.57,12.65,0.06,1
Riau,33.45,149,224.53,0.6489,0.4592,0.0479,23.04,65.51,22.09,0.11,1
Sulawesi Selatan,31.5,164,192.09,0.6736,0.7257,0.0609,25.89,65.7,18.75,0.09,0
Jawa Tengah,17.75,173,102.61,0.5554,0.5979,0.0407,34.15,72.59,12.37,0.06,0
Bali,34.49,148,233.02,0.5189,0.5804,0.0574,46.17,84.8,18.48,0.09,0
Bali,31.27,161,194.21,0.4769,0.637,0.0561,46.32,84.04,15.11,0.08,1
DKI Jakarta,10.85,146,74.34,0.7933,0.564,0.0292,59.76,91.14,8.2,0.04,0
Sulawesi Selatan,30.35,158,192.08,0.4267,0.7345,0.0369,29.06,68.55,21.45,0.11,1
Bali,19.19,164,117.0,0.5154,0.7772,0.0309,51.16,83.47,14.27,0.07,0
Bali,28.72,154,186.51,0.2884,0.6459,0.068,48.59,83.15,18.6,0.09,0
Sulawesi Selatan,24.74,148,167.19,0.7292,0.8131,0.0105,29.31,66.33,20.1,0.1,0
Jawa Tengah,38.11,153,249.07,0.3981,0.7626,0.0471,31.45,69.75,33.01,0.17,0
DKI Jakarta,37.33,155,240.81,0.5492,0.8973,0.0674,64.24,94.75,25.07,0.13,0
Riau,15.3,151,101.34,0.7353,0.6503,0.0158,25.03,68.23,9.44,0.05,0
Sumatera Utara,17.54,153,114.64,0.5961,0.7927,0.0413,29.4,67.5,15.5,0.08,0
Bali,21.32,164,129.99,0.3467,0.6351,0.0643,48.66,85.49,15.71,0.08,1
Sumatera Utara,42.09,164,256.66,0.7252,0.7224,0.0329,25.52,68.09,35.57,0.18,0
Jawa Barat,18.13,150,120.89,0.7814,0.7368,0.043,40.17,78.93,14.02,0.07,0
Sumatera Utara,29.25,169,173.07,0.5419,0.9164,0.0357,28.66,68.12,18.99,0.09,1
Jawa Timur,34.79,148,235.1,0.8083,0.7321,0.0211,34.03,76.34,24.83,0.12,0
Bali,25.29,168,150.56,0.4953,0.7005,0.0325,49.14,83.05,16.93,0.08,1
Sumatera Selatan,59.92,162,369.85,0.475,0.6982,0.0272,22.18,63.22,39.27,0.2,0
Bali,18.55,164,113.09,0.5604,0.6792,0.0092,49.51,85.86,12.16,0.06,0
Sumatera Selatan,30.76,159,193.46,0.5855,0.83,0.0689,22.26,63.94,17.8,0.09,0
Jawa Barat,27.28,152,179.49,0.3348,0.5601,0.049,42.16,78.99,19.44,0.1,1
Bali,25.66,164,156.44,0.5826,0.6589,0.0324,49.92,84.62,20.89,0.1,1
Jawa Barat,10.65,181,58.85,0.7353,0.6122,0.0305,41.25,78.17,9.27,0.05,0
Jawa Tengah,20.9,163,128.25,0.4423,0.7212,0.0316,33.08,71.68,12.33,0.06,0
Jawa Barat,9.49,140,67.8,0.4061,0.3716,0.025,43.73,76.74,8.06,0.04,1
DKI Jakarta,17.07,148,115.36,0.6137,0.8837,0.0322,61.23,94.8,15.63,0.08,0
Bali,24.44,173,141.28,0.5835,0.8713,0.0218,47.9,86.14,19.06,0.1,0
Jawa Barat,77.92,153,509.26,0.5155,0.7794,0.054,42.46,78.95,55.33,0.28,0
DKI Jakarta,35.47,164,216.27,0.608,0.8407,0.0028,63.03,94.22,30.78,0.15,0
DKI Jakarta,16.38,181,90.52,0.7622,0.7383,0.044,62.04,94.92,15.68,0.08,0
Riau,24.96,154,162.06,0.8431,0.7374,0.0223,24.28,62.86,22.43,0.11,0
Jawa Tengah,27.05,149,181.52,0.797,0.5905,0.0582,34.66,71.49,13.32,0.07,0
Riau,26.5,172,154.09,0.5763,0.6717,0.0366,24.24,65.31,22.67,0.11,0
Jawa Tengah,23.81,161,147.86,0.7092,0.8157,0.0471,36.62,70.05,15.82,0.08,0
Jawa Tengah,19.17,171,112.13,0.62,0.9578,0.0276,31.41,72.29,17.72,0.09,0
Jawa Barat,23.75,135,175.89,0.4698,0.5579,0.066,39.84,76.38,17.64,0.09,1
Jawa Tengah,28.41,170,167.14,0.7187,0.7595,0.0151,33.71,72.93,18.34,0.09,0
Jawa Tengah,29.7,143,207.67,0.6374,0.7142,0.0267,34.02,72.37,24.08,0.12,0
Bali,34.36,152,226.06,0.5814,0.8249,0.0203,47.24,84.27,20.51,0.1,0
Sumatera Utara,32.66,147,222.16,0.5849,0.8239,0.0386,30.94,69.11,25.16,0.13,0
Banten,25.04,162,154.58,0.5553,0.6216,0.0418,44.59,79.98,22.5,0.11,0
Sulawesi Selatan,22.18,164,135.26,0.4427,0.7644,0.0147,27.53,68.37,11.77,0.06,1
Banten,40.34,188,214.6,0.3845,0.7722,0.0189,44.68,80.14,21.18,0.11,1
Bali,16.27,164,99.21,0.8827,0.6783,0.0178,50.52,83.47,13.03,0.07,0
Jawa Timur,9.62,183,52.56,0.6991,0.7384,0.0107,39.21,77.28,7.35,0.04,0
Sulawesi Selatan,10.24,151,67.84,0.457,0.6494,0.0263,28.19,69.29,7.1,0.04,1
Jawa Barat,10.89,169,64.46,0.7743,0.5083,0.0747,39.59,79.11,8.61,0.04,0
Sumatera Utara,27.92,143,195.27,0.6457,0.79,0.0428,26.51,68.38,20.17,0.1,0
Banten,27.71,177,156.58,0.5906,0.7503,0.0267,41.98,80.7,16.62,0.08,0
Bali,32.1,146,219.9,0.5966,0.8293,0.0346,47.74,86.01,29.3,0.15,0
Jawa Tengah,28.42,149,190.76,0.3972,0.9127,0.0088,33.26,74.38,22.36,0.11,1
Jawa Timur,41.24,164,251.49,0.5404,0.6794,0.01,37.12,74.75,30.91,0.15,0
Jawa Timur,41.25,156,264.41,0.671,0.8251,0.0229,38.49,76.65,27.09,0.14,0
Riau,39.72,166,239.26,0.3196,0.7794,0.0146,22.99,65.3,30.6,0.15,0
Jawa Tengah,39.69,164,242.01,0.6621,0.9597,0.0571,33.18,70.17,19.94,0.1,0
Banten,53.51,153,349.71,0.8485,0.8142,0.0778,44.79,80.81,47.14,0.24,0
Riau,75.4,168,448.79,0.603,0.7784,0.0573,21.89,67.16,53.05,0.27,0
Jawa Tengah,25.4,167,152.08,0.6853,0.4611,0.0242,33.88,73.27,13.47,0.07,1
Jawa Tengah,55.86,169,330.52,0.7613,0.7704,0.0402,37.3,71.9,48.21,0.24,1
Jawa Barat,14.49,131,110.64,0.5468,0.8202,0.0503,42.66,79.07,8.07,0.04,1
Jawa Barat,18.84,166,113.51,0.4692,0.6382,0.048,41.96,79.44,9.9,0.05,1
Sulawesi Selatan,56.93,161,353.62,0.6642,0.7729,0.0698,27.49,68.49,46.71,0.23,0
Bali,25.44,165,154.17,0.4532,0.8333,0.016,49.05,85.98,12.73,0.06,0
Jawa Barat,10.39,149,69.73,0.7327,0.7507,0.043,43.81,79.73,6.97,0.03,0
Sumatera Utara,13.14,156,84.2,0.7419,0.8487,0.0389,27.88,67.51,9.16,0.05,0
Jawa Barat,15.62,154,101.42,0.7076,0.6884,0.0332,43.29,78.63,11.06,0.06,0
Bali,13.18,155,85.04,0.4736,0.6365,0.0088,49.4,83.89,10.13,0.05,0
Sumatera Selatan,29.85,155,192.58,0.6881,0.7622,0.0108,26.74,63.29,25.61,0.13,0
Sumatera Selatan,15.1,155,97.39,0.254,0.8713,0.0658,25.93,60.86,8.76,0.04,0
Jawa Timur,18.78,147,127.74,0.5012,0.9429,0.0571,37.08,77.71,12.89,0.06,0
Jawa Timur,17.29,158,109.41,0.7543,0.8193,0.0172,36.99,74.46,11.46,0.06,0
Bali,10.21,130,78.56,0.5301,0.6994,0.0038,48.23,83.88,6.75,0.03,0
Sumatera Utara,13.38,167,80.14,0.6575,0.6283,0.0406,29.87,68.3,7.78,0.04,0
Sumatera Utara,32.66,139,234.95,0.8387,0.7575,0.0384,27.51,66.55,23.73,0.12,0
Sulawesi Selatan,31.11,180,172.84,0.5467,0.8249,0.0077,28.07,67.4,22.01,0.11,0
Bali,6.25,146,42.84,0.4194,0.7716,0.0811,48.41,84.7,3.67,0.02,1
Jawa Timur,17.39,161,108.02,0.4553,0.901,0.0648,34.79,77.38,11.64,0.06,0
DKI Jakarta,34.66,149,232.61,0.6112,0.6437,0.0184,62.73,94.37,26.61,0.13,0
Jawa Tengah,27.96,143,195.53,0.0831,0.7585,0.0662,30.91,71.61,14.8,0.07,1
Sumatera Selatan,74.96,163,459.9,0.5656,0.7839,0.0446,23.63,61.75,62.9,0.31,0
Jawa Barat,17.82,138,129.1,0.6359,0.8137,0.0545,42.5,81.17,12.71,0.06,0
Jawa Timur,27.65,156,177.22,0.4867,0.7749,0.0231,37.05,75.49,23.72,0.12,0
Sulawesi Selatan,14.96,155,96.54,0.3612,0.653,0.0524,28.13,67.9,9.22,0.05,1
Banten,12.27,168,73.04,0.6275,0.3966,0.0844,42.8,78.15,7.28,0.04,1
Jawa Tengah,31.37,178,176.21,0.6569,0.8697,0.0636,34.77,72.73,19.01,0.1,0
Sumatera Utara,19.6,162,120.99,0.99,0.8049,0.0548,27.07,67.49,14.06,0.07,0
Sulawesi Selatan,107.11,171,626.38,0.5274,0.6673,0.0029,28.96,69.57,61.19,0.31,0
Jawa Tengah,18.76,170,110.38,0.7811,0.7022,0.0571,35.15,72.66,13.43,0.07,0
Sumatera Utara,19.1,160,119.39,0.4017,0.7117,0.0492,26.1,68.35,10.38,0.05,1
Sumatera Selatan,24.11,158,152.56,0.6384,0.5242,0.0237,23.69,61.51,17.18,0.09,0
Sumatera Utara,36.51,153,238.65,0.7822,0.6173,0.0335,27.65,68.08,27.84,0.14,0
Bali,34.44,151,228.07,0.5631,0.7207,0.0382,49.11,84.24,24.63,0.12,0
Banten,11.81,169,69.86,0.7581,0.7659,0.0507,42.68,79.95,7.69,0.04,0
Sumatera Selatan,51.55,177,291.22,0.9467,0.7993,0.0111,22.55,60.74,36.66,0.18,0
Jawa Timur,18.11,134,135.17,0.6043,0.7621,0.041,36.72,74.31,10.23,0.05,0
DKI Jakarta,7.4,150,49.36,0.7703,0.4653,0.071,61.56,93.6,6.36,0.03,0
Jawa Timur,23.91,163,146.7,0.8034,0.6056,0.0507,36.58,76.0,15.64,0.08,0
Jawa Barat,15.28,168,90.96,0.5649,1.0,0.0185,42.84,76.28,11.71,0.06,0
Sumatera Selatan,43.0,158,272.14,0.4726,0.8544,0.0454,21.87,64.76,29.2,0.15,1
Banten,28.44,163,174.45,0.4498,0.5362,0.0497,43.93,81.29,13.64,0.07,0
Sumatera Selatan,36.2,141,256.72,0.4474,0.8187,0.001,23.41,61.91,28.58,0.14,0
Sumatera Selatan,46.26,169,273.73,0.4947,0.8257,0.0461,24.34,66.06,31.23,0.16,0
Sumatera Utara,20.19,172,117.38,0.6908,0.8812,0.0403,27.52,68.49,14.26,0.07,0
Sulawesi Selatan,26.75,161,166.16,0.6248,0.8834,0.0086,26.13,67.67,15.99,0.08,0
Banten,45.9,173,265.33,0.5068,0.8665,0.0783,44.69,80.51,32.66,0.16,0
Riau,23.76,145,163.86,0.5406,0.7306,0.0462,30.26,65.9,14.37,0.07,0
Riau,14.77,149,99.13,0.2264,0.7847,0.0359,25.95,65.54,9.4,0.05,1
Sumatera Selatan,46.48,148,314.06,0.542,0.6244,0.0228,23.21,61.8,33.58,0.17,0
Banten,22.55,152,148.36,0.5165,0.5578,0.0422,43.01,79.28,13.57,0.07,1
Banten,15.01,149,100.77,0.6373,0.7906,0.0484,45.5,80.23,10.92,0.05,0
Bali,64.54,158,408.5,0.6771,0.6463,0.0666,47.38,85.5,39.28,0.2,1
Sulawesi Selatan,10.64,167,63.74,0.883,0.632,0.0377,29.85,69.53,5.06,0.03,1
DKI Jakarta,16.29,153,106.45,0.7095,0.7724,0.013,59.94,93.65,11.88,0.06,0
Sulawesi Selatan,17.34,156,111.12,0.4898,0.752,0.0384,28.19,67.9,9.64,0.05,1
Sulawesi Selatan,36.92,160,230.72,0.6586,0.9044,0.0382,28.9,67.01,20.51,0.1,0
Sumatera Utara,21.73,176,123.47,0.8133,0.7377,0.0728,29.54,69.51,12.26,0.06,0
Sumatera Utara,14.67,139,105.56,0.4669,0.8285,0.0458,29.44,67.83,7.3,0.04,1
Banten,37.59,149,252.26,0.3793,0.7124,0.0477,44.5,79.09,22.27,0.11,0
Sumatera Utara,32.23,147,219.22,0.7379,0.786,0.029,30.13,68.27,29.62,0.15,0
Jawa Barat,21.51,169,127.25,0.6344,0.6799,0.0471,40.01,76.59,17.07,0.09,0
Jawa Timur,25.37,154,164.77,0.5801,0.8308,0.0232,35.83,76.05,23.43,0.12,0
Sulawesi Selatan,12.67,146,86.78,0.4176,0.8849,0.0433,27.3,67.43,9.07,0.05,1
Sumatera Utara,20.03,153,130.91,0.5429,0.6951,0.0559,30.63,71.52,11.96,0.06,0
Jawa Timur,24.06,170,141.51,0.7357,0.6885,0.0397,37.5,74.66,19.75,0.1,0
Jawa Tengah,12.54,155,80.87,0.6781,0.9595,0.0621,34.22,71.78,10.68,0.05,0
Sumatera Selatan,9.95,142,70.05,0.4698,0.7614,0.0678,24.03,64.32,4.67,0.02,0
Banten,17.01,141,120.66,0.7939,0.5686,0.0627,45.33,80.74,16.18,0.08,1
Sumatera Utara,39.35,155,253.88,0.4537,0.7865,0.0412,26.07,69.44,24.14,0.12,0
Jawa Timur,31.34,159,197.11,0.6524,0.7986,0.0213,36.19,75.06,30.85,0.15,0
DKI Jakarta,15.81,144,109.8,0.797,0.834,0.0201,62.07,92.82,12.66,0.06,0
Jawa Tengah,89.59,149,601.26,0.6255,0.7096,0.0509,32.49,75.3,72.27,0.36,1
Sumatera Utara,13.15,148,88.87,0.717,0.6515,0.0454,27.92,68.82,10.99,0.05,0
Jawa Tengah,32.98,170,194.0,0.4409,0.7714,0.0388,34.02,72.37,22.5,0.11,0
Sumatera Utara,17.02,150,113.47,0.5512,0.778,0.0294,28.76,69.17,11.77,0.06,1
Bali,45.66,165,276.7,0.7237,0.7474,0.0403,50.49,82.94,30.57,0.15,0
Jawa Barat,23.54,170,138.5,0.169,0.4983,0.0124,38.37,78.05,8.1,0.04,1
Bali,20.58,158,130.28,0.7551,0.6255,0.0271,50.93,83.25,12.71,0.06,0
Jawa Barat,42.29,175,241.65,0.5984,0.5136,0.0359,40.53,78.8,39.98,0.2,0
Banten,20.66,153,135.04,0.4357,0.6611,0.054,46.07,78.15,17.52,0.09,1
Riau,33.86,158,214.28,0.3097,0.7547,0.0595,25.47,66.21,14.24,0.07,1
Jawa Tengah,23.04,166,138.77,0.3995,0.7709,0.0011,33.75,73.52,13.04,0.07,1
Jawa Tengah,7.82,156,50.13,0.5728,0.8602,0.0082,31.58,73.48,4.08,0.02,0
Banten,75.35,161,468.02,0.7227,0.6951,0.0543,42.28,80.33,43.99,0.22,1
DKI Jakarta,29.58,155,190.84,0.467,0.6818,0.0421,63.27,94.43,18.45,0.09,1
Sulawesi Selatan,18.01,143,125.96,0.5763,0.5296,0.0526,23.9,67.3,13.76,0.07,0
Jawa Tengah,54.69,182,300.49,0.6899,0.7009,0.0276,31.38,72.64,42.99,0.21,0
Sumatera Selatan,16.93,182,93.02,0.6002,0.6143,0.0287,25.45,62.97,12.77,0.06,0
Jawa Tengah,15.16,159,95.33,0.6907,0.5941,0.0253,32.58,69.86,10.59,0.05,1
Bali,10.86,141,77.0,0.4067,0.6428,0.001,47.38,83.76,5.25,0.03,0
Jawa Barat,20.71,156,132.75,0.6471,0.7323,0.0176,43.78,79.55,17.95,0.09,0
Sumatera Selatan,15.26,143,106.71,0.5236,0.7505,0.0187,27.11,61.75,11.22,0.06,0
Sumatera Selatan,18.17,143,127.08,0.5263,0.6447,0.0215,24.3,61.73,12.95,0.06,0
Sumatera Selatan,12.2,162,75.32,0.6689,0.8343,0.0205,26.21,62.86,6.68,0.03,1
DKI Jakarta,15.09,143,105.51,0.5192,0.8372,0.0216,64.68,91.6,9.9,0.05,1
Jawa Barat,31.03,168,184.68,0.6891,0.9433,0.0353,41.48,79.48,22.11,0.11,0
Bali,44.51,148,300.71,0.6778,0.4605,0.051,47.93,85.27,34.26,0.17,0
Jawa Timur,23.07,154,149.81,0.8353,0.9207,0.001,36.93,76.54,15.73,0.08,0
Bali,17.38,151,115.13,0.8118,0.9481,0.0212,46.52,84.77,9.29,0.05,0
Bali,36.22,179,202.33,0.9218,0.8062,0.0219,49.55,83.48,20.42,0.1,0
Riau,42.32,156,271.28,0.462,0.7534,0.0093,25.61,63.92,29.48,0.15,0
Jawa Barat,37.39,142,263.33,0.6122,0.5774,0.0621,41.58,79.26,29.1,0.15,1
Jawa Timur,31.19,164,190.15,0.5869,0.7815,0.0178,36.86,76.26,27.32,0.14,0
DKI Jakarta,15.55,152,102.3,0.8162,0.6083,0.0482,61.13,92.86,11.62,0.06,0
DKI Jakarta,20.67,145,142.56,0.6215,0.7103,0.0242,62.35,92.7,19.76,0.1,0
Bali,25.83,156,165.55,0.6473,0.7765,0.0653,46.66,84.48,19.76,0.1,0
Banten,8.67,164,52.87,0.5242,0.7422,0.023,43.38,79.96,5.77,0.03,1
Sumatera Selatan,19.75,133,148.53,0.5255,0.6751,0.0216,22.63,64.22,17.4,0.09,0
Jawa Barat,56.52,154,366.98,0.6786,0.698,0.0363,40.19,79.39,37.73,0.19,0
Jawa Barat,17.14,159,107.77,0.5241,0.6541,0.0699,38.11,78.5,12.2,0.06,0
Sumatera Utara,9.36,142,65.89,0.5527,0.737,0.0498,27.76,69.44,8.19,0.04,0
Sumatera Utara,16.29,153,106.49,0.5455,0.7803,0.0266,29.13,67.78,10.76,0.05,0
Banten,16.87,161,104.76,0.6855,0.8234,0.0435,44.37,79.43,10.18,0.05,0
DKI Jakarta,42.7,164,260.36,0.8336,0.7603,0.0284,64.03,95.22,34.87,0.17,0
Jawa Tengah,101.48,165,615.05,0.8409,0.8377,0.0696,31.77,73.25,71.05,0.36,0
Jawa Barat,21.86,138,158.41,0.4941,0.6185,0.0555,40.78,79.78,14.64,0.07,1
Jawa Barat,14.97,153,97.85,0.6209,0.9189,0.0392,42.88,78.38,10.76,0.05,0
Jawa Tengah,12.99,155,83.78,0.6292,0.7844,0.0437,33.07,72.19,6.95,0.03,0
Riau,40.34,161,250.59,0.7426,0.6839,0.0272,26.38,64.36,24.99,0.12,0
Sumatera Selatan,33.16,156,212.56,0.7273,0.4148,0.04,27.47,64.18,22.14,0.11,0
Bali,44.62,165,270.42,0.4054,0.7121,0.0515,48.32,83.79,35.21,0.18,0
Jawa Timur,17.02,150,113.5,0.7652,0.684,0.0577,36.07,73.0,14.88,0.07,0
Sumatera Utara,55.4,159,348.4,0.4029,0.6172,0.0314,26.91,67.67,34.94,0.17,1
Bali,28.3,177,159.9,0.3442,0.7882,0.001,48.27,83.47,17.55,0.09,0
Banten,15.32,147,104.22,0.2464,0.7461,0.0539,45.63,76.55,10.13,0.05,0
DKI Jakarta,8.65,143,60.46,0.5933,0.8869,0.0274,63.26,93.51,8.49,0.04,0
Banten,19.08,167,114.26,0.4652,0.4881,0.0568,46.25,80.74,14.34,0.07,1
DKI Jakarta,16.48,145,113.65,0.5934,0.6109,0.0095,62.94,94.7,11.32,0.06,1
Jawa Timur,13.69,154,88.91,0.4945,0.8334,0.0464,33.44,75.89,6.86,0.03,0
Jawa Tengah,29.61,161,183.91,0.595,0.5035,0.0359,34.14,73.81,25.51,0.13,0
Sulawesi Selatan,17.78,169,105.19,0.5003,0.9388,0.031,28.06,67.11,9.5,0.05,0
Sumatera Selatan,14.61,156,93.65,0.6967,0.7003,0.069,24.3,61.73,13.03,0.07,0
Riau,14.07,148,95.09,0.6132,0.6665,0.0254,27.93,65.99,12.71,0.06,1
Sulawesi Selatan,11.14,145,76.86,0.8977,0.6891,0.0672,27.49,68.23,8.64,0.04,0
Sulawesi Selatan,15.13,136,111.26,0.7551,0.6224,0.0834,28.77,66.28,11.98,0.06,0
Jawa Timur,19.26,171,112.6,0.871,0.83,0.0148,35.18,75.19,16.36,0.08,0
Sumatera Utara,20.92,161,129.91,0.5463,0.6904,0.0218,26.12,68.85,17.08,0.09,1
Sumatera Utara,29.52,166,177.82,0.4276,0.7287,0.0367,27.5,68.53,18.69,0.09,1
DKI Jakarta,50.08,152,329.47,0.727,0.733,0.0355,61.93,95.08,40.22,0.2,0
DKI Jakarta,37.17,150,247.78,0.6409,0.6648,0.0621,63.22,93.39,27.85,0.14,0
Jawa Timur,10.59,146,72.55,0.5935,0.5406,0.062,35.15,73.7,5.79,0.03,1
DKI Jakarta,34.21,147,232.71,0.6502,0.7552,0.0302,64.66,93.1,26.56,0.13,0
Riau,40.97,159,257.68,0.6142,0.7566,0.0243,24.65,66.44,18.76,0.09,1
DKI Jakarta,34.2,158,216.44,0.659,0.6625,0.0334,62.27,95.44,25.28,0.13,0
Jawa Tengah,20.83,177,117.67,0.2696,0.4981,0.0443,33.22,71.9,6.95,0.03,1
DKI Jakarta,49.22,155,317.56,0.6435,0.9067,0.017,62.85,96.02,44.29,0.22,0
Banten,18.51,193,95.9,0.4519,0.6392,0.0148,44.78,79.61,10.61,0.05,1
Bali,43.17,169,255.46,0.5801,0.9066,0.0249,52.09,83.89,33.71,0.17,0
DKI Jakarta,46.49,185,251.32,0.8307,0.7836,0.0309,61.5,92.51,38.46,0.19,0
Riau,25.32,134,188.97,0.5641,0.6256,0.0325,26.57,65.31,21.93,0.11,0
Sumatera Utara,9.02,136,66.31,0.7019,0.8059,0.001,28.27,69.47,5.21,0.03,0
Bali,22.87,141,162.17,0.6146,0.7607,0.0314,50.17,86.02,12.76,0.06,0
Sumatera Utara,31.98,142,225.24,0.3986,0.6968,0.0139,29.07,69.48,16.92,0.08,0
Bali,24.01,160,150.08,0.7405,0.7707,0.0413,49.03,85.1,15.82,0.08,0
Riau,23.21,165,140.66,0.3469,0.7797,0.0147,23.86,67.32,14.73,0.07,1
Sumatera Selatan,18.68,153,122.09,0.3961,0.654,0.0465,23.62,61.94,8.99,0.04,1
Banten,20.33,179,113.56,0.4118,0.9781,0.0365,42.64,81.22,11.44,0.06,0
Jawa Timur,20.69,148,139.77,0.4962,0.804,0.0684,36.13,75.74,18.06,0.09,0
Sumatera Utara,45.0,164,274.38,0.5621,0.5767,0.0457,27.16,68.45,34.89,0.17,0
Jawa Barat,14.97,143,104.68,0.7661,0.7282,0.0361,40.72,76.89,9.24,0.05,0
Sumatera Selatan,27.35,153,178.77,0.7914,0.7685,0.0389,23.68,63.51,19.42,0.1,0
Jawa Barat,7.08,144,49.2,0.6691,0.6714,0.041,40.91,79.98,4.3,0.02,0
Sulawesi Selatan,19.09,168,113.65,0.7448,0.7478,0.0281,27.46,65.25,14.82,0.07,0
DKI Jakarta,34.89,165,211.45,0.584,0.7934,0.0348,61.01,95.15,27.87,0.14,0
Jawa Barat,44.49,180,247.15,0.7623,0.7239,0.0298,41.56,75.86,42.92,0.21,0
Jawa Barat,15.98,183,87.33,0.4909,0.8067,0.0328,40.15,76.9,10.92,0.05,0
Jawa Barat,23.32,138,169.01,0.5949,0.5124,0.0308,40.6,78.49,23.32,0.12,0
DKI Jakarta,36.34,166,218.89,0.7177,0.5834,0.0325,62.32,96.1,15.76,0.08,0
Sulawesi Selatan,13.77,138,99.75,0.7903,0.9054,0.039,24.03,67.65,11.53,0.06,0
Riau,11.04,159,69.43,0.5399,0.7539,0.051,29.84,65.96,8.04,0.04,0
Jawa Timur,11.76,149,78.91,0.2411,0.7142,0.0583,37.59,74.31,7.76,0.04,0
Jawa Timur,10.36,145,71.48,0.8048,0.7553,0.0274,37.28,75.17,9.88,0.05,0
Jawa Tengah,36.57,174,210.19,0.7919,0.8308,0.0116,32.42,72.03,36.57,0.18,0
Sumatera Utara,27.63,180,153.5,0.6253,0.7717,0.0555,28.54,70.16,14.15,0.07,0
Jawa Timur,19.05,161,118.32,0.5411,0.7659,0.0831,34.99,74.5,10.92,0.05,1
Banten,14.08,147,95.76,0.715,0.4478,0.0504,44.84,79.01,9.33,0.05,0
Jawa Timur,47.62,184,258.8,0.6178,0.728,0.0332,34.27,76.69,34.95,0.17,0
Jawa Tengah,21.0,160,131.22,0.5478,0.7809,0.0443,31.3,71.8,17.01,0.09,0
Sumatera Utara,24.8,145,171.04,0.5985,0.8773,0.043,27.34,68.34,12.34,0.06,0
Jawa Barat,14.32,151,94.85,0.8018,0.5343,0.0391,43.76,79.12,10.53,0.05,1
Sumatera Utara,14.1,167,84.41,0.7709,0.7464,0.0219,26.75,67.44,10.83,0.05,0
Sumatera Utara,43.37,176,246.41,0.6926,0.6648,0.0596,28.9,65.74,32.6,0.16,0
Jawa Barat,26.09,172,151.71,0.4621,0.5677,0.024,38.41,79.89,16.29,0.08,0
Bali,21.71,137,158.5,0.3785,0.8283,0.0591,48.74,84.64,9.27,0.05,1
Sulawesi Selatan,24.87,145,171.49,0.634,0.7707,0.0507,30.5,66.27,19.28,0.1,0
Sumatera Selatan,38.4,158,243.05,0.5783,0.7214,0.0682,25.05,64.03,22.11,0.11,0
Sulawesi Selatan,37.71,141,267.47,0.5242,0.83,0.0543,24.79,70.21,31.83,0.16,0
Sulawesi Selatan,14.56,168,86.64,0.7233,0.8221,0.001,27.97,69.23,8.96,0.04,0
Sumatera Selatan,20.5,160,128.12,0.729,0.6402,0.0117,23.6,65.6,12.65,0.06,0
Jawa Timur,13.58,151,89.94,0.727,0.7713,0.0412,38.64,73.93,13.08,0.07,0
Jawa Tengah,25.78,162,159.15,0.6291,0.9042,0.0734,33.05,72.4,19.86,0.1,0
Bali,14.33,119,120.46,0.6444,0.5644,0.0319,46.54,84.93,14.33,0.07,0
Banten,18.37,147,125.0,0.8094,0.7052,0.0124,43.9,79.66,17.49,0.09,0
Sumatera Selatan,20.6,158,130.4,0.664,0.7709,0.0558,23.26,62.71,15.28,0.08,0
Bali,16.91,133,127.15,0.5768,0.6053,0.0726,45.46,80.95,13.75,0.07,0
Sulawesi Selatan,72.79,127,573.13,0.8048,0.8144,0.024,27.64,69.83,61.09,0.31,0
Riau,10.43,166,62.81,0.4965,0.8293,0.0293,26.11,63.46,6.43,0.03,0
Jawa Tengah,21.35,158,135.11,0.6812,0.5393,0.0726,33.77,73.18,16.08,0.08,0
DKI Jakarta,10.08,136,74.14,0.8758,0.6888,0.0143,63.93,94.21,9.63,0.05,0
Bali,25.95,164,158.21,0.6117,0.8483,0.0185,48.28,84.46,23.1,0.12,1
DKI Jakarta,12.33,161,76.61,0.6552,0.8247,0.0182,60.15,93.95,12.23,0.06,0
Sumatera Utara,20.74,147,141.11,0.3419,0.5007,0.0432,27.14,68.44,10.9,0.05,1
Jawa Tengah,13.78,134,102.83,0.5671,0.6897,0.0342,33.17,72.87,11.34,0.06,1
Banten,40.6,159,255.33,0.4001,0.9349,0.0278,45.92,80.94,22.92,0.11,0
Bali,11.39,153,74.47,0.7542,0.5498,0.0574,48.71,84.35,8.9,0.04,1
Banten,11.7,149,78.52,0.7961,0.8093,0.0563,43.9,78.35,10.28,0.05,0
Jawa Barat,16.46,192,85.72,0.4627,0.6547,0.0688,41.15,77.11,8.89,0.04,1
Banten,25.0,142,176.07,0.8757,0.8106,0.0411,44.09,81.05,16.82,0.08,0
Jawa Barat,25.37,157,161.6,0.4641,0.6489,0.0554,44.37,78.27,15.69,0.08,1
Bali,21.26,169,125.81,0.743,0.6485,0.017,48.57,83.27,14.81,0.07,0
DKI Jakarta,32.68,162,201.7,0.5417,0.7547,0.0543,62.0,93.31,21.63,0.11,0
Sulawesi Selatan,9.17,164,55.9,0.6582,0.7443,0.0553,27.96,67.69,7.13,0.04,0
Jawa Tengah,20.37,158,128.93,0.595,0.6425,0.0241,32.19,70.56,16.2,0.08,0
Riau,21.59,150,143.94,0.6926,0.529,0.052,23.76,65.36,15.97,0.08,0
Bali,21.6,136,158.84,0.524,0.4968,0.0448,46.09,86.0,13.75,0.07,0
Jawa Barat,24.92,166,150.09,0.6308,0.7204,0.0491,40.41,78.46,21.68,0.11,1
Sulawesi Selatan,25.56,155,164.89,0.5299,0.7418,0.0589,29.67,65.68,12.4,0.06,0
Banten,29.93,164,182.47,0.5581,0.7632,0.0434,45.85,80.84,26.39,0.13,0
Sumatera Utara,73.36,178,412.12,0.4037,0.766,0.0631,26.73,69.53,54.77,0.27,0
Jawa Timur,32.32,154,209.9,0.7421,0.7398,0.0176,36.56,76.8,18.93,0.09,0
Sulawesi Selatan,10.48,142,73.78,0.3504,0.778,0.0227,28.1,67.87,6.41,0.03,0
Riau,35.88,160,224.24,0.6261,0.7591,0.0367,25.01,68.2,25.91,0.13,0
Jawa Timur,22.43,166,135.15,0.643,0.6821,0.0245,38.76,76.28,14.77,0.07,0
DKI Jakarta,15.25,138,110.5,0.6099,0.8294,0.0451,63.54,97.79,9.74,0.05,1
Bali,12.01,159,75.53,0.6845,0.7893,0.0332,49.24,86.12,9.86,0.05,0
Riau,20.66,164,125.97,0.6905,0.8297,0.034,26.2,66.84,15.64,0.08,0
Jawa Barat,23.62,147,160.67,0.5137,0.7585,0.0334,39.16,77.85,13.53,0.07,0
Banten,37.65,176,213.94,0.9365,0.7905,0.0447,46.14,78.66,35.62,0.18,0
Jawa Tengah,13.17,151,87.21,0.4712,0.6183,0.0398,34.07,72.24,8.96,0.04,1
Jawa Tengah,18.19,153,118.86,0.5291,0.7163,0.0473,33.81,71.87,12.12,0.06,0
Banten,17.52,153,114.51,0.6379,0.5018,0.0322,42.99,79.15,12.34,0.06,0
DKI Jakarta,18.69,169,110.62,0.5677,0.6901,0.003,61.42,94.04,10.73,0.05,0
Jawa Tengah,11.15,152,73.34,0.398,0.7323,0.0548,33.94,71.86,6.81,0.03,1
DKI Jakarta,14.99,169,88.7,0.7531,0.5991,0.0244,64.05,93.43,12.27,0.06,0
Sulawesi Selatan,19.96,159,125.56,0.784,0.6712,0.0456,30.49,68.59,12.47,0.06,0
Bali,29.5,147,200.69,0.3814,0.627,0.0399,47.6,83.6,15.92,0.08,1
Jawa Barat,18.96,146,129.9,0.6095,0.4555,0.0842,41.26,78.55,14.55,0.07,1
Sumatera Utara,13.24,158,83.8,0.5258,0.7277,0.001,25.26,66.74,9.42,0.05,0
Jawa Tengah,20.74,162,128.04,0.5913,0.8436,0.0268,29.51,72.22,12.15,0.06,0
Sumatera Utara,13.32,162,82.24,0.625,0.4997,0.0475,29.19,68.44,9.79,0.05,0
Banten,30.93,145,213.29,0.5659,0.7796,0.0079,42.82,78.65,25.84,0.13,0
DKI Jakarta,53.31,166,321.14,0.6796,0.4727,0.0391,59.44,94.28,47.76,0.24,0
Sumatera Selatan,22.28,146,152.58,0.4151,0.6947,0.0064,22.56,62.98,10.71,0.05,0
Sumatera Selatan,35.78,174,205.63,0.7011,0.5948,0.0398,24.81,62.55,27.12,0.14,0
DKI Jakarta,15.63,151,103.53,0.8082,0.7202,0.0407,62.98,93.66,13.19,0.07,0
Jawa Tengah,24.34,149,163.36,0.5673,0.8979,0.0541,30.74,72.64,21.08,0.11,0
Jawa Barat,23.56,167,141.1,0.4089,0.7263,0.0454,43.35,78.63,20.25,0.1,0
Jawa Timur,40.55,169,239.92,0.5511,0.7177,0.0206,35.76,76.55,36.83,0.18,0
Banten,16.26,151,107.69,0.3557,0.7814,0.0411,44.51,78.56,10.4,0.05,0
Riau,21.7,158,137.36,0.6765,0.6496,0.0463,26.16,65.17,16.66,0.08,0
Riau,13.47,157,85.83,0.796,0.8681,0.0217,26.08,64.66,13.3,0.07,0
Jawa Barat,28.3,143,197.93,0.7392,0.7474,0.0594,40.09,78.67,18.15,0.09,0
Banten,19.27,183,105.29,0.7964,0.7463,0.0512,44.06,80.12,14.55,0.07,0
Sumatera Selatan,21.95,180,121.96,0.6791,0.8708,0.0073,24.7,61.68,15.48,0.08,0
Bali,15.17,162,93.65,0.4727,0.8572,0.0403,48.4,85.21,8.68,0.04,0
Bali,19.95,154,129.55,0.3931,0.9022,0.0193,48.85,87.1,15.56,0.08,0
Jawa Tengah,28.89,141,204.89,0.5317,0.7393,0.001,34.85,72.3,24.8,0.12,0
Sumatera Utara,25.15,148,169.96,0.7219,0.8192,0.0284,27.69,67.16,19.35,0.1,0
Jawa Barat,47.9,173,276.88,0.6442,0.7359,0.0323,42.48,78.25,47.9,0.24,0
Jawa Timur,17.58,169,104.02,0.6641,0.8197,0.0824,36.48,75.01,10.79,0.05,0
Jawa Tengah,22.81,160,142.58,0.8375,0.76,0.029,35.34,71.3,17.64,0.09,0
Jawa Tengah,43.91,170,258.27,0.6296,0.6809,0.0406,31.09,72.97,32.78,0.16,0
Bali,13.3,145,91.7,0.5506,0.7304,0.0459,50.66,82.31,9.63,0.05,0
Sumatera Selatan,44.16,166,266.02,0.6539,0.8681,0.0325,23.5,63.43,31.01,0.16,0
Bali,57.93,182,318.28,0.7118,0.6243,0.0452,51.87,86.05,41.74,0.21,0
Jawa Timur,14.39,168,85.67,0.8364,0.4354,0.0254,37.45,76.87,10.83,0.05,0
Jawa Timur,90.03,169,532.74,0.498,0.5313,0.0177,38.08,76.63,60.54,0.3,1
Bali,22.1,177,124.84,0.7175,0.8476,0.028,48.46,83.71,12.87,0.06,0
DKI Jakarta,11.65,172,67.76,0.6939,0.8069,0.014,63.42,95.95,9.66,0.05,0
Sumatera Selatan,11.86,138,85.92,0.9886,0.7523,0.0516,25.32,63.54,11.02,0.06,0
Riau,21.02,159,132.18,0.2825,0.6725,0.0381,25.89,67.11,15.76,0.08,0
Jawa Timur,19.43,166,117.03,0.4868,0.6961,0.0297,37.95,76.7,13.51,0.07,0
Sulawesi Selatan,16.43,167,98.37,0.4978,0.7219,0.051,22.86,68.18,14.64,0.07,0
Jawa Tengah,14.49,179,80.96,0.6328,0.7538,0.0275,32.23,71.81,12.12,0.06,0
Jawa Timur,13.32,176,75.68,0.3969,0.7423,0.001,36.83,78.24,8.44,0.04,0
Jawa Timur,59.59,174,342.47,0.7104,0.9246,0.0286,37.55,73.26,45.35,0.23,0
Jawa Timur,23.23,136,170.8,0.3148,0.6126,0.0545,38.26,75.19,13.2,0.07,1
Jawa Timur,35.04,146,240.01,0.94,0.6143,0.0593,36.42,73.71,22.06,0.11,0
Banten,16.6,180,92.21,0.5165,0.6002,0.0147,43.51,79.94,11.08,0.06,1
Sulawesi Selatan,19.12,162,118.05,0.4847,0.8254,0.0275,29.21,68.23,8.69,0.04,1
Banten,15.69,176,89.17,0.5962,0.8372,0.0538,45.83,79.03,14.19,0.07,0
Riau,17.56,156,112.54,0.3667,0.7018,0.0094,27.21,64.72,10.59,0.05,1
Riau,35.07,141,248.72,0.6041,0.6749,0.033,25.87,63.82,30.55,0.15,0
Riau,21.48,185,116.11,0.3989,0.5475,0.0454,29.92,65.94,15.35,0.08,1
Jawa Timur,23.15,170,136.17,0.489,0.7685,0.0672,36.92,74.84,19.41,0.1,0
Jawa Tengah,15.62,150,104.14,0.5854,0.5213,0.0299,33.52,72.61,12.1,0.06,0
Jawa Timur,32.39,152,213.07,0.6898,0.5455,0.011,39.25,74.77,28.29,0.14,0
Jawa Timur,17.38,159,109.29,0.4147,0.7596,0.0235,39.09,75.7,12.43,0.06,0
Bali,38.74,139,278.71,0.3668,0.8596,0.087,49.76,85.39,30.82,0.15,0
Banten,16.6,137,121.16,0.6438,0.5772,0.0454,42.75,80.37,10.04,0.05,0
Sulawesi Selatan,90.47,166,545.01,0.396,0.6264,0.0635,28.07,68.05,51.59,0.26,1
Sulawesi Selatan,43.62,159,274.32,0.644,0.756,0.0389,28.68,67.68,23.15,0.12,1
Riau,22.98,161,142.75,0.733,0.6482,0.0232,29.03,65.97,20.19,0.1,0
Riau,22.74,150,151.6,0.5978,0.8655,0.0177,30.52,64.68,16.98,0.08,0
Jawa Barat,49.46,164,301.56,0.3205,0.4652,0.0298,40.6,78.37,30.88,0.15,1
Jawa Barat,24.88,144,172.75,0.4993,0.7411,0.0536,42.78,79.02,18.69,0.09,0
Sumatera Selatan,31.66,159,199.15,0.6273,0.8078,0.0129,23.08,64.94,24.31,0.12,0
Sulawesi Selatan,73.12,160,457.02,0.3298,0.8783,0.0536,27.71,67.07,33.42,0.17,1
Bali,30.72,189,162.53,0.6247,0.7152,0.0159,47.4,83.44,26.52,0.13,0
Jawa Tengah,9.39,158,59.44,0.6147,0.7482,0.033,35.7,72.44,7.08,0.04,0
Riau,24.92,156,159.77,0.6673,0.8442,0.0379,26.46,66.85,21.15,0.11,0
Riau,37.61,139,270.58,0.4929,0.5646,0.0512,26.54,66.37,20.51,0.1,0
DKI Jakarta,26.62,155,171.75,0.5864,0.8655,0.0332,62.47,94.23,20.61,0.1,0
Bali,14.13,165,85.65,0.7251,0.5784,0.0496,49.26,85.97,10.15,0.05,0
Jawa Timur,21.35,152,140.46,0.4835,0.7532,0.0328,37.42,73.23,9.89,0.05,1
Riau,53.29,166,321.0,0.7103,0.6411,0.0468,25.07,66.61,50.53,0.25,0
Jawa Timur,12.45,162,76.87,0.4969,0.639,0.0386,34.27,75.02,6.87,0.03,1
Sulawesi Selatan,12.29,180,68.28,0.5694,0.7797,0.043,25.91,68.56,10.15,0.05,0
Banten,13.7,139,98.53,0.3091,0.8212,0.0427,41.68,81.01,6.98,0.03,1
Bali,42.41,159,266.75,0.8143,0.7478,0.037,48.99,84.73,29.15,0.15,0
Sulawesi Selatan,8.96,148,60.57,0.7363,0.7681,0.0623,26.68,67.88,6.67,0.03,0
DKI Jakarta,24.75,159,155.65,0.7746,0.8304,0.0509,63.87,93.73,18.89,0.09,0
Banten,28.49,151,188.66,0.6988,0.7337,0.0425,44.46,81.83,21.79,0.11,0
Riau,25.37,173,146.64,0.7003,0.6675,0.0282,23.35,65.81,21.06,0.11,0
Bali,12.89,172,74.97,0.5755,0.674,0.0874,48.08,84.77,8.31,0.04,0
Sumatera Selatan,24.72,158,156.43,0.6245,0.7174,0.0698,21.12,64.91,15.0,0.08,0
Riau,14.29,162,88.18,0.7437,0.882,0.0191,24.38,64.8,12.07,0.06,0
Jawa Timur,23.01,146,157.61,0.5523,0.7156,0.0512,36.06,75.1,18.88,0.09,1
Jawa Barat,13.47,140,96.2,0.5998,0.8386,0.0641,40.08,79.72,10.28,0.05,0
Sulawesi Selatan,30.5,176,173.28,0.7673,0.757,0.0491,30.73,69.93,20.44,0.1,0
DKI Jakarta,24.3,170,142.94,0.7688,0.5515,0.039,63.52,94.25,19.9,0.1,0
Bali,12.45,152,81.93,0.6278,0.8484,0.0269,48.21,84.96,7.34,0.04,0
DKI Jakarta,31.28,161,194.27,0.8061,0.6455,0.0487,64.54,92.29,18.47,0.09,0
Jawa Timur,22.76,167,136.26,0.4318,0.7467,0.0211,35.34,76.94,14.72,0.07,0
Bali,26.84,156,172.05,0.5611,0.8186,0.0316,48.2,83.2,20.04,0.1,1
Jawa Tengah,25.06,155,161.67,0.2335,0.9877,0.0288,34.48,71.45,16.49,0.08,0
Jawa Tengah,42.42,172,246.65,0.6029,0.9542,0.0495,31.53,72.33,30.57,0.15,0
Jawa Tengah,33.62,171,196.6,0.5836,0.8274,0.0665,34.23,71.32,24.82,0.12,1
Riau,26.26,146,179.86,0.5276,0.5911,0.0296,26.54,63.07,15.1,0.08,1
Jawa Tengah,10.53,165,63.8,0.672,0.7353,0.0316,34.08,70.62,7.43,0.04,0
Riau,20.61,174,118.44,0.6727,0.8928,0.0651,28.8,65.52,15.77,0.08,0
Sumatera Utara,7.69,154,49.95,0.6924,0.7923,0.0285,29.08,70.0,4.82,0.02,1
Bali,11.08,149,74.35,0.469,0.7249,0.001,48.89,86.2,8.43,0.04,1
Riau,40.38,160,252.35,0.5901,0.8582,0.0763,23.85,65.86,32.11,0.16,0
Banten,18.69,169,110.57,0.7163,0.8584,0.0594,44.42,79.99,14.43,0.07,0
Jawa Barat,43.35,174,249.15,0.6539,0.7363,0.0553,40.78,79.56,40.39,0.2,0
Banten,15.16,159,95.35,0.5038,0.8323,0.0467,43.92,81.39,11.78,0.06,0
Sumatera Utara,24.47,190,128.77,0.8949,0.7134,0.0376,27.69,68.34,20.88,0.1,0
Sulawesi Selatan,25.2,170,148.23,0.6304,0.6633,0.0019,28.64,67.98,17.5,0.09,0
Jawa Tengah,46.21,149,310.15,0.351,0.8165,0.0349,31.71,72.34,39.46,0.2,1
Jawa Timur,37.85,164,230.79,0.6609,0.4102,0.0344,37.12,76.61,30.91,0.15,0
Sulawesi Selatan,16.86,155,108.76,0.5653,0.88,0.0366,26.34,66.16,16.31,0.08,0
Sulawesi Selatan,18.54,170,109.08,0.5554,0.7175,0.0507,25.2,67.82,17.16,0.09,0
Bali,25.49,168,151.72,0.633,0.7787,0.0694,48.19,84.98,19.87,0.1,0
Jawa Barat,72.43,145,499.55,0.8303,0.7671,0.0377,42.2,76.33,58.25,0.29,0
Jawa Barat,21.48,149,144.19,0.7242,0.804,0.0351,40.33,79.7,14.7,0.07,1
Jawa Timur,14.19,150,94.62,0.6089,0.7621,0.0693,37.0,76.69,9.31,0.05,1
Jawa Tengah,15.86,164,96.69,0.6647,0.7664,0.0233,32.66,69.76,11.15,0.06,1
Jawa Timur,19.86,156,127.33,0.7083,0.5579,0.0385,35.25,74.9,11.92,0.06,0
Sulawesi Selatan,24.84,152,163.4,0.7302,0.8533,0.0397,28.74,67.34,19.91,0.1,0
Sumatera Utara,15.64,171,91.44,0.5226,0.6441,0.0233,27.42,67.13,13.65,0.07,1
Jawa Tengah,31.36,138,227.27,0.3169,0.5061,0.0324,33.76,71.2,14.05,0.07,1
Sumatera Selatan,17.49,171,102.25,0.7054,0.8286,0.0326,22.11,62.47,12.01,0.06,1
Bali,40.36,147,274.57,0.782,0.6865,0.0547,48.91,85.23,32.4,0.16,0
Banten,26.37,166,158.84,0.513,0.8788,0.0334,45.04,81.3,14.96,0.07,0
DKI Jakarta,17.71,149,118.83,0.5426,0.9492,0.0339,62.93,94.86,15.36,0.08,0
Banten,7.44,161,46.19,0.7919,0.7071,0.0486,45.44,78.7,5.01,0.03,0
Jawa Timur,23.08,196,117.74,0.7812,0.526,0.0294,37.77,76.35,16.94,0.08,0
Jawa Barat,25.38,180,141.03,0.6757,0.8575,0.021,41.95,79.32,14.16,0.07,1
Riau,25.37,176,144.17,0.567,0.7761,0.0923,27.37,61.88,16.58,0.08,0
Sumatera Selatan,29.26,154,189.98,0.7412,0.621,0.0381,23.74,64.59,23.19,0.12,0
Jawa Timur,19.05,163,116.86,0.5763,0.7539,0.0437,37.58,75.56,12.11,0.06,0
Jawa Timur,33.86,177,191.3,0.5911,0.7776,0.0338,36.83,75.6,22.75,0.11,0
Sumatera Selatan,13.19,143,92.27,0.5626,0.5995,0.0091,27.08,61.01,13.19,0.07,0
Jawa Barat,36.54,154,237.3,0.4841,0.7351,0.0289,41.91,80.54,26.37,0.13,0
Sulawesi Selatan,44.71,187,239.1,0.7691,0.7838,0.0169,25.97,68.2,26.86,0.13,1
Banten,27.1,162,167.26,0.7694,0.9481,0.0501,44.48,80.73,26.13,0.13,0
Sumatera Utara,37.05,176,210.51,0.3302,0.7763,0.0475,26.97,66.61,27.19,0.14,0
Sumatera Utara,19.55,159,122.96,0.7861,0.7328,0.0508,29.49,68.81,12.5,0.06,0
Banten,22.32,171,130.54,0.5648,1.0,0.0195,45.22,80.44,13.52,0.07,0
DKI Jakarta,20.04,158,126.82,0.6448,0.7013,0.001,61.49,94.01,14.65,0.07,0
Sumatera Selatan,43.61,155,281.33,0.5553,0.6391,0.001,22.74,61.55,25.92,0.13,0
Bali,26.95,171,157.58,0.7274,0.6032,0.0472,48.9,84.43,16.47,0.08,0
Sumatera Selatan,17.87,180,99.29,0.6108,0.5917,0.0313,22.94,61.95,13.84,0.07,0
Riau,21.89,158,138.54,0.616,0.6684,0.0136,24.84,64.56,18.06,0.09,1
DKI Jakarta,18.04,159,113.45,0.6375,0.6588,0.0502,61.64,95.59,9.22,0.05,1
Sumatera Selatan,26.67,171,155.96,0.7256,0.8091,0.0566,25.24,63.2,18.43,0.09,0
Banten,20.4,155,131.6,0.4225,0.873,0.038,41.87,79.7,15.72,0.08,0
Jawa Timur,11.28,146,77.24,0.7019,0.7611,0.0275,35.67,73.99,8.41,0.04,0
Banten,13.55,156,86.84,0.6618,0.8784,0.0347,47.7,79.75,8.36,0.04,0
Jawa Tengah,22.17,186,119.18,0.8923,0.8134,0.0626,36.13,71.92,16.13,0.08,0
Jawa Timur,46.51,158,294.38,0.6288,0.5969,0.0603,38.61,74.22,25.29,0.13,0
Bali,9.13,142,64.28,0.6618,0.7908,0.0346,48.77,85.8,7.56,0.04,0
Sumatera Selatan,28.13,161,174.69,0.5619,0.784,0.0419,25.43,64.34,19.95,0.1,0
Sumatera Utara,53.18,159,334.49,0.6469,0.8724,0.1301,27.82,67.27,22.04,0.11,0
Bali,40.15,166,241.85,0.7088,0.7859,0.0815,44.64,84.97,26.05,0.13,0
Jawa Barat,21.12,146,144.68,0.2664,0.826,0.0401,40.64,76.38,9.74,0.05,1
Bali,21.49,164,131.03,0.5092,0.7487,0.0678,47.99,84.88,15.83,0.08,0
Banten,28.49,140,203.5,0.419,0.7206,0.0469,44.14,80.74,19.07,0.1,1
Riau,54.33,167,325.33,0.6119,0.6706,0.0689,26.82,64.05,48.13,0.24,0
Bali,36.24,171,211.95,0.7116,0.7659,0.0249,51.18,84.52,30.57,0.15,0
Sumatera Selatan,25.89,161,160.83,0.4041,0.7299,0.0541,24.35,63.25,13.67,0.07,1
Sulawesi Selatan,46.12,167,276.17,0.7864,0.9279,0.0597,26.39,71.27,30.92,0.15,0
Jawa Tengah,27.24,170,160.23,0.5805,0.8608,0.0389,32.91,75.2,19.18,0.1,1
Jawa Barat,22.09,144,153.42,0.6659,0.7089,0.0308,42.47,78.99,18.59,0.09,0
DKI Jakarta,34.48,170,202.85,0.2618,0.7869,0.0439,62.23,93.4,12.77,0.06,1
Riau,17.9,166,107.86,0.7138,0.4525,0.0122,24.89,65.69,16.74,0.08,0
Sumatera Utara,132.31,175,756.04,0.8239,0.6217,0.0315,29.19,69.55,75.0,0.37,0
Riau,27.75,175,158.59,0.5852,0.5544,0.0283,24.39,63.39,17.47,0.09,0
Banten,20.6,154,133.76,0.3911,0.7142,0.0564,42.78,77.29,14.34,0.07,0
Jawa Timur,37.85,167,226.65,0.6376,0.873,0.0497,37.42,74.02,35.84,0.18,0
Bali,37.9,146,259.59,0.6748,0.6761,0.0523,47.52,85.41,32.6,0.16,0
Jawa Barat,17.1,162,105.57,0.5642,0.7911,0.0629,40.97,79.58,14.92,0.07,0
Sumatera Selatan,10.56,154,68.58,0.5789,0.602,0.017,24.32,63.63,8.97,0.04,0
Jawa Barat,18.57,149,124.63,0.4455,0.5865,0.0717,41.44,79.93,8.7,0.04,1
Jawa Timur,27.06,160,169.14,0.6946,0.8054,0.0577,35.35,75.18,16.8,0.08,1
DKI Jakarta,17.49,170,102.87,0.8407,0.6429,0.0119,62.89,93.87,12.02,0.06,0
DKI Jakarta,21.85,151,144.68,0.441,0.559,0.0549,61.02,94.66,17.29,0.09,0
DKI Jakarta,20.9,152,137.51,0.8253,0.7784,0.0507,64.88,96.25,17.64,0.09,0
Jawa Tengah,11.78,167,70.54,0.5279,0.8462,0.0476,32.6,72.59,7.72,0.04,0
Sulawesi Selatan,31.67,154,205.68,0.4291,0.5765,0.0208,28.81,67.69,28.2,0.14,0
Jawa Timur,34.29,147,233.3,0.7384,0.6269,0.0392,37.9,75.88,16.06,0.08,1
Riau,22.48,139,161.74,0.6758,0.7992,0.0527,25.57,67.11,13.42,0.07,0
Riau,27.29,153,178.36,0.5166,0.7633,0.0403,24.65,64.97,18.84,0.09,0
Bali,17.89,167,107.11,0.3495,0.8677,0.0131,49.79,83.96,12.29,0.06,1
Sulawesi Selatan,23.2,168,138.1,0.5904,0.8857,0.0323,25.77,67.23,18.32,0.09,0
DKI Jakarta,32.49,157,206.94,0.5688,0.7386,0.0466,60.5,95.18,20.25,0.1,0
Jawa Tengah,12.95,165,78.51,0.441,0.7197,0.0359,34.11,71.16,5.1,0.03,1
Sumatera Selatan,14.98,165,90.81,0.4895,0.6435,0.0772,24.0,63.87,9.48,0.05,1
Sumatera Selatan,10.42,136,76.65,0.6191,0.7053,0.0546,23.24,61.33,6.13,0.03,0
Sulawesi Selatan,64.58,180,358.78,0.4905,0.8137,0.0538,27.15,67.49,45.72,0.23,0
Sumatera Selatan,21.36,167,127.89,0.5152,0.7736,0.0432,23.11,63.03,12.55,0.06,1
Sumatera Utara,49.73,159,312.75,0.5658,0.8769,0.0309,31.67,70.35,35.38,0.18,0
Jawa Timur,22.45,159,141.23,0.4821,0.5698,0.0736,38.33,76.56,12.63,0.06,0
Banten,64.09,168,381.48,0.4971,0.6865,0.0323,42.86,79.37,40.33,0.2,0
DKI Jakarta,43.33,155,279.53,0.6741,0.6893,0.0412,61.93,93.58,30.49,0.15,0
Riau,16.79,159,105.58,0.7498,0.6369,0.0381,27.0,64.59,15.82,0.08,0
DKI Jakarta,25.59,165,155.07,0.6887,0.966,0.0122,60.94,92.85,14.98,0.07,1
Riau,15.38,168,91.53,0.4751,0.6487,0.0487,25.26,67.34,10.95,0.05,0
Riau,35.8,174,205.77,0.6265,0.8195,0.0593,25.65,64.49,26.24,0.13,0
Sulawesi Selatan,40.35,157,256.98,0.3888,0.7362,0.0284,26.58,69.87,21.82,0.11,1
Bali,66.05,165,400.31,0.6982,0.8349,0.0339,50.34,84.62,44.44,0.22,0
Sumatera Selatan,46.92,155,302.73,0.3198,0.6683,0.0234,23.23,63.0,27.34,0.14,0
Riau,30.12,165,182.53,0.4681,0.8731,0.0757,25.93,65.52,21.32,0.11,0
Jawa Tengah,29.09,166,175.24,0.8872,0.592,0.0485,33.38,73.55,25.85,0.13,0
Sumatera Selatan,21.55,166,129.81,0.6853,0.8976,0.0662,26.68,62.07,16.16,0.08,0
Sumatera Utara,61.68,159,387.93,0.4987,0.7967,0.0316,28.27,68.81,55.42,0.28,1
Sumatera Utara,16.16,166,97.35,0.6759,0.6548,0.051,31.61,68.15,11.04,0.06,0
Riau,13.26,147,90.19,0.6933,0.6486,0.0086,25.56,65.88,11.51,0.06,0
Jawa Tengah,13.1,149,87.9,0.5682,0.5788,0.0279,32.87,71.85,8.52,0.04,0
Jawa Tengah,42.07,164,256.55,0.6723,0.7643,0.0806,34.61,71.67,39.68,0.2,0
DKI Jakarta,44.93,186,241.54,0.4666,0.8724,0.0481,65.28,94.83,30.72,0.15,0
Jawa Timur,29.57,161,183.68,0.4523,0.7575,0.0334,36.4,73.74,17.15,0.09,1
Bali,30.03,175,171.62,0.5634,0.7042,0.0032,50.55,86.17,22.87,0.11,0
DKI Jakarta,13.31,157,84.75,0.3334,0.4478,0.0436,63.67,94.33,9.72,0.05,1
Banten,31.75,189,168.0,0.485,0.8022,0.0316,42.96,79.14,17.33,0.09,0
Bali,46.42,166,279.65,0.6309,0.7856,0.0569,48.67,84.94,35.99,0.18,0
Bali,11.5,130,88.49,0.7085,0.7331,0.0109,48.64,83.67,9.43,0.05,0
Sulawesi Selatan,11.6,139,83.42,0.5084,0.5721,0.0578,26.35,67.89,8.7,0.04,0
Jawa Timur,28.64,167,171.48,0.5561,0.4527,0.0309,37.05,75.5,18.39,0.09,0
Jawa Timur,33.92,156,217.43,0.5502,0.6759,0.0193,36.92,76.91,22.59,0.11,1
Jawa Tengah,33.26,149,223.23,0.208,0.538,0.0437,33.76,72.43,21.62,0.11,1
Banten,44.75,162,276.21,0.6255,0.6177,0.0763,44.2,78.46,31.65,0.16,0
Riau,25.25,159,158.79,0.4901,0.9018,0.0544,25.1,66.1,16.99,0.08,0
Riau,12.17,174,69.96,0.5512,0.7211,0.0462,29.77,66.27,8.02,0.04,1
Riau,28.97,152,190.62,0.5294,0.9968,0.0292,26.43,63.47,18.01,0.09,0
Banten,44.76,164,272.92,0.729,0.8202,0.0683,46.05,78.37,35.71,0.18,0
Sumatera Selatan,14.89,137,108.68,0.8372,0.6394,0.047,24.96,65.51,11.17,0.06,1
Jawa Timur,19.99,146,136.91,0.6867,0.7782,0.001,39.06,75.0,14.6,0.07,0
DKI Jakarta,8.22,142,57.92,0.5534,0.6281,0.0552,61.24,93.83,6.78,0.03,1
Sulawesi Selatan,21.46,168,127.72,0.6005,0.7498,0.0448,27.77,67.76,14.1,0.07,0
DKI Jakarta,55.39,162,341.92,0.4413,0.7558,0.0375,61.73,93.43,40.15,0.2,0
Bali,19.48,165,118.07,0.8027,0.5974,0.0648,47.84,82.37,19.48,0.1,0
Sumatera Utara,13.69,153,89.48,0.5662,0.7812,0.0252,28.8,66.85,9.83,0.05,0
Sulawesi Selatan,66.18,158,418.88,0.2922,0.7417,0.0294,27.53,67.03,29.55,0.15,1
Sumatera Utara,31.11,155,200.74,0.4078,0.673,0.0364,26.26,67.6,17.99,0.09,0
DKI Jakarta,30.99,166,186.68,0.5645,0.7928,0.0481,61.95,93.28,19.78,0.1,1
DKI Jakarta,27.88,176,158.42,0.8535,0.8819,0.0277,61.82,92.41,22.95,0.11,0
DKI Jakarta,15.17,143,106.08,0.8112,0.5518,0.02,63.72,93.54,7.4,0.04,0
Banten,19.57,152,128.74,0.768,0.7975,0.0358,41.93,81.14,10.82,0.05,0
Sumatera Selatan,55.62,157,354.25,0.4481,0.7205,0.0298,23.53,62.29,24.12,0.12,1
Riau,14.45,137,105.48,0.5297,0.6105,0.0728,24.97,65.18,7.12,0.04,1
Bali,50.51,168,300.67,0.6013,0.6581,0.001,49.82,86.23,44.97,0.22,0
Sumatera Utara,26.75,153,174.82,0.5567,0.6506,0.0574,27.58,67.38,23.16,0.12,0
Jawa Barat,27.52,157,175.3,0.3586,0.8198,0.001,43.07,82.27,8.2,0.04,1
Jawa Barat,10.86,156,69.61,0.7614,0.7408,0.0381,41.43,79.67,9.35,0.05,0
Jawa Barat,29.82,164,181.82,0.5296,0.4591,0.018,42.23,78.69,20.7,0.1,1
Sulawesi Selatan,21.43,151,141.9,0.7821,0.8143,0.0086,29.56,67.5,14.11,0.07,0
Bali,9.96,140,71.16,0.3944,0.6952,0.066,46.9,86.11,7.41,0.04,0
DKI Jakarta,23.64,158,149.59,0.6777,0.7507,0.0541,62.03,93.37,17.87,0.09,0
Jawa Tengah,17.99,151,119.13,0.6774,0.7442,0.0408,33.83,71.58,15.37,0.08,0
Jawa Tengah,25.28,151,167.44,0.373,0.6808,0.0422,33.5,74.03,10.72,0.05,1
Sumatera Selatan,15.35,157,97.8,0.3971,0.5271,0.0243,22.35,62.65,12.06,0.06,0
DKI Jakarta,13.48,148,91.08,0.6745,1.0,0.0303,63.44,93.64,9.9,0.05,1
Sulawesi Selatan,24.27,158,153.63,0.4178,1.0,0.0258,27.97,67.01,19.93,0.1,0
Jawa Tengah,17.28,143,120.85,0.3441,0.7155,0.0291,33.39,69.78,9.88,0.05,1
Bali,19.26,155,124.24,0.4019,0.6314,0.0353,48.37,85.72,13.12,0.07,0
Riau,13.6,163,83.42,0.5654,0.6687,0.0662,21.33,65.35,8.22,0.04,1
Jawa Timur,23.92,168,142.4,0.3078,0.666,0.0514,37.62,76.68,15.09,0.08,1
DKI Jakarta,32.36,159,203.51,0.4853,0.6146,0.0458,63.28,94.0,20.53,0.1,0
Sumatera Utara,28.1,167,168.27,0.4926,0.6511,0.0197,27.77,67.69,19.17,0.1,0
DKI Jakarta,18.12,148,122.4,0.7116,0.8408,0.0485,60.17,93.4,13.07,0.07,1
Sumatera Selatan,9.85,140,70.38,0.4622,0.582,0.001,23.5,63.92,6.67,0.03,1
Jawa Tengah,15.47,158,97.88,0.6757,0.7881,0.0257,34.69,71.13,13.66,0.07,0
Sulawesi Selatan,16.95,165,102.75,0.3993,0.7359,0.0149,27.29,68.26,10.68,0.05,1
DKI Jakarta,35.71,158,226.01,0.7142,0.641,0.0321,62.43,94.25,27.84,0.14,0
Jawa Timur,33.03,149,221.67,0.6615,0.5468,0.0338,36.3,74.15,30.27,0.15,0
Jawa Timur,27.26,159,171.47,0.4827,0.65,0.0309,37.27,74.86,15.7,0.08,1
Sumatera Selatan,22.02,178,123.69,0.6667,0.7647,0.0392,22.32,63.11,17.18,0.09,0
Jawa Tengah,47.95,165,290.61,0.5171,0.5495,0.0425,32.9,71.73,34.7,0.17,0
Sumatera Selatan,29.73,147,202.22,0.55,0.5577,0.0663,25.94,65.37,27.75,0.14,0
Jawa Timur,10.08,168,59.98,0.6009,0.7833,0.0233,35.42,75.68,7.53,0.04,0
DKI Jakarta,55.93,165,338.94,0.4251,0.601,0.0229,61.99,93.96,46.57,0.23,0
Bali,20.28,150,135.22,0.617,0.6361,0.0374,50.28,84.06,17.89,0.09,0
Jawa Barat,36.27,152,238.64,0.6007,0.787,0.0456,42.62,78.32,28.93,0.14,0
Banten,32.95,177,186.15,0.8286,0.6485,0.0403,44.78,79.07,23.57,0.12,0
Riau,14.18,175,81.03,0.5675,0.8512,0.0761,26.68,64.41,9.39,0.05,0
DKI Jakarta,19.27,165,116.8,0.6247,0.9755,0.0565,62.96,94.92,14.44,0.07,0
Riau,9.23,146,63.25,0.6467,0.6276,0.067,25.75,67.25,6.13,0.03,1
Sumatera Utara,15.31,151,101.37,0.5246,0.395,0.0486,30.05,67.66,8.23,0.04,1
Sumatera Selatan,22.49,143,157.31,0.4777,0.809,0.0412,23.6,63.62,16.75,0.08,1
Jawa Barat,22.44,148,151.6,0.4685,0.7621,0.001,40.01,77.8,16.59,0.08,0
Bali,15.84,149,106.29,0.6957,0.8259,0.0405,46.62,84.62,14.33,0.07,0
DKI Jakarta,22.0,170,129.4,0.3595,0.6441,0.0329,61.48,92.63,12.22,0.06,0
Sulawesi Selatan,22.76,147,154.81,0.6662,0.8623,0.0334,26.96,66.78,18.65,0.09,1
Jawa Timur,37.02,179,206.79,0.7965,0.6663,0.0591,35.73,74.33,22.55,0.11,0
DKI Jakarta,17.78,164,108.44,0.622,0.6001,0.0128,60.64,94.03,15.03,0.08,1
Jawa Tengah,19.59,144,136.02,0.7993,0.7947,0.0611,33.76,70.7,15.52,0.08,0
Banten,12.75,155,82.26,0.614,0.6051,0.0519,42.68,77.11,8.24,0.04,0
Jawa Barat,12.27,147,83.49,0.5701,0.7619,0.0437,42.32,76.96,5.42,0.03,1
Jawa Tengah,49.7,188,264.38,0.7027,0.8122,0.0555,34.28,71.89,29.94,0.15,0
Jawa Tengah,53.32,162,329.13,0.346,0.7748,0.0033,37.06,71.15,36.31,0.18,0
Jawa Barat,25.83,159,162.45,0.7415,0.803,0.0467,40.82,77.91,22.37,0.11,0
Banten,22.24,178,124.97,0.6741,0.6892,0.0093,43.86,80.12,15.72,0.08,1
DKI Jakarta,17.84,153,116.6,0.7048,0.6987,0.0461,61.28,93.21,11.1,0.06,0
Jawa Tengah,44.72,161,277.75,0.6205,0.6031,0.0149,31.44,72.0,31.29,0.16,1
Jawa Barat,5.85,159,36.79,0.5819,0.6571,0.0229,40.87,81.16,4.63,0.02,0
DKI Jakarta,74.07,148,500.48,0.5985,0.6835,0.0298,61.24,93.74,43.2,0.22,0
Banten,22.88,150,152.55,0.5024,0.6501,0.0331,42.32,79.55,13.85,0.07,1
Bali,8.38,163,51.41,0.6415,0.671,0.0426,49.06,84.96,6.83,0.03,0
Jawa Timur,89.09,160,556.84,0.6085,0.5936,0.0529,35.19,74.42,70.51,0.35,0
Riau,8.6,160,53.73,0.6664,0.4199,0.0867,26.95,64.69,7.97,0.04,0
Jawa Barat,8.34,148,56.37,0.7537,0.8388,0.0252,42.78,78.49,5.95,0.03,0
Sumatera Selatan,15.26,159,95.97,0.5879,0.6279,0.0412,23.0,63.33,11.31,0.06,0
Riau,20.47,151,135.54,0.586,0.7425,0.0368,28.2,64.28,16.22,0.08,0
Banten,48.92,178,274.85,0.6443,0.7564,0.0173,44.7,80.47,32.81,0.16,0
Jawa Tengah,20.06,162,123.8,0.6389,0.7037,0.001,33.09,73.96,13.49,0.07,0
Sumatera Utara,14.19,142,99.94,0.7533,0.5758,0.0195,25.73,65.9,14.19,0.07,0
Riau,20.66,164,126.0,0.4777,0.684,0.0273,23.53,65.87,10.09,0.05,1
Sumatera Selatan,17.97,143,125.67,0.6587,0.7198,0.0308,26.66,62.99,17.97,0.09,0
Jawa Barat,54.8,175,313.14,0.581,0.9499,0.0099,43.48,78.24,44.84,0.22,0
Jawa Timur,38.84,153,253.85,0.629,0.8324,0.0324,39.2,75.79,20.41,0.1,0
Bali,18.19,166,109.58,0.4764,0.593,0.0349,51.49,86.16,11.31,0.06,0
Bali,19.32,156,123.82,0.7612,0.8162,0.0204,50.76,84.81,16.37,0.08,0
Bali,8.75,135,64.82,0.4729,0.7971,0.0535,49.06,85.65,6.16,0.03,1
Sumatera Selatan,32.0,158,202.52,0.6381,0.8402,0.0042,25.14,63.05,14.71,0.07,1
DKI Jakarta,21.85,153,142.8,0.4198,0.6963,0.044,61.37,94.64,12.77,0.06,0
Jawa Tengah,29.96,168,178.34,0.4057,0.7921,0.0339,33.56,71.45,21.25,0.11,0
Jawa Tengah,35.24,174,202.53,0.5706,0.6717,0.0402,34.32,72.15,26.33,0.13,0
Jawa Timur,56.8,170,334.11,0.6685,0.6737,0.0468,37.95,75.07,47.18,0.24,0
Banten,19.03,157,121.18,0.6218,0.775,0.0443,43.91,79.93,15.01,0.08,0
Jawa Barat,25.59,170,150.52,0.4811,0.5248,0.001,38.46,76.61,17.62,0.09,0
Sumatera Selatan,53.76,160,336.01,0.5096,0.7399,0.0334,22.03,61.76,32.48,0.16,0
Sumatera Utara,19.1,142,134.49,0.6093,0.6219,0.0478,29.11,69.63,17.59,0.09,0
DKI Jakarta,22.84,163,140.1,0.7319,0.7536,0.0485,61.64,95.87,17.15,0.09,0
Bali,88.25,143,617.13,0.4748,0.5908,0.0225,49.7,82.42,43.05,0.22,1
Jawa Timur,25.65,179,143.27,0.8714,0.5605,0.0169,34.97,74.72,20.47,0.1,0
Sumatera Utara,67.19,182,369.18,0.4671,0.9153,0.0499,30.44,67.3,51.0,0.25,1
Banten,17.57,157,111.9,0.8089,0.762,0.0483,42.69,80.1,12.84,0.06,0
Jawa Timur,18.33,156,117.53,0.8888,0.7896,0.0169,39.01,75.3,16.6,0.08,0
Jawa Timur,10.39,169,61.46,0.6761,0.9007,0.0128,34.47,76.22,10.2,0.05,0
Banten,30.26,151,200.39,0.7004,0.8648,0.0303,45.01,78.18,29.83,0.15,0
DKI Jakarta,39.19,185,211.85,0.8009,0.8506,0.0226,61.0,94.62,29.42,0.15,0
Riau,24.21,158,153.21,0.6694,0.671,0.0406,26.09,65.0,23.25,0.12,0
Riau,31.63,171,185.0,0.4883,0.8226,0.065,27.71,64.52,26.5,0.13,0
Sumatera Utara,35.94,156,230.42,0.5836,0.7308,0.013,29.75,68.73,25.93,0.13,0
Bali,13.41,179,74.94,0.8053,0.6854,0.0351,47.47,84.2,12.2,0.06,0
Sumatera Utara,26.7,176,151.73,0.7862,0.5657,0.0223,27.48,68.08,20.55,0.1,0
Jawa Timur,64.03,181,353.75,0.5538,0.6454,0.0528,34.44,77.0,45.52,0.23,1
Riau,21.68,170,127.54,0.6178,0.7292,0.0541,23.41,65.49,15.92,0.08,0
Sumatera Selatan,12.75,163,78.22,0.6863,0.5707,0.0195,23.05,65.43,9.5,0.05,1
Sumatera Selatan,39.15,152,257.53,0.5096,0.7997,0.0594,23.02,60.3,20.29,0.1,1
Sumatera Utara,24.31,154,157.83,0.3068,0.8539,0.0541,26.14,68.19,16.55,0.08,1
Riau,25.15,174,144.54,0.7685,0.6463,0.0341,25.79,64.07,17.36,0.09,0
Sulawesi Selatan,18.39,153,120.18,0.6048,0.5801,0.0523,27.85,66.69,13.06,0.07,1
Riau,35.41,150,236.07,0.4891,0.6679,0.0101,26.08,64.61,21.45,0.11,1
Sumatera Selatan,18.76,167,112.35,0.7496,0.5542,0.0755,23.1,64.21,15.1,0.08,0
Riau,55.01,175,314.34,0.7792,0.7719,0.0385,25.23,64.91,35.4,0.18,0
Sulawesi Selatan,28.28,185,152.85,0.5425,0.782,0.0625,27.42,66.43,21.83,0.11,0
Sulawesi Selatan,41.94,169,248.17,0.543,0.5948,0.0254,29.13,68.59,34.7,0.17,0
Jawa Timur,36.82,158,233.04,0.8319,0.7521,0.0057,35.78,73.98,27.65,0.14,0
Sumatera Selatan,12.89,152,84.82,0.6432,0.6058,0.0467,21.78,65.11,8.37,0.04,0
Riau,30.27,162,186.85,0.5499,0.8321,0.0225,25.62,63.85,20.14,0.1,0
Sumatera Utara,23.38,182,128.44,0.442,0.6918,0.0247,27.75,67.86,16.1,0.08,0
Sumatera Utara,34.26,167,205.18,0.6163,0.8134,0.0421,25.98,70.51,23.42,0.12,0
Bali,24.6,173,142.18,0.4183,0.7035,0.054,48.1,84.11,14.21,0.07,1
Sulawesi Selatan,10.03,156,64.27,0.6965,0.8836,0.0444,26.57,68.31,6.32,0.03,0
Sulawesi Selatan,35.46,161,220.25,0.4824,0.4824,0.0584,27.78,67.67,23.4,0.12,1
Jawa Timur,9.15,161,56.84,0.6296,0.5526,0.0333,37.43,75.4,6.63,0.03,1
Jawa Timur,25.95,165,157.28,0.6128,0.7304,0.0645,36.0,74.42,19.49,0.1,0
DKI Jakarta,68.24,169,403.79,0.5339,0.6533,0.0537,63.17,94.74,57.66,0.29,1
Bali,49.06,160,306.65,0.8044,1.0,0.0156,48.24,86.09,42.22,0.21,0
Riau,26.95,150,179.69,0.6341,0.771,0.05,25.7,63.07,16.97,0.08,0
Sulawesi Selatan,15.79,138,114.41,0.7358,0.662,0.0378,27.44,66.69,8.72,0.04,1
Sumatera Selatan,19.17,135,142.02,0.7669,0.7915,0.0213,24.01,62.44,15.73,0.08,0
Jawa Tengah,39.52,156,253.34,0.5918,0.8674,0.0487,31.14,71.04,30.19,0.15,0
Jawa Tengah,14.4,143,100.68,0.5818,0.9028,0.0457,30.46,72.87,13.13,0.07,0
Jawa Timur,27.53,152,181.15,0.6264,0.5457,0.0505,38.48,74.67,27.43,0.14,0
Sumatera Selatan,15.28,156,97.93,0.7999,0.8431,0.0152,24.62,63.2,9.34,0.05,0
Banten,20.29,159,127.62,0.384,0.6689,0.001,43.29,81.59,13.51,0.07,1
Sulawesi Selatan,17.13,147,116.55,0.7516,0.8486,0.0302,29.49,65.65,15.2,0.08,0
Riau,29.83,165,180.8,0.4094,0.8187,0.0315,30.4,65.78,15.85,0.08,1
Jawa Timur,31.99,165,193.87,0.7413,0.6898,0.0466,34.55,75.25,25.2,0.13,0
Sulawesi Selatan,72.44,155,467.35,0.3597,0.7996,0.001,27.84,67.66,23.32,0.12,1
Sumatera Utara,22.42,165,135.87,0.5163,0.7312,0.0497,29.4,67.11,15.11,0.08,0
Jawa Timur,27.08,157,172.47,0.6664,0.6769,0.0534,34.35,74.94,17.6,0.09,0
Jawa Timur,43.89,162,270.94,0.7764,0.7511,0.0547,34.51,75.39,31.5,0.16,0
Sumatera Selatan,22.43,155,144.7,0.6627,0.6246,0.0538,25.73,62.88,16.81,0.08,1
DKI Jakarta,24.46,159,153.82,0.4933,0.7534,0.0152,62.32,95.04,9.45,0.05,0
Sumatera Selatan,31.42,157,200.14,0.6907,0.3986,0.0196,23.26,61.79,19.09,0.1,1
Jawa Barat,16.96,160,105.97,0.2483,0.7856,0.0331,39.04,76.92,9.12,0.05,1
Riau,22.85,141,162.08,0.704,0.718,0.034,26.59,62.99,13.44,0.07,1
Sumatera Selatan,16.05,161,99.69,0.6728,1.0,0.0182,22.2,63.27,11.05,0.06,0
Sumatera Utara,18.93,151,125.36,0.7321,0.6498,0.0407,26.87,69.11,15.15,0.08,0
Jawa Barat,81.01,174,465.55,0.4598,0.9032,0.0465,40.07,77.19,42.07,0.21,1
Sumatera Utara,22.78,167,136.42,0.5377,0.7843,0.0442,27.89,66.68,12.89,0.06,0
Bali,25.23,154,163.8,0.7124,0.6926,0.0404,47.05,86.77,14.7,0.07,1
Jawa Tengah,6.43,129,49.83,0.6664,0.4577,0.0455,31.78,73.63,3.8,0.02,1
Sulawesi Selatan,29.14,159,183.28,0.7471,0.644,0.0328,29.32,69.4,19.46,0.1,1
Jawa Barat,70.16,166,422.66,0.4314,0.8241,0.0485,41.75,79.02,53.43,0.27,1
Bali,14.61,149,98.03,0.777,0.5543,0.0461,48.72,85.35,10.82,0.05,0
Jawa Timur,47.96,186,257.85,0.6089,0.8025,0.0222,37.45,75.06,29.16,0.15,0
Sumatera Selatan,15.55,143,108.77,0.3539,0.8538,0.0749,22.71,61.39,8.04,0.04,1
Jawa Tengah,10.43,149,70.0,0.99,0.8251,0.0686,33.75,70.45,8.57,0.04,0
Riau,19.78,167,118.46,0.6225,0.7336,0.052,26.74,65.4,15.23,0.08,0
Riau,16.69,158,105.64,0.4999,0.7171,0.0609,24.56,66.51,11.46,0.06,0
Banten,25.3,163,155.21,0.5906,0.4506,0.0445,45.0,79.6,14.91,0.07,1
Bali,20.59,163,126.33,0.4705,0.5783,0.0315,49.05,85.23,16.17,0.08,0
Sulawesi Selatan,13.49,147,91.74,0.4057,0.6577,0.0609,28.29,67.69,8.48,0.04,1
Jawa Barat,31.53,164,192.27,0.5484,0.5859,0.0443,44.0,78.97,20.17,0.1,0
Bali,39.52,146,270.7,0.6272,0.785,0.0529,48.88,85.43,30.03,0.15,0
Riau,34.34,168,204.41,0.6149,0.7686,0.0695,24.71,67.0,23.27,0.12,0
Sumatera Utara,23.23,145,160.21,0.6328,0.6956,0.0078,28.6,68.54,20.84,0.1,0
Jawa Barat,22.84,162,140.99,0.7772,0.6765,0.048,41.52,80.93,19.3,0.1,0
Riau,32.22,163,197.66,0.6788,0.5776,0.0208,24.44,65.12,25.45,0.13,1
Jawa Timur,15.73,140,112.33,0.5375,0.5562,0.0356,33.76,76.99,11.8,0.06,1
DKI Jakarta,32.36,143,226.31,0.7507,0.6135,0.0236,62.3,94.9,21.57,0.11,0
Jawa Barat,12.2,150,81.33,0.6633,0.9356,0.0623,42.91,76.4,9.26,0.05,0
DKI Jakarta,11.23,166,67.66,0.5694,0.6979,0.0484,63.83,95.9,10.36,0.05,0
Jawa Tengah,31.29,156,200.59,0.5591,0.8263,0.0402,33.62,71.0,24.16,0.12,1
Jawa Barat,13.23,149,88.82,0.4934,0.7872,0.0081,43.86,78.3,8.33,0.04,0
Bali,17.58,172,102.22,0.7708,0.7506,0.0284,48.96,85.55,12.88,0.06,0
Jawa Tengah,14.43,160,90.19,0.4478,0.9016,0.0296,32.9,71.21,9.56,0.05,0
Banten,28.43,143,198.8,0.5582,0.6746,0.0451,44.41,79.71,28.01,0.14,0
Sumatera Selatan,15.55,155,100.3,0.3817,0.7812,0.0304,23.2,63.89,11.12,0.06,0
Jawa Barat,47.55,156,304.8,0.6613,0.6988,0.0326,39.6,77.61,25.33,0.13,1
Jawa Timur,33.95,156,217.65,0.3765,0.7369,0.001,35.33,75.12,19.98,0.1,1
Jawa Barat,27.12,162,167.4,0.3316,0.8479,0.0576,40.78,78.18,20.79,0.1,1
Sumatera Utara,49.62,145,342.23,0.7345,0.7567,0.0153,29.7,69.36,44.56,0.22,0
Bali,14.34,152,94.37,0.9018,0.5935,0.025,46.53,86.38,13.45,0.07,0
Sumatera Utara,25.96,166,156.38,0.8186,0.9026,0.0494,26.94,66.88,23.29,0.12,0
Banten,8.48,152,55.76,0.7835,0.6116,0.0564,45.31,79.89,6.67,0.03,0
DKI Jakarta,19.3,170,113.53,0.6538,0.8116,0.0392,61.86,93.57,14.77,0.07,0
Sulawesi Selatan,12.42,155,80.13,0.7504,0.7173,0.0462,27.6,67.84,9.99,0.05,0
Banten,34.74,148,234.76,0.6431,0.6256,0.0579,43.54,81.92,18.74,0.09,0
Sumatera Utara,46.56,164,283.88,0.5382,0.7608,0.001,31.3,68.66,33.26,0.17,0
Sumatera Utara,19.62,153,128.25,0.6656,0.6551,0.0564,29.24,67.52,14.62,0.07,0
Sumatera Utara,78.09,155,503.83,0.6589,0.8749,0.001,28.78,66.56,52.57,0.26,0
Jawa Barat,15.02,153,98.2,0.7866,0.6981,0.0324,41.8,79.8,10.92,0.05,0
Banten,12.77,151,84.59,0.4261,0.7158,0.0472,44.71,79.25,7.89,0.04,0
Banten,18.62,165,112.86,0.7119,0.6818,0.0193,46.87,78.87,8.47,0.04,1
Sumatera Selatan,31.3,176,177.82,0.7247,0.697,0.0348,23.74,63.46,26.05,0.13,0
Banten,32.56,136,239.39,0.6972,0.9563,0.001,44.35,80.49,22.21,0.11,0
Bali,33.75,153,220.56,0.4315,0.6231,0.0127,48.74,84.06,16.01,0.08,1
Riau,22.59,182,124.14,0.3943,0.6886,0.0226,27.46,64.26,19.58,0.1,0
Jawa Barat,42.67,162,263.39,0.7635,0.5851,0.0188,44.06,80.24,28.58,0.14,1
Bali,19.04,167,113.99,0.5312,0.8917,0.0356,47.82,85.32,15.1,0.08,0
Banten,106.0,147,721.05,0.4814,0.7021,0.073,44.78,80.98,77.03,0.39,0
Sumatera Selatan,40.52,158,256.48,0.7641,0.7014,0.0556,24.56,62.67,24.89,0.12,0
Jawa Tengah,10.85,177,61.27,0.5839,0.7572,0.0564,31.11,71.1,6.66,0.03,1
Sumatera Selatan,20.71,179,115.72,0.7935,0.5292,0.0478,25.76,62.46,20.71,0.1,1
Bali,15.53,152,102.2,0.5747,0.6151,0.0101,51.05,82.67,9.79,0.05,0
DKI Jakarta,73.34,160,458.37,0.5767,0.7287,0.0623,63.63,93.8,58.79,0.29,0
Sumatera Selatan,14.73,156,94.45,0.3658,0.7925,0.0462,23.35,62.29,10.43,0.05,1
Sumatera Selatan,9.37,166,56.47,0.5158,0.7541,0.0491,22.26,63.01,5.88,0.03,0
Jawa Tengah,42.29,170,248.74,0.3938,0.9971,0.0548,34.16,72.16,34.8,0.17,0
Jawa Timur,8.21,176,46.66,0.6284,0.7548,0.0488,35.18,75.51,5.29,0.03,0
Banten,19.52,158,123.56,0.6907,0.6526,0.046,42.63,79.1,15.6,0.08,0
Banten,36.8,165,223.05,0.8195,0.635,0.0223,44.41,78.37,36.58,0.18,0
Banten,19.26,158,121.88,0.2049,0.7677,0.0182,45.2,78.07,8.95,0.04,1
Sulawesi Selatan,56.24,180,312.43,0.6251,0.634,0.0183,27.4,68.03,48.89,0.24,0
Sulawesi Selatan,23.58,131,179.98,0.5335,0.7214,0.001,27.59,67.96,19.25,0.1,0
Sulawesi Selatan,14.75,154,95.81,0.6336,0.7769,0.0285,27.73,66.13,11.39,0.06,0
Banten,27.15,165,164.54,0.669,0.7034,0.0495,42.73,81.51,20.27,0.1,0
Riau,62.83,168,373.99,0.6149,0.9471,0.0611,25.53,66.4,51.09,0.26,0
DKI Jakarta,28.38,170,166.93,0.6817,0.6392,0.0241,59.97,92.97,20.67,0.1,0
DKI Jakarta,30.9,160,193.1,0.7195,0.8328,0.0366,63.5,94.52,23.13,0.12,0
Sumatera Selatan,29.92,160,187.01,0.7315,0.7958,0.0285,28.48,62.94,28.26,0.14,0
Riau,17.34,166,104.48,0.4684,0.5519,0.0432,26.19,65.72,10.97,0.05,0
DKI Jakarta,12.64,180,70.23,0.6164,0.861,0.0114,64.19,94.41,8.02,0.04,0
Riau,26.04,145,179.56,0.7304,0.8292,0.0281,25.71,66.21,21.2,0.11,0
Riau,46.78,147,318.23,0.4959,0.6569,0.0227,24.08,67.18,41.57,0.21,0
Sumatera Selatan,35.67,178,200.38,0.554,0.7245,0.0515,27.68,63.46,32.59,0.16,0
Sumatera Utara,12.2,153,79.73,0.7349,0.8867,0.0046,27.13,68.84,7.82,0.04,0
Sumatera Selatan,30.05,164,183.21,0.6971,0.662,0.0463,25.72,64.86,20.94,0.1,0
Sumatera Selatan,40.99,170,241.14,0.6558,0.6429,0.0573,24.62,62.45,26.73,0.13,0
Sumatera Utara,45.57,165,276.16,0.6396,0.7402,0.0099,30.18,67.08,29.84,0.15,0
Sumatera Utara,28.03,138,203.08,0.5036,0.8443,0.0263,28.3,69.01,19.93,0.1,0
Sumatera Selatan,26.43,157,168.37,0.74,0.6795,0.0221,22.55,61.63,17.45,0.09,0
Jawa Barat,17.63,162,108.83,0.6019,0.8026,0.0712,40.5,77.63,12.93,0.06,0
Sulawesi Selatan,22.55,167,135.06,0.5425,0.6389,0.0668,31.43,69.61,20.62,0.1,0
Bali,41.05,165,248.81,0.4683,0.7034,0.0581,49.18,82.44,30.86,0.15,1
Sumatera Utara,16.34,165,99.06,0.5921,0.5728,0.0479,31.67,68.56,7.16,0.04,0
Sulawesi Selatan,15.0,154,97.4,0.8839,0.7474,0.0575,27.35,66.07,11.71,0.06,0
Sumatera Selatan,36.58,171,213.89,0.729,0.675,0.0517,25.37,63.59,29.17,0.15,0
Banten,28.68,160,179.24,0.644,0.6751,0.0718,42.17,82.0,18.63,0.09,0
Banten,50.05,156,320.82,0.6894,0.6138,0.0408,44.14,78.58,31.35,0.16,1
Riau,39.84,168,237.12,0.7186,0.8352,0.001,29.43,62.88,35.98,0.18,0
Jawa Tengah,20.83,184,113.22,0.7716,0.728,0.0301,32.02,72.53,14.74,0.07,0
Sumatera Utara,45.37,135,336.1,0.3335,0.838,0.0509,27.36,67.45,25.9,0.13,1
Banten,26.24,152,172.65,0.4968,0.8662,0.0335,45.34,79.58,22.74,0.11,0
Sumatera Utara,31.29,147,212.85,0.7855,0.6586,0.0638,28.57,68.64,20.42,0.1,0
Banten,21.94,176,124.64,0.5868,0.6064,0.0233,46.94,80.48,17.28,0.09,0
DKI Jakarta,34.46,179,192.49,0.5564,0.7697,0.058,62.04,94.89,24.93,0.12,1
Sumatera Selatan,19.12,166,115.17,0.4459,0.781,0.0107,24.4,63.07,4.5,0.02,1
Banten,9.99,168,59.47,0.7443,0.658,0.0467,44.58,80.32,6.01,0.03,1
Jawa Barat,55.3,141,392.18,0.4911,0.853,0.0238,39.89,78.37,30.73,0.15,1
Jawa Tengah,17.13,174,98.44,0.5977,0.7443,0.0133,31.25,71.71,12.48,0.06,0
Sumatera Utara,19.72,174,113.33,0.499,0.6346,0.0388,26.32,68.18,12.65,0.06,0
Sumatera Selatan,16.17,147,110.0,0.4641,0.8294,0.0157,19.34,63.79,11.14,0.06,0
Jawa Tengah,67.27,171,393.42,0.4431,0.8374,0.0554,33.07,71.32,56.4,0.28,0
Bali,33.36,175,190.64,0.8914,0.7558,0.0328,46.75,84.76,31.31,0.16,0
Sumatera Selatan,31.56,153,206.31,0.7924,0.7266,0.0419,23.49,62.55,24.6,0.12,0
DKI Jakarta,37.22,151,246.48,0.6184,0.7808,0.0389,63.93,93.32,23.55,0.12,0
Jawa Barat,34.58,157,220.24,0.4625,0.7607,0.0513,40.08,79.86,22.32,0.11,1
Sumatera Selatan,26.33,158,166.66,0.4905,0.82,0.0261,25.33,63.55,16.64,0.08,0
Sumatera Utara,26.06,159,163.91,0.4867,0.7111,0.0624,26.03,68.66,17.42,0.09,1
Jawa Barat,49.8,151,329.83,0.7496,0.6981,0.0809,40.47,77.47,34.2,0.17,0
Sulawesi Selatan,13.34,157,84.96,0.6626,0.6238,0.0178,30.51,67.5,11.35,0.06,0
DKI Jakarta,15.19,155,97.99,0.776,0.6707,0.0719,61.76,94.92,14.5,0.07,0
Banten,35.17,169,208.09,0.3567,0.5973,0.029,46.03,80.25,10.53,0.05,1
DKI Jakarta,29.6,168,176.21,0.8305,0.5364,0.0299,65.93,97.28,27.09,0.14,0
Sulawesi Selatan,20.11,160,125.72,0.6718,0.7138,0.0569,27.27,68.06,15.92,0.08,0
Banten,82.27,152,541.27,0.3718,0.743,0.0179,43.1,79.0,50.12,0.25,0
Riau,11.93,139,85.82,0.4306,0.6673,0.052,22.86,64.88,7.4,0.04,0
Bali,23.94,157,152.47,0.2749,0.871,0.051,49.14,83.47,13.35,0.07,0
Jawa Tengah,27.27,159,171.49,0.3081,0.6733,0.0386,33.77,71.32,11.05,0.06,1
Jawa Timur,20.11,165,121.88,0.7451,0.5056,0.0378,37.96,75.52,14.63,0.07,0
Riau,16.17,150,107.8,0.4813,0.6787,0.0293,28.19,64.84,10.48,0.05,0
Sulawesi Selatan,20.56,161,127.72,0.5672,0.787,0.0545,26.36,69.4,17.71,0.09,0
Jawa Barat,46.63,135,345.4,0.4897,0.8491,0.0322,44.31,79.66,39.23,0.2,1
Banten,20.06,163,123.07,0.8109,0.7169,0.0623,43.68,80.84,17.14,0.09,0
Jawa Tengah,30.76,170,180.93,0.5144,0.7463,0.0629,33.75,71.8,25.94,0.13,0
Jawa Barat,17.48,158,110.63,0.1748,0.8188,0.0109,41.4,79.7,7.37,0.04,1
Jawa Barat,39.55,185,213.79,0.8358,0.6922,0.0135,40.34,79.83,22.13,0.11,0
Banten,40.3,155,260.01,0.632,0.7252,0.0363,42.3,81.72,33.81,0.17,0
Jawa Barat,21.7,161,134.78,0.1818,0.888,0.0212,41.82,77.95,11.4,0.06,1
Riau,37.94,180,210.77,0.6797,0.5583,0.0262,24.65,65.41,31.0,0.15,0
Jawa Barat,24.84,179,138.76,0.6186,0.7933,0.0237,41.17,77.7,18.22,0.09,0
Sumatera Utara,25.51,170,150.04,0.4463,0.7171,0.0785,27.78,71.37,16.21,0.08,0
Jawa Tengah,29.9,162,184.59,0.3801,0.5809,0.0629,32.66,71.86,19.15,0.1,1
Banten,28.38,165,172.01,0.6647,0.7457,0.0232,41.4,81.33,20.13,0.1,0
Jawa Barat,27.43,166,165.25,0.7767,0.7771,0.0014,36.75,78.79,24.65,0.12,0
Jawa Barat,12.64,168,75.23,0.4615,0.7356,0.0286,42.76,79.66,7.72,0.04,1
Jawa Timur,12.6,152,82.92,0.6579,0.8534,0.0144,38.49,75.38,9.45,0.05,0
Riau,10.82,159,68.06,0.7128,0.7019,0.0542,22.26,66.51,6.71,0.03,0
Banten,10.37,134,77.42,0.2426,0.8287,0.0412,44.73,80.13,6.4,0.03,0
Jawa Timur,29.07,157,185.14,0.6981,0.5903,0.0285,37.13,77.45,23.05,0.12,0
Sumatera Utara,22.69,184,123.32,0.5502,0.524,0.0383,26.41,68.57,17.08,0.09,0
Sulawesi Selatan,18.17,168,108.17,0.5228,0.6107,0.0169,29.25,66.93,10.21,0.05,1
Bali,66.71,174,383.37,0.7212,0.7064,0.0353,50.41,85.12,60.82,0.3,0
Banten,44.28,161,275.0,0.4585,0.7394,0.0726,45.69,79.81,26.82,0.13,1
Sumatera Utara,11.92,166,71.81,0.8081,0.7441,0.0263,31.02,67.02,9.74,0.05,0
Jawa Tengah,17.3,178,97.18,0.5051,0.7349,0.042,34.7,72.56,17.14,0.09,0
Sumatera Selatan,14.54,155,93.78,0.7998,0.7,0.0243,23.05,62.36,11.32,0.06,0
Bali,24.79,164,151.14,0.6775,0.8879,0.024,48.73,84.22,19.73,0.1,0
Bali,12.71,157,80.99,0.7874,0.8387,0.0566,49.28,84.55,8.63,0.04,0
Jawa Tengah,16.81,159,105.75,0.8157,0.9133,0.0152,35.48,69.67,14.22,0.07,0
Sumatera Selatan,23.54,130,181.11,0.7706,0.5921,0.0363,23.92,62.58,17.29,0.09,1
Jawa Barat,26.61,194,137.15,0.5995,0.7316,0.0224,40.55,79.71,22.0,0.11,0
DKI Jakarta,12.94,161,80.36,0.5443,0.6812,0.0675,59.92,93.97,10.32,0.05,0
Sumatera Selatan,24.36,158,154.15,0.6216,0.7464,0.0261,25.61,60.82,20.26,0.1,0
Banten,22.67,145,156.32,0.5336,0.5743,0.0146,44.41,79.7,18.38,0.09,1
Jawa Tengah,24.65,151,163.22,0.8333,0.7966,0.0368,31.9,72.68,24.65,0.12,0
Sumatera Utara,11.74,152,77.22,0.5349,0.8071,0.0368,29.56,67.84,9.59,0.05,0
Banten,39.75,163,243.89,0.727,0.8544,0.0619,43.59,79.48,29.28,0.15,0
Jawa Tengah,20.15,175,115.16,0.6076,0.8581,0.029,31.21,71.56,18.67,0.09,0
Banten,14.43,168,85.9,0.8482,0.9379,0.0484,46.1,80.54,10.97,0.05,0
DKI Jakarta,25.34,167,151.73,0.8372,0.6837,0.02,59.31,93.21,21.15,0.11,0
Sumatera Selatan,31.7,154,205.82,0.8474,0.7348,0.0617,24.52,63.76,23.7,0.12,0
Sulawesi Selatan,30.02,151,198.78,0.7502,0.5365,0.0576,27.73,67.48,27.42,0.14,0
Sumatera Utara,46.37,161,288.03,0.768,0.6383,0.0511,25.94,69.7,38.79,0.19,0
Riau,18.36,170,108.01,0.276,0.8384,0.0567,26.59,64.82,8.57,0.04,1
Sumatera Selatan,10.43,147,70.99,0.3398,0.8885,0.0452,23.26,61.77,6.92,0.03,0
Banten,19.97,160,124.82,0.3541,0.8874,0.0423,46.63,80.54,10.92,0.05,0
Sulawesi Selatan,7.85,166,47.28,0.5252,0.8359,0.017,29.41,68.39,6.73,0.03,0
Jawa Tengah,15.59,158,98.69,0.273,0.7291,0.0266,33.53,72.59,10.02,0.05,1
Sumatera Selatan,18.16,146,124.39,0.5501,1.0,0.0569,20.56,64.12,8.92,0.04,0
Jawa Tengah,18.34,159,115.37,0.3945,0.7275,0.0561,32.37,70.9,10.17,0.05,1
Jawa Tengah,29.25,154,189.97,0.7421,0.719,0.0578,32.25,71.15,21.02,0.11,0
Banten,23.63,163,144.97,0.5263,0.8632,0.0314,45.92,81.38,12.73,0.06,0
Sumatera Selatan,29.25,159,183.94,0.5028,0.8403,0.0735,24.57,63.62,18.8,0.09,0
Banten,26.68,158,168.83,0.7392,0.5976,0.0366,44.58,79.25,23.01,0.12,0
Bali,11.9,159,74.87,0.4721,0.595,0.0492,50.23,82.38,8.82,0.04,1
Jawa Timur,30.1,151,199.32,0.6295,0.7051,0.0955,39.25,73.91,25.96,0.13,0
Banten,17.16,152,112.9,0.8038,0.7723,0.0297,46.29,78.65,12.95,0.06,0
Sumatera Utara,25.96,159,163.26,0.5904,0.6301,0.0544,29.22,67.53,21.42,0.11,1
Riau,27.42,148,185.3,0.6967,0.537,0.0098,25.69,65.77,18.4,0.09,1
Banten,15.76,157,100.4,0.6182,0.5767,0.0326,44.75,78.16,11.2,0.06,1
Banten,17.37,165,105.27,0.5999,0.7695,0.0519,44.05,79.17,13.18,0.07,0
DKI Jakarta,25.78,173,149.0,0.5821,1.0,0.0276,63.58,92.68,19.51,0.1,0
Jawa Barat,19.03,164,116.02,0.5444,0.8294,0.0408,40.65,78.09,11.05,0.06,1
Jawa Barat,60.02,164,366.0,0.4394,0.8149,0.0445,42.86,81.46,52.96,0.26,0
Sumatera Selatan,25.77,175,147.25,0.8194,0.8014,0.0432,24.37,64.53,21.69,0.11,0
Jawa Timur,13.0,152,85.5,0.5713,0.8526,0.001,37.38,76.09,6.67,0.03,0
Banten,71.02,158,449.49,0.6191,0.6703,0.0848,42.31,79.17,61.63,0.31,0
Sumatera Utara,29.05,166,175.02,0.5062,0.6119,0.0178,27.99,66.91,18.39,0.09,0
Jawa Timur,23.44,163,143.83,0.7203,0.8162,0.0239,37.47,75.3,16.33,0.08,0
Jawa Barat,55.28,169,327.09,0.6746,0.6524,0.0075,41.23,76.74,43.07,0.22,0
Banten,29.27,171,171.19,0.7257,0.8847,0.0194,40.58,80.58,24.46,0.12,0
Jawa Timur,19.42,138,140.7,0.6026,0.9259,0.0386,34.95,75.16,14.88,0.07,0
Sumatera Utara,12.23,171,71.55,0.5473,0.7601,0.0597,28.91,68.17,11.17,0.06,0
Riau,8.75,157,55.73,0.8699,0.8835,0.0271,28.36,63.4,7.11,0.04,0
Sumatera Selatan,41.38,149,277.72,0.4137,0.4716,0.042,23.95,63.16,18.68,0.09,0
Sumatera Utara,23.69,139,170.41,0.4232,0.813,0.0457,27.67,67.91,15.78,0.08,0
Sulawesi Selatan,21.9,165,132.7,0.8477,0.6239,0.0167,29.48,66.65,19.64,0.1,0
Sulawesi Selatan,22.82,167,136.65,0.523,0.4893,0.002,27.92,68.07,16.19,0.08,0
Riau,29.42,172,171.05,0.3489,0.5109,0.0199,27.21,64.92,21.15,0.11,0
Sulawesi Selatan,31.03,153,202.84,0.5261,0.7544,0.0657,27.46,68.15,22.83,0.11,1
Sulawesi Selatan,16.29,161,101.2,0.4432,0.8654,0.0229,27.29,68.54,8.33,0.04,0
Bali,25.67,159,161.42,0.6815,0.6543,0.0242,49.93,83.2,20.53,0.1,0
Jawa Barat,30.66,160,191.63,0.4825,0.6523,0.0456,42.51,78.73,12.76,0.06,0
Riau,18.74,163,114.95,0.5247,0.8377,0.0514,25.62,65.51,12.32,0.06,0
Jawa Barat,9.11,160,56.97,0.6284,0.7666,0.0157,39.81,80.09,6.12,0.03,1
Jawa Tengah,16.45,162,101.56,0.585,0.6717,0.0533,30.7,73.11,7.51,0.04,0
Sumatera Selatan,13.22,164,80.59,0.6155,0.7101,0.0484,21.99,62.68,9.91,0.05,0
Sumatera Utara,42.5,156,272.43,0.6585,0.6664,0.0269,27.45,67.69,37.24,0.19,0
Riau,14.08,151,93.21,0.5436,0.9043,0.001,26.57,65.58,9.9,0.05,0
Jawa Timur,15.24,166,91.81,0.8157,0.4035,0.0543,34.3,74.05,14.39,0.07,1
Bali,16.75,156,107.35,0.435,0.8959,0.0454,46.3,83.33,11.21,0.06,0
Jawa Timur,39.25,174,225.55,0.5543,0.6858,0.042,37.37,74.84,26.75,0.13,0
Riau,36.72,159,230.91,0.7374,0.7619,0.0106,28.45,62.54,29.46,0.15,0
Sumatera Selatan,17.89,179,99.96,0.5753,0.6712,0.0837,25.93,61.91,12.58,0.06,0
DKI Jakarta,18.84,160,117.72,0.6568,0.7881,0.018,59.64,93.8,12.48,0.06,0
Bali,23.1,172,134.32,0.6281,0.7811,0.0273,49.29,87.81,22.62,0.11,0
Riau,57.94,190,304.94,0.5086,0.6391,0.0577,27.53,64.63,43.05,0.22,1
Jawa Barat,9.86,163,60.47,0.3114,0.7869,0.0402,40.76,79.39,6.5,0.03,1
Jawa Tengah,12.37,161,76.83,0.6922,0.6907,0.0423,32.84,71.86,10.77,0.05,0
DKI Jakarta,85.96,157,547.5,0.7469,0.8288,0.0143,62.9,94.73,69.93,0.35,0
Banten,45.31,167,271.33,0.7279,0.6396,0.0128,44.83,78.5,36.34,0.18,0
DKI Jakarta,13.15,176,74.69,0.6305,0.6431,0.0462,62.97,92.35,9.37,0.05,0
Riau,134.88,164,822.44,0.6912,0.6969,0.0304,27.19,67.05,114.31,0.57,0
DKI Jakarta,35.56,175,203.19,0.4926,0.6903,0.0766,62.72,92.6,20.36,0.1,1
Riau,22.48,145,155.04,0.6675,0.6886,0.0152,25.16,67.18,13.29,0.07,1
Sumatera Selatan,53.74,168,319.87,0.5872,0.2739,0.0306,23.63,62.65,40.58,0.2,1
Jawa Timur,13.18,136,96.92,0.7138,0.8054,0.0426,35.63,74.41,8.34,0.04,0
Jawa Timur,17.14,148,115.8,0.3084,0.7973,0.0299,36.11,74.78,7.85,0.04,1
Sumatera Selatan,24.51,161,152.23,0.4906,0.597,0.023,25.14,65.02,15.72,0.08,0
Sulawesi Selatan,29.56,156,189.5,0.4668,0.6701,0.0404,26.74,66.96,27.58,0.14,0
Sulawesi Selatan,25.72,148,173.79,0.3356,0.6753,0.0794,29.5,67.34,19.85,0.1,0
Riau,29.24,180,162.42,0.7738,0.7377,0.026,24.62,66.57,23.96,0.12,0
Jawa Tengah,18.0,149,120.81,0.4511,0.8925,0.0067,33.5,72.67,13.21,0.07,0
Jawa Timur,26.1,149,175.16,0.0765,0.6719,0.0501,38.05,77.89,20.06,0.1,1
Jawa Barat,28.86,172,167.79,0.5684,0.657,0.0318,42.17,80.0,17.24,0.09,0
DKI Jakarta,24.05,165,145.77,0.6229,0.715,0.0185,59.63,93.36,16.16,0.08,0
Jawa Barat,22.13,172,128.65,0.6192,0.5518,0.0515,41.7,80.16,16.55,0.08,0
Sumatera Selatan,18.24,160,113.98,0.3685,0.8262,0.0486,23.19,60.79,9.52,0.05,1
Banten,12.83,170,75.48,0.7186,0.8149,0.0255,42.12,80.72,8.35,0.04,0
Sumatera Utara,49.68,160,310.52,0.5699,0.6881,0.0059,28.73,67.41,31.05,0.16,0
Jawa Tengah,32.77,152,215.56,0.6696,0.6731,0.0576,31.33,72.81,24.14,0.12,0
DKI Jakarta,45.01,182,247.32,0.5631,0.4209,0.0256,62.77,96.56,31.97,0.16,1
Banten,12.93,151,85.63,0.8001,0.6245,0.0446,46.28,77.8,8.95,0.04,0
Banten,14.15,123,115.02,0.6284,0.977,0.0366,44.55,80.91,9.13,0.05,0
DKI Jakarta,21.79,154,141.5,0.6535,0.6547,0.0495,62.05,95.21,20.0,0.1,0
Riau,29.5,168,175.57,0.329,0.6333,0.0441,25.86,66.19,17.91,0.09,1
Jawa Tengah,16.86,166,101.58,0.6221,0.6953,0.0657,34.57,70.92,11.18,0.06,0
Sumatera Utara,55.34,150,368.92,0.2476,0.7453,0.0527,27.94,68.09,45.53,0.23,0
Jawa Timur,38.58,167,231.03,0.8521,0.7938,0.001,36.1,74.24,29.09,0.15,0
DKI Jakarta,25.03,156,160.46,0.6628,0.6952,0.0325,61.0,94.72,18.68,0.09,0
Sulawesi Selatan,29.37,172,170.75,0.8171,0.7359,0.0425,26.56,66.23,16.54,0.08,0
Riau,21.03,160,131.43,0.8724,0.9791,0.0316,27.44,64.88,14.83,0.07,0
Jawa Tengah,16.07,152,105.73,0.4509,0.6597,0.0634,32.47,72.86,11.81,0.06,0
Jawa Tengah,8.84,165,53.6,0.7537,0.7653,0.0489,34.03,71.22,6.3,0.03,0
DKI Jakarta,35.74,155,230.57,0.6309,0.6028,0.0018,63.35,93.72,24.05,0.12,1
Sumatera Selatan,21.87,145,150.85,0.8084,0.7136,0.0325,22.87,62.01,20.51,0.1,0
Jawa Timur,44.64,164,272.18,0.6092,0.6787,0.0404,35.61,75.71,27.85,0.14,1
Jawa Tengah,32.55,165,197.26,0.7991,0.6509,0.0239,34.07,71.93,30.16,0.15,0
Sulawesi Selatan,23.4,162,144.46,0.8735,0.5447,0.0535,28.11,66.92,19.23,0.1,0
Sulawesi Selatan,22.53,147,153.27,0.6043,0.8113,0.051,27.63,67.04,15.79,0.08,0
Banten,17.02,165,103.15,0.4521,0.6811,0.0477,44.79,79.99,12.89,0.06,1
Sumatera Utara,12.48,148,84.33,0.8348,0.8469,0.0545,29.92,66.93,10.77,0.05,0
Bali,13.45,146,92.09,0.769,0.7855,0.0667,48.64,84.45,5.88,0.03,1
Riau,16.7,179,93.3,0.6238,0.7153,0.0565,25.25,65.44,13.28,0.07,0
Jawa Tengah,20.9,157,133.15,0.4809,0.6967,0.0561,33.38,72.29,16.02,0.08,1
Sumatera Selatan,36.64,167,219.38,0.8648,0.5975,0.0396,23.09,62.46,23.43,0.12,1
Jawa Barat,37.28,179,208.24,0.8906,0.6155,0.0284,41.71,79.33,30.78,0.15,0
Sumatera Utara,11.45,155,73.86,0.646,0.6339,0.0809,28.4,69.35,9.25,0.05,0
Banten,33.15,145,228.6,0.8972,0.9039,0.0483,42.88,80.58,25.62,0.13,0
Sumatera Utara,24.54,156,157.29,0.6947,0.8742,0.0207,27.79,68.45,16.28,0.08,0
Sumatera Selatan,33.6,160,209.99,0.5269,0.7445,0.0384,23.81,61.39,29.49,0.15,0
DKI Jakarta,31.24,164,190.46,0.573,0.9193,0.033,63.5,96.21,25.68,0.13,1
Bali,11.95,172,69.5,0.6613,0.5618,0.0566,47.39,84.57,7.34,0.04,0
Jawa Timur,27.35,169,161.85,0.8008,0.8845,0.0337,35.59,75.77,19.97,0.1,0
Jawa Tengah,51.32,161,318.79,0.366,0.7882,0.0092,32.64,71.25,24.46,0.12,1
Sumatera Utara,14.47,171,84.61,0.7673,0.782,0.0517,29.25,67.94,12.18,0.06,0
Sulawesi Selatan,15.54,164,94.78,0.5231,0.8493,0.0293,28.99,69.22,9.0,0.04,0
Bali,9.71,157,61.84,0.7694,0.6404,0.001,49.09,85.44,8.69,0.04,0
Banten,20.72,176,117.73,0.7195,0.8494,0.0581,45.17,79.43,18.6,0.09,0
Sumatera Utara,12.87,171,75.25,0.5092,0.8268,0.0138,30.14,70.03,6.88,0.03,1
Sumatera Utara,16.87,173,97.5,0.6764,0.6783,0.0202,28.64,66.99,9.9,0.05,1
Riau,27.04,163,165.87,0.7223,0.9615,0.0416,24.9,63.38,16.7,0.08,0
Bali,35.27,158,223.23,0.8461,0.8026,0.0428,48.58,82.19,22.58,0.11,0
Jawa Barat,10.64,169,62.94,0.7577,0.6623,0.0291,39.46,79.55,7.71,0.04,0
Banten,19.57,167,117.21,0.4251,0.8575,0.0473,44.69,78.96,10.29,0.05,1
Sumatera Utara,24.83,190,130.66,0.6033,0.6471,0.0568,27.66,68.03,14.92,0.07,0
Sumatera Selatan,20.75,151,137.4,0.7519,0.8855,0.0216,24.47,64.41,15.53,0.08,0
DKI Jakarta,31.87,144,221.3,0.4604,0.6883,0.0414,62.27,94.59,25.17,0.13,0
Sumatera Utara,33.24,150,221.6,0.5445,0.8674,0.0426,27.83,66.78,26.06,0.13,1
Sumatera Selatan,36.15,156,231.74,0.6771,0.7462,0.0639,24.64,65.05,27.51,0.14,0
Jawa Barat,27.82,168,165.57,0.7867,0.6583,0.0442,41.31,78.25,15.57,0.08,1
Jawa Barat,23.83,184,129.51,0.463,0.7699,0.0031,40.55,78.52,17.77,0.09,1
DKI Jakarta,18.09,158,114.51,0.5637,0.814,0.0861,60.75,93.34,7.44,0.04,0
Bali,32.52,163,199.54,0.677,0.7978,0.0421,49.23,83.16,28.67,0.14,0
Sulawesi Selatan,17.2,175,98.31,0.6585,0.7256,0.045,26.09,68.08,15.26,0.08,0
Banten,15.38,156,98.6,0.4665,0.4505,0.0377,46.79,78.07,9.58,0.05,1
Bali,28.15,149,188.92,0.7498,0.5424,0.0453,50.63,84.4,19.55,0.1,0
Sumatera Utara,32.72,152,215.3,0.7993,0.6792,0.0483,26.02,70.1,28.86,0.14,0
Sulawesi Selatan,23.46,160,146.63,0.565,0.883,0.0553,28.84,68.7,17.76,0.09,0
Jawa Barat,31.44,155,202.84,0.7164,0.6542,0.0367,43.21,78.84,25.19,0.13,0
Riau,20.69,161,128.48,0.3228,0.6306,0.001,25.22,64.08,12.41,0.06,1
Sumatera Selatan,21.92,161,136.13,0.7123,0.674,0.031,24.83,63.03,15.13,0.08,0
Riau,25.93,147,176.41,0.7592,0.8042,0.0355,25.91,64.44,23.28,0.12,0
Banten,16.14,160,100.9,0.2047,0.5181,0.026,45.12,81.53,8.23,0.04,1
Jawa Tengah,34.76,164,211.97,0.6885,0.6079,0.018,32.53,71.53,27.78,0.14,0
Jawa Barat,23.29,179,130.11,0.6673,0.7113,0.0301,43.02,77.66,13.31,0.07,0
Riau,20.27,151,134.24,0.3785,0.9178,0.0568,25.88,65.14,13.06,0.07,1
Sumatera Utara,24.04,157,153.11,0.6468,0.3736,0.046,27.92,67.26,17.23,0.09,1
Banten,35.56,158,225.08,0.7813,0.8474,0.0126,45.07,80.08,23.8,0.12,0
DKI Jakarta,9.18,160,57.35,0.8368,0.631,0.0046,63.75,96.39,5.96,0.03,1
Jawa Timur,12.76,156,81.8,0.5681,0.6722,0.0043,33.3,75.41,9.66,0.05,0
Bali,40.99,164,249.97,0.5918,0.8126,0.0445,44.34,83.39,23.34,0.12,1
Riau,27.43,146,187.9,0.597,0.6218,0.0094,26.61,65.21,20.61,0.1,0
Sumatera Selatan,18.93,160,118.28,0.5715,0.638,0.0378,23.31,61.57,14.9,0.07,1
DKI Jakarta,26.22,173,151.57,0.5202,0.7016,0.0526,60.42,97.65,16.67,0.08,1
Banten,32.02,161,198.85,0.5487,0.8522,0.0474,43.54,81.96,19.48,0.1,0
Sumatera Utara,58.7,176,333.53,0.8719,0.3391,0.0326,32.77,69.7,32.99,0.16,1
Sumatera Selatan,18.16,152,119.47,0.7114,0.6979,0.0706,22.3,64.0,14.54,0.07,0
Sumatera Selatan,51.24,175,292.81,0.4684,0.9873,0.0273,25.63,62.9,42.9,0.21,0
DKI Jakarta,29.96,153,195.84,0.5958,0.5658,0.0421,61.26,94.03,23.19,0.12,0
Bali,14.32,151,94.81,0.4834,0.6743,0.0318,46.52,84.24,9.15,0.05,1
DKI Jakarta,16.19,148,109.39,0.3413,0.7229,0.0355,61.48,97.05,9.41,0.05,0
Banten,41.13,149,276.05,0.5106,0.7125,0.0559,41.97,79.57,34.41,0.17,0
Jawa Tengah,48.81,158,308.93,0.6944,0.8681,0.0524,30.85,71.42,32.51,0.16,0
Jawa Timur,23.31,163,142.99,0.7405,0.6484,0.0031,35.71,75.27,20.15,0.1,1
Banten,39.8,153,260.14,0.3448,0.7637,0.0188,42.46,80.42,16.26,0.08,0
Sumatera Utara,28.05,160,175.29,0.4367,0.8846,0.056,28.18,64.02,23.77,0.12,0
DKI Jakarta,22.11,156,141.73,0.4668,0.6163,0.0132,62.65,94.67,9.42,0.05,1
Jawa Barat,25.95,161,161.15,0.1449,0.7438,0.0191,40.32,75.55,15.32,0.08,0
Riau,12.11,156,77.63,0.5832,0.6109,0.0463,27.04,67.17,6.73,0.03,0
DKI Jakarta,21.16,165,128.27,0.5529,0.6192,0.0588,61.4,92.13,17.67,0.09,1
Jawa Tengah,19.43,171,113.64,0.5239,0.6854,0.0563,32.97,71.14,14.35,0.07,0
Bali,35.52,144,246.68,0.3103,0.8775,0.0072,45.45,82.2,17.85,0.09,1
Jawa Tengah,30.56,184,166.11,0.2634,0.8831,0.034,33.32,74.26,16.92,0.08,1
Jawa Barat,22.43,172,130.41,0.8433,0.8751,0.0318,44.88,78.59,16.26,0.08,0
Banten,41.39,158,261.98,0.6458,0.7357,0.0274,45.29,82.47,26.81,0.13,0
Banten,12.66,171,74.06,0.7125,0.6324,0.0079,43.84,82.19,9.67,0.05,0
Jawa Barat,15.44,165,93.57,0.6282,0.6864,0.0667,39.76,80.1,11.47,0.06,0
Banten,51.48,181,284.41,0.6573,0.5478,0.0371,46.55,78.12,42.96,0.21,1
Bali,30.13,148,203.58,0.6208,0.8164,0.0199,48.46,84.7,13.37,0.07,0
Sulawesi Selatan,11.44,159,71.98,0.5606,0.6895,0.0466,26.89,69.44,7.69,0.04,0
DKI Jakarta,29.43,180,163.5,0.7316,0.4164,0.036,61.43,94.67,19.54,0.1,0
Sumatera Selatan,13.09,160,81.82,0.6938,0.7455,0.0562,27.41,62.66,7.76,0.04,0
Riau,20.6,173,119.1,0.538,0.7349,0.0296,25.92,65.82,13.54,0.07,0
Sumatera Selatan,28.66,155,184.92,0.4096,0.6701,0.0307,24.98,63.64,20.6,0.1,0
Sumatera Selatan,23.19,161,144.06,0.4294,0.6542,0.0399,24.0,61.33,10.73,0.05,1
Riau,21.38,151,141.59,0.664,0.7822,0.0532,26.0,64.72,17.33,0.09,0
Bali,15.76,159,99.14,0.6362,0.6188,0.0199,48.06,85.28,11.01,0.06,0
Jawa Tengah,35.08,131,267.81,0.4757,0.657,0.0115,35.33,73.15,27.18,0.14,0
Jawa Barat,29.62,157,188.69,0.5012,0.9074,0.0497,41.57,78.89,17.53,0.09,0
Jawa Timur,15.39,154,99.96,0.7065,0.6206,0.0451,34.69,74.91,15.39,0.08,0
Jawa Barat,27.1,174,155.76,0.7292,0.7134,0.0406,42.09,78.37,19.93,0.1,0
Jawa Barat,22.79,181,125.9,0.5963,0.9158,0.0412,41.33,77.69,16.85,0.08,0
DKI Jakarta,17.99,160,112.47,0.3861,0.684,0.0402,62.97,94.08,11.72,0.06,1
Sumatera Utara,23.15,147,157.51,0.4327,0.7938,0.0666,27.9,69.22,16.76,0.08,0
Bali,58.8,165,356.37,0.5001,0.7077,0.0438,47.89,87.41,40.63,0.2,0
DKI Jakarta,16.04,165,97.22,0.6768,0.8838,0.0357,63.74,92.75,10.81,0.05,0
Riau,30.27,155,195.28,0.3674,0.7228,0.0188,28.89,66.92,15.46,0.08,1
Sulawesi Selatan,35.34,155,227.99,0.6305,0.6703,0.0319,25.11,68.26,27.78,0.14,0
Banten,29.87,159,187.85,0.7862,0.5964,0.0507,44.22,77.88,19.41,0.1,0
Jawa Barat,35.27,150,235.12,0.6799,0.7796,0.0544,40.69,78.48,27.05,0.14,0
Riau,20.53,145,141.61,0.6224,0.5443,0.0104,24.73,65.18,15.44,0.08,1
Jawa Tengah,27.85,148,188.18,0.1696,0.6583,0.0573,29.97,72.1,19.5,0.1,0
Jawa Barat,23.37,150,155.8,0.5898,0.4754,0.0372,42.04,79.86,18.03,0.09,0
Banten,11.78,145,81.26,0.6933,0.8117,0.0867,43.37,82.17,8.88,0.04,0
DKI Jakarta,15.13,168,90.07,0.7208,0.9281,0.064,61.59,95.75,15.13,0.08,0
Jawa Timur,38.07,150,253.81,0.6004,0.7919,0.0359,38.6,75.66,30.03,0.15,0
Sumatera Selatan,17.59,150,117.25,0.7238,0.5218,0.0162,23.64,63.49,12.89,0.06,0
Jawa Barat,18.25,146,125.0,0.501,0.6483,0.0189,40.78,81.09,11.26,0.06,0
Sumatera Utara,30.43,140,217.33,0.7314,0.5756,0.0287,26.4,66.93,20.79,0.1,0
Sulawesi Selatan,22.33,162,137.86,0.713,0.8753,0.0753,26.54,69.29,17.68,0.09,0
Jawa Tengah,34.41,163,211.12,0.5567,0.5799,0.0332,35.4,70.72,23.42,0.12,1
Jawa Tengah,22.37,161,138.97,0.7722,0.5031,0.0437,34.12,70.27,18.36,0.09,1
Sumatera Selatan,16.65,184,90.5,0.587,0.8263,0.0364,26.23,63.86,12.29,0.06,0
Sumatera Selatan,38.54,155,248.65,0.4222,0.6934,0.0354,23.04,61.11,27.57,0.14,0
Banten,16.26,164,99.14,0.6282,0.7229,0.0309,44.64,79.33,13.64,0.07,0
Sumatera Selatan,44.59,157,284.02,0.6392,0.8256,0.0685,25.87,64.75,29.13,0.15,0
Riau,30.44,155,196.36,0.6057,0.7691,0.0565,26.97,64.3,19.15,0.1,0
Jawa Tengah,20.04,176,113.84,0.4234,0.5074,0.0107,35.57,74.26,9.44,0.05,1
Bali,32.57,164,198.59,0.6144,0.7697,0.0062,49.3,81.79,18.99,0.09,1
Jawa Tengah,19.18,164,116.97,0.2407,0.787,0.0555,33.2,73.35,11.95,0.06,1
Riau,16.39,161,101.81,0.4019,0.8439,0.0608,22.57,63.74,9.1,0.05,1
Sumatera Utara,26.89,165,162.97,0.5825,0.6623,0.0208,29.03,67.97,14.22,0.07,0
Sumatera Utara,34.79,159,218.8,0.4994,0.7129,0.0307,29.3,68.46,23.85,0.12,1
Bali,27.3,162,168.5,0.4668,0.7972,0.0613,50.42,84.16,15.69,0.08,0
Sulawesi Selatan,15.67,152,103.1,0.4972,0.6459,0.0521,26.71,67.49,10.98,0.05,1
Sumatera Selatan,13.69,173,79.13,0.5798,0.565,0.0394,24.25,61.36,8.39,0.04,1
Sumatera Utara,22.43,167,134.33,0.5496,0.7331,0.0508,26.01,69.9,16.08,0.08,0
Jawa Timur,13.73,156,88.0,0.5992,0.727,0.0345,34.38,73.92,9.99,0.05,0
Sumatera Selatan,22.74,163,139.52,0.5428,0.842,0.0314,25.07,61.62,22.74,0.11,0
DKI Jakarta,22.04,153,144.04,0.6291,0.8366,0.0608,64.3,94.08,14.29,0.07,1
Jawa Barat,34.86,165,211.28,0.489,0.8153,0.0262,43.45,77.76,21.05,0.11,0
Riau,31.83,156,204.03,0.358,0.6528,0.0301,26.76,66.41,15.59,0.08,0
Jawa Tengah,33.68,138,244.09,0.8099,0.6493,0.0735,36.27,71.46,28.97,0.14,0
Banten,22.51,155,145.23,0.7058,0.6935,0.0224,43.51,79.8,16.12,0.08,0
Sulawesi Selatan,18.67,155,120.48,0.4937,0.5442,0.0729,29.25,67.94,11.18,0.06,1
Jawa Timur,32.05,175,183.15,0.6145,0.8212,0.0431,34.82,76.57,29.08,0.15,0
Banten,27.07,149,181.65,0.4649,0.6171,0.0397,39.38,79.17,17.64,0.09,1
Riau,22.9,129,177.54,0.7015,0.6443,0.05,25.38,63.39,18.92,0.09,0
Sumatera Selatan,72.48,178,407.21,0.8333,0.8416,0.0563,24.12,62.13,63.14,0.32,0
Sulawesi Selatan,31.73,154,206.05,0.7863,0.3321,0.0668,28.25,69.16,29.67,0.15,0
Jawa Timur,37.01,136,272.17,0.6603,0.6033,0.0351,36.52,75.82,28.49,0.14,0
Sulawesi Selatan,15.21,172,88.41,0.817,0.7643,0.0485,28.44,67.36,15.08,0.08,0
Jawa Tengah,15.49,167,92.74,0.7488,0.8369,0.0306,35.81,72.17,15.49,0.08,0
Riau,15.41,152,101.36,0.6419,0.6121,0.0286,27.21,65.08,9.52,0.05,1
DKI Jakarta,23.91,162,147.62,0.4625,0.8149,0.042,61.25,95.15,14.69,0.07,0
Sulawesi Selatan,18.02,132,136.52,0.5489,0.5789,0.0543,24.13,68.2,11.29,0.06,0
Sumatera Selatan,25.94,155,167.33,0.5382,0.6267,0.0211,22.69,62.77,19.56,0.1,0
Jawa Timur,56.4,160,352.53,0.5371,0.4971,0.0076,38.81,76.5,34.85,0.17,0
Sulawesi Selatan,23.4,167,140.15,0.745,0.6552,0.0191,27.14,69.21,22.56,0.11,0
Jawa Barat,31.12,166,187.46,0.7031,0.8485,0.03,42.52,77.5,30.61,0.15,0
Jawa Timur,25.88,170,152.23,0.4878,1.0,0.0653,37.76,74.32,15.6,0.08,0
Banten,39.41,153,257.61,0.6977,0.7411,0.0227,44.02,82.68,30.57,0.15,0
Riau,36.36,179,203.1,0.6248,0.8037,0.0495,25.97,66.15,23.58,0.12,0
Riau,23.58,165,142.91,0.6385,0.831,0.0622,25.1,67.4,19.41,0.1,0
DKI Jakarta,38.85,161,241.32,0.7115,0.7387,0.0241,65.74,95.27,25.87,0.13,0
Bali,30.64,153,200.25,0.9272,0.6285,0.0667,47.27,85.05,20.42,0.1,1
Jawa Barat,39.62,173,229.03,0.4298,0.8406,0.0511,43.18,76.04,25.67,0.13,1
Sulawesi Selatan,22.47,150,149.8,0.6095,0.8731,0.0202,29.15,66.33,15.66,0.08,0
Banten,34.21,166,206.07,0.5908,0.569,0.0317,45.02,80.58,24.36,0.12,1
Sumatera Utara,20.83,159,131.03,0.2406,0.8629,0.0237,28.22,67.11,10.96,0.05,0
Jawa Timur,15.47,170,91.01,0.79,0.7927,0.0343,34.58,75.22,12.52,0.06,0
Jawa Timur,20.41,174,117.29,0.449,0.8039,0.0474,35.08,76.49,16.05,0.08,0
Banten,31.27,156,200.46,0.6996,0.8393,0.0264,42.94,79.96,19.29,0.1,0
Jawa Tengah,31.56,164,192.42,0.505,0.6648,0.0468,33.75,72.58,22.12,0.11,0
Sulawesi Selatan,18.36,174,105.5,0.8749,0.7306,0.043,29.24,69.47,15.51,0.08,0
Riau,44.16,146,302.46,0.639,0.6454,0.0182,26.57,67.18,37.58,0.19,1
Banten,15.45,168,91.95,0.7379,0.8427,0.0469,44.49,79.73,11.85,0.06,0
Riau,27.37,172,159.14,0.4041,0.7233,0.061,27.66,66.93,22.6,0.11,0
DKI Jakarta,19.53,163,119.81,0.5748,0.7282,0.0347,59.27,93.05,14.63,0.07,1
Riau,24.4,151,161.6,0.8008,0.4836,0.0542,22.79,65.67,19.48,0.1,0
Jawa Barat,12.02,146,82.35,0.7167,0.731,0.019,39.18,79.28,8.74,0.04,0
Jawa Barat,12.55,180,69.7,0.3519,0.8842,0.0703,42.89,78.47,7.96,0.04,0
Riau,19.57,179,109.32,0.4915,0.7594,0.0516,23.09,65.13,14.8,0.07,0
Banten,36.34,175,207.64,0.5158,0.8824,0.0536,44.09,78.46,28.16,0.14,0
Jawa Barat,22.7,141,160.98,0.7508,0.7316,0.0263,40.13,78.56,18.73,0.09,0
DKI Jakarta,13.02,165,78.9,0.6802,0.6812,0.0537,62.63,92.27,10.36,0.05,0
Riau,41.17,170,242.18,0.8393,0.4587,0.0478,25.89,65.24,31.98,0.16,0
Sumatera Utara,27.02,165,163.75,0.5514,0.7443,0.0544,28.78,68.27,16.76,0.08,0
Jawa Tengah,36.72,170,215.98,0.4418,0.8499,0.0656,32.6,72.99,26.55,0.13,0
Jawa Tengah,21.86,176,124.2,0.8285,0.8284,0.0298,34.26,70.69,16.84,0.08,0
Sumatera Selatan,11.83,178,66.45,0.5039,0.7959,0.0656,26.5,63.51,8.17,0.04,1
Bali,52.1,162,321.64,0.7815,0.7185,0.0549,50.6,85.18,45.67,0.23,0
Sulawesi Selatan,21.0,156,134.64,0.6351,0.4979,0.0162,27.36,67.77,15.31,0.08,0
Bali,40.16,164,244.88,0.7048,0.7841,0.0727,47.4,85.04,32.83,0.16,0
Jawa Tengah,20.65,170,121.49,0.669,0.6903,0.0292,33.49,72.42,19.21,0.1,0
Sumatera Selatan,25.32,165,153.47,0.4823,0.6705,0.0439,27.26,59.98,15.73,0.08,0
Jawa Timur,12.46,176,70.78,0.7418,0.8194,0.0447,36.72,74.29,8.85,0.04,0
Jawa Barat,16.72,169,98.95,0.6408,0.7854,0.0207,42.76,81.17,14.95,0.07,0
Jawa Barat,52.59,164,320.68,0.4777,0.8676,0.0572,42.68,79.39,40.67,0.2,0
Banten,33.6,146,230.16,0.7486,0.9067,0.0311,45.26,79.08,23.02,0.12,0
Jawa Tengah,41.12,151,272.3,0.59,0.6421,0.0144,35.11,72.54,26.62,0.13,0
Jawa Barat,30.41,162,187.69,0.4638,0.5653,0.0235,39.52,79.45,19.52,0.1,1
Sumatera Selatan,27.77,167,166.28,0.5424,0.7228,0.0036,22.86,64.95,23.26,0.12,0
DKI Jakarta,37.27,155,240.48,0.372,0.7209,0.0133,62.47,93.73,27.52,0.14,0
Sulawesi Selatan,37.66,160,235.38,0.8103,0.7634,0.0597,29.75,67.08,27.54,0.14,0
Banten,28.5,167,170.66,0.7185,0.8155,0.0093,45.94,79.2,18.11,0.09,0
Jawa Timur,21.36,139,153.7,0.4023,0.7189,0.0468,36.73,74.71,15.4,0.08,1
Jawa Timur,38.3,159,240.89,0.6458,0.4758,0.0283,38.3,74.67,16.61,0.08,0
Riau,13.36,148,90.26,0.481,0.6191,0.0615,25.47,65.62,8.88,0.04,1
Sulawesi Selatan,22.38,177,126.46,0.6229,0.7685,0.0395,26.66,67.29,14.96,0.07,1
Jawa Tengah,12.96,167,77.62,0.7397,0.7265,0.0158,31.21,72.03,10.53,0.05,0
Sulawesi Selatan,16.2,173,93.65,0.6411,0.631,0.0516,27.69,70.05,10.75,0.05,1
Sulawesi Selatan,26.05,160,162.84,0.6094,0.8168,0.0323,27.38,66.65,18.47,0.09,0
Sulawesi Selatan,33.85,155,218.38,0.1386,0.7418,0.0533,29.41,68.2,19.71,0.1,1
Riau,61.74,159,388.28,0.6104,0.8203,0.0464,26.94,64.04,60.29,0.3,0
DKI Jakarta,23.42,169,138.59,0.2912,0.7418,0.0188,62.48,95.31,17.55,0.09,0
Jawa Timur,18.54,154,120.39,0.3102,0.4263,0.0373,36.89,76.74,13.98,0.07,1
Sumatera Utara,20.62,146,141.25,0.8115,0.7084,0.0285,27.77,67.16,16.83,0.08,0
Sumatera Selatan,25.65,155,165.5,0.7095,0.5673,0.0347,21.63,62.26,19.17,0.1,0
DKI Jakarta,64.01,167,383.31,0.4428,0.7808,0.0371,60.63,95.0,41.2,0.21,1
Sumatera Utara,22.8,155,147.13,0.5593,0.6483,0.008,29.58,67.87,20.15,0.1,0
Riau,13.91,158,88.02,0.5928,0.4908,0.0458,25.89,67.1,7.3,0.04,0
DKI Jakarta,29.4,165,178.2,0.4714,0.7633,0.0333,60.43,92.76,23.97,0.12,0
Sumatera Utara,23.69,155,152.84,0.7334,0.7612,0.0143,30.45,69.49,17.07,0.09,0
Banten,25.02,174,143.8,0.824,0.6872,0.0166,46.65,82.49,21.48,0.11,0
Banten,22.1,172,128.5,0.4431,0.784,0.0051,45.91,80.27,13.67,0.07,1
Sumatera Selatan,70.91,159,445.96,0.4951,0.6778,0.0789,24.94,62.34,36.09,0.18,0
DKI Jakarta,16.87,147,114.77,0.3684,0.7555,0.0392,62.83,93.27,8.96,0.04,1
Sumatera Selatan,11.23,153,73.37,0.4052,0.7493,0.0473,24.26,62.91,6.74,0.03,1
Jawa Barat,16.03,146,109.79,0.5983,0.7807,0.0686,41.75,79.41,12.16,0.06,0
Sumatera Selatan,19.88,172,115.55,0.5752,0.7846,0.0945,25.24,61.31,11.85,0.06,1
Jawa Timur,11.95,146,81.85,0.5631,0.827,0.0256,37.86,75.03,10.37,0.05,0
Sumatera Utara,20.96,157,133.5,0.6715,0.8468,0.0294,29.08,68.36,13.16,0.07,0
Jawa Tengah,55.18,160,344.88,0.5925,0.8371,0.0197,28.28,73.96,29.65,0.15,0
Sulawesi Selatan,13.4,164,81.69,0.4615,0.8457,0.0368,29.63,70.03,7.9,0.04,0
Jawa Barat,13.32,171,77.91,0.6446,0.857,0.0037,41.8,78.44,12.2,0.06,0
Banten,38.28,178,215.07,0.3862,0.8123,0.066,42.06,78.47,18.9,0.09,0
Bali,23.62,178,132.72,0.6434,0.8417,0.0499,49.0,84.67,18.89,0.09,0
Jawa Timur,22.26,183,121.64,0.4368,0.8571,0.0357,37.25,75.61,14.88,0.07,0
DKI Jakarta,40.65,158,257.29,0.7648,0.4595,0.0106,60.04,95.62,32.48,0.16,1
Jawa Tengah,18.72,167,112.13,0.8286,0.857,0.0687,32.24,71.57,15.41,0.08,0
Jawa Tengah,12.03,166,72.5,0.5994,0.7148,0.0311,31.54,70.91,11.01,0.06,0
DKI Jakarta,36.32,164,221.45,0.4942,0.7838,0.0746,60.94,94.19,29.46,0.15,0
Sulawesi Selatan,21.32,150,142.16,0.7134,0.6599,0.0339,28.76,67.39,14.32,0.07,0
Bali,22.29,161,138.46,0.7048,0.884,0.0414,47.77,84.06,9.47,0.05,0
Bali,9.41,150,62.73,0.6836,0.8582,0.015,48.84,83.46,9.41,0.05,0
Sumatera Utara,15.67,171,91.67,0.8128,0.597,0.0641,29.51,66.69,9.08,0.05,0
Jawa Timur,20.06,151,132.83,0.8395,0.7266,0.0065,36.15,76.13,18.27,0.09,0
Bali,13.82,155,89.15,0.712,0.4248,0.0555,49.87,84.82,11.08,0.06,0
Bali,41.38,172,240.58,0.5159,0.7013,0.0676,50.73,83.54,30.86,0.15,1
Sumatera Selatan,20.44,144,141.91,0.475,0.6149,0.0067,25.57,64.08,9.88,0.05,0
Jawa Barat,22.27,171,130.21,0.7305,0.7233,0.0586,42.4,76.39,15.19,0.08,0
Bali,35.97,148,243.05,0.2728,0.6349,0.0688,49.98,84.01,19.8,0.1,1
Riau,18.25,165,110.63,0.5694,1.0,0.0486,26.69,65.66,12.72,0.06,0
Riau,25.83,145,178.15,0.5167,0.6082,0.0517,27.37,66.73,18.97,0.09,0
Bali,23.74,162,146.57,0.4354,0.7745,0.0477,46.94,83.83,17.59,0.09,0
Jawa Tengah,36.17,160,226.08,0.2962,0.8039,0.0413,33.09,73.45,18.71,0.09,1
Banten,30.57,167,183.03,0.3234,0.7646,0.0195,44.69,79.02,18.35,0.09,1
Jawa Timur,30.3,150,201.98,0.4406,0.8206,0.0389,36.69,76.39,21.41,0.11,1
Jawa Barat,16.26,142,114.52,0.8515,0.9449,0.0339,45.25,80.62,12.65,0.06,0
Sumatera Utara,19.57,175,111.85,0.5476,0.924,0.0776,28.11,67.0,10.0,0.05,0
Sumatera Utara,23.96,171,140.13,0.7213,0.7805,0.0387,25.73,68.38,16.43,0.08,0
Jawa Tengah,33.42,166,201.35,0.4884,0.7761,0.0394,33.28,72.75,16.86,0.08,0
Sumatera Selatan,27.91,157,177.75,0.6267,0.8004,0.0438,25.54,61.61,20.66,0.1,0
Jawa Timur,31.09,142,218.97,0.4425,0.6764,0.049,35.49,75.92,24.65,0.12,1
Bali,14.37,146,98.41,0.7697,0.6166,0.0245,48.64,83.82,12.89,0.06,0
Sumatera Selatan,12.6,158,79.72,0.4299,0.7809,0.059,24.19,62.09,9.28,0.05,0
Jawa Timur,19.99,172,116.23,0.8848,0.5971,0.0384,36.71,74.89,15.28,0.08,0
Sumatera Selatan,18.13,169,107.3,0.5695,0.7194,0.0547,23.4,62.5,10.26,0.05,0
Jawa Tengah,17.59,187,94.07,0.5603,0.7305,0.0219,34.85,73.06,12.19,0.06,0
Sumatera Utara,22.48,170,132.23,0.6652,0.6021,0.0373,31.65,68.2,14.47,0.07,0
Riau,14.02,172,81.51,0.7279,0.8869,0.0697,24.84,68.17,9.61,0.05,0
Jawa Tengah,16.36,146,112.06,0.4662,0.6341,0.0798,31.24,71.46,12.53,0.06,0
Jawa Tengah,15.17,163,93.07,0.7518,0.676,0.0534,32.54,72.67,9.34,0.05,0
Jawa Barat,13.4,157,85.32,0.6855,0.8518,0.0176,43.61,78.42,9.23,0.05,0
Jawa Tengah,13.71,165,83.1,0.5448,0.744,0.0032,32.81,70.57,10.32,0.05,1
Riau,17.85,193,92.5,0.6999,0.7377,0.0534,26.65,67.31,14.4,0.07,0
Jawa Barat,31.63,166,190.56,0.5956,0.8301,0.0797,40.13,78.74,24.73,0.12,0
Bali,20.92,164,127.56,0.3523,0.6456,0.0323,51.38,83.56,15.42,0.08,1
Jawa Timur,22.61,146,154.89,0.7429,0.841,0.0362,36.36,75.88,17.91,0.09,0
Jawa Timur,21.85,165,132.45,0.6104,0.7251,0.0456,37.17,76.64,13.82,0.07,1
Banten,35.52,175,202.95,0.577,0.7077,0.0904,42.91,78.78,21.83,0.11,0
Riau,30.45,161,189.16,0.3752,0.6403,0.0439,24.76,65.46,21.19,0.11,0
Sumatera Selatan,31.69,165,192.06,0.7069,0.6684,0.0442,24.29,64.35,20.58,0.1,0
Riau,22.33,167,133.69,0.332,0.8368,0.0326,26.26,65.6,13.22,0.07,1
Jawa Barat,26.48,184,143.9,0.3518,0.6169,0.0423,42.79,79.27,18.54,0.09,1
Bali,14.6,172,84.87,0.3891,0.7636,0.0628,46.17,84.18,4.51,0.02,1
Banten,16.55,158,104.72,0.6902,0.7377,0.0272,42.67,77.91,11.23,0.06,0
Bali,34.22,160,213.86,0.5981,0.6989,0.0593,47.67,84.2,25.28,0.13,0
Riau,18.74,167,112.21,0.603,0.6819,0.0602,26.28,64.73,14.55,0.07,1
DKI Jakarta,22.36,173,129.24,0.9738,0.8274,0.0243,60.71,94.07,14.04,0.07,0
Sumatera Utara,30.42,153,198.82,0.7376,0.8308,0.0562,28.26,67.54,24.19,0.12,0
Bali,25.56,155,164.9,0.7377,0.757,0.0813,47.73,84.7,15.73,0.08,0
Sumatera Selatan,24.08,164,146.8,0.7616,0.9027,0.0158,24.1,62.68,14.63,0.07,0
Sumatera Selatan,21.66,167,129.72,0.5836,0.7242,0.0372,23.14,64.07,14.87,0.07,0
Bali,37.54,169,222.12,0.6743,0.7555,0.0453,47.18,85.24,31.16,0.16,0
Sumatera Utara,16.93,159,106.46,0.6735,0.7547,0.0479,28.83,67.09,13.91,0.07,0
Jawa Tengah,26.61,155,171.66,0.5929,0.6517,0.0212,34.87,73.61,20.76,0.1,0
DKI Jakarta,19.36,152,127.39,0.7051,0.7344,0.0151,63.62,93.33,14.22,0.07,0
Sulawesi Selatan,28.25,147,192.2,0.6607,0.7942,0.0254,29.57,66.45,21.07,0.11,0
Riau,27.55,137,201.13,0.5831,0.8946,0.0421,27.95,66.67,22.12,0.11,0
Bali,25.63,166,154.38,0.6255,0.6861,0.0308,48.46,83.79,22.08,0.11,0
Sumatera Selatan,40.87,162,252.28,0.6433,0.9632,0.0575,27.11,63.22,27.78,0.14,0
Jawa Timur,30.01,144,208.4,0.5203,0.5722,0.0643,37.93,73.85,24.48,0.12,1
Jawa Barat,19.9,157,126.78,0.4675,0.7297,0.0229,40.08,78.16,14.61,0.07,1
Bali,25.72,158,162.76,0.5064,0.4028,0.0468,47.7,84.36,13.88,0.07,1
Bali,23.78,143,166.3,0.7154,0.6929,0.0421,48.93,84.03,19.76,0.1,0
Sumatera Utara,41.83,175,239.04,0.6635,0.6472,0.091,29.72,67.58,36.62,0.18,0
Jawa Tengah,14.87,197,75.48,0.699,0.9203,0.0317,32.86,72.15,12.0,0.06,0
Bali,43.16,169,255.38,0.5489,0.5149,0.0483,47.24,85.69,37.32,0.19,1
Bali,13.81,190,72.67,0.7369,0.6833,0.08,49.89,83.37,12.79,0.06,0
Sumatera Selatan,29.46,161,183.01,0.4985,0.9565,0.001,22.62,60.07,29.27,0.15,0
Sumatera Utara,29.91,164,182.36,0.703,0.8582,0.0697,28.86,69.69,24.29,0.12,0
Sulawesi Selatan,21.06,159,132.48,0.6748,0.8261,0.0278,27.96,67.01,13.11,0.07,0
Sulawesi Selatan,30.14,153,196.99,0.5093,0.6919,0.0111,25.89,67.11,22.19,0.11,1
Jawa Tengah,13.44,159,84.54,0.7224,0.5498,0.0464,35.87,71.45,13.44,0.07,1
Jawa Timur,13.64,136,100.29,0.4401,0.7871,0.0442,36.83,73.81,7.26,0.04,1
Sumatera Selatan,12.15,136,89.33,0.3851,0.8098,0.0525,22.52,62.63,6.51,0.03,1
Jawa Barat,18.24,171,106.64,0.5104,0.7523,0.0552,41.57,78.26,12.66,0.06,0
DKI Jakarta,39.08,156,250.52,0.6336,0.8052,0.038,59.8,94.72,27.14,0.14,0
Sumatera Utara,41.19,148,278.3,0.5521,0.6796,0.0753,28.94,67.54,25.48,0.13,0
Sulawesi Selatan,23.05,165,139.73,0.78,0.8118,0.068,29.19,64.87,16.52,0.08,0
Bali,26.79,167,160.39,0.7859,0.4552,0.0492,52.75,82.9,18.57,0.09,0
Jawa Barat,62.96,155,406.17,0.5358,0.6786,0.0474,41.65,79.94,51.81,0.26,1
Jawa Tengah,18.53,155,119.54,0.614,0.6747,0.0639,32.21,71.09,12.4,0.06,0
Jawa Timur,17.07,161,106.0,0.3061,0.7707,0.0411,37.11,76.05,11.44,0.06,0
Sulawesi Selatan,31.45,134,234.67,0.6239,0.6951,0.0157,30.06,66.94,27.4,0.14,0
Bali,18.17,160,113.55,0.5707,0.6035,0.0382,49.45,85.48,13.83,0.07,0
Sulawesi Selatan,14.78,159,92.93,0.5898,0.6275,0.0335,29.15,67.92,9.67,0.05,1
Banten,34.85,152,229.29,0.7215,0.6115,0.0431,45.24,78.06,27.01,0.14,0
DKI Jakarta,44.53,149,298.89,0.4664,0.565,0.0167,63.16,92.79,24.16,0.12,1
Riau,16.26,141,115.31,0.3591,0.7337,0.0193,24.0,63.61,15.56,0.08,0
Sulawesi Selatan,23.76,165,143.99,0.6433,0.7991,0.0634,25.72,68.89,21.23,0.11,1
Jawa Timur,32.21,139,231.69,0.5369,0.9221,0.0418,34.43,73.89,21.05,0.11,0
Jawa Tengah,14.39,141,102.03,0.6866,0.4468,0.0348,31.4,71.66,9.98,0.05,1
Sumatera Utara,40.94,172,238.02,0.6166,0.8217,0.0319,26.78,68.1,32.18,0.16,0
Jawa Tengah,48.45,154,314.58,0.5704,0.6297,0.0373,35.99,72.37,36.09,0.18,1
Bali,13.6,164,82.93,0.7006,0.6761,0.0439,47.64,83.95,9.27,0.05,0
Banten,12.85,162,79.33,0.3098,0.5003,0.0074,44.25,77.91,7.92,0.04,1
Bali,11.17,157,71.15,0.5882,0.5717,0.0325,48.33,83.05,8.52,0.04,0
Riau,16.99,149,114.01,0.7847,0.7691,0.0445,26.39,64.14,13.39,0.07,0
Banten,11.66,142,82.1,0.6299,0.6533,0.0376,44.21,76.62,8.88,0.04,0
Banten,40.75,158,257.92,0.629,0.6919,0.0057,42.22,80.32,31.63,0.16,0
Sumatera Selatan,14.91,160,93.17,0.8424,0.7339,0.041,25.2,63.71,10.49,0.05,0
Jawa Tengah,20.8,173,120.23,0.4943,0.6941,0.0398,32.18,70.81,18.99,0.09,1
Banten,29.0,165,175.77,0.474,0.6188,0.0267,43.03,81.37,18.09,0.09,1
Bali,15.65,158,99.05,0.6193,0.6927,0.0221,48.24,84.37,14.67,0.07,0
Sulawesi Selatan,22.2,151,147.04,0.5514,0.7984,0.0446,29.11,68.82,16.25,0.08,0
DKI Jakarta,29.98,147,203.95,0.8134,0.8043,0.0428,61.46,95.13,20.09,0.1,0
Sumatera Selatan,148.75,185,804.07,0.7534,0.8014,0.0499,24.44,62.94,137.8,0.69,0
Bali,28.21,159,177.43,0.7807,0.7102,0.0822,49.3,82.06,19.12,0.1,0
Banten,10.88,151,72.04,0.8582,0.4476,0.0521,44.49,80.04,8.73,0.04,0
Jawa Tengah,37.58,180,208.8,0.7241,0.5905,0.0261,33.5,72.73,29.04,0.15,0
Banten,28.05,164,171.03,0.567,0.5778,0.0658,41.99,79.02,16.62,0.08,0
Sulawesi Selatan,32.31,171,188.97,0.68,0.8082,0.0356,28.09,67.99,24.89,0.12,0
Jawa Barat,21.76,156,139.51,0.5921,0.7162,0.0357,40.13,78.57,14.58,0.07,0
Jawa Timur,35.31,153,230.81,0.4994,0.6105,0.0226,34.16,74.26,29.11,0.15,0
Sulawesi Selatan,22.92,177,129.48,0.264,0.7098,0.0521,27.21,67.68,13.94,0.07,1
Riau,27.01,158,170.94,0.6194,0.7917,0.0346,25.32,64.79,15.53,0.08,0
Jawa Tengah,28.07,173,162.24,0.5595,0.7006,0.0584,37.64,72.55,18.55,0.09,0
Riau,26.09,169,154.4,0.5027,0.8653,0.0525,27.56,64.69,15.78,0.08,0
Jawa Barat,19.6,157,124.83,0.7391,0.746,0.024,42.68,77.75,18.74,0.09,0
Sumatera Selatan,43.04,164,262.43,0.5276,0.7699,0.0218,23.69,61.13,33.68,0.17,0
Banten,49.02,162,302.58,0.4613,0.4877,0.0458,43.82,82.45,34.68,0.17,1
Bali,67.65,164,412.5,0.6049,0.8199,0.0657,52.56,83.96,34.07,0.17,0
Sumatera Selatan,23.77,152,156.39,0.5322,0.72,0.0621,23.35,61.74,15.53,0.08,0
Jawa Barat,24.16,147,164.35,0.7536,0.6072,0.0714,41.88,79.32,21.97,0.11,0
Riau,28.83,170,169.58,0.5902,0.65,0.0443,28.86,65.62,21.68,0.11,1
Riau,16.01,159,100.71,0.7038,0.6607,0.0592,25.01,66.06,12.73,0.06,0
Jawa Tengah,40.11,173,231.87,0.4381,0.5782,0.0638,33.42,72.88,19.76,0.1,1
Sumatera Utara,20.85,162,128.72,0.5063,0.7185,0.0813,28.37,69.52,13.47,0.07,0
Jawa Tengah,29.59,149,198.62,0.5082,0.6456,0.0494,31.87,70.82,28.78,0.14,0
Sumatera Selatan,13.67,159,85.96,0.4673,0.689,0.0337,25.46,63.28,8.88,0.04,0
Jawa Tengah,31.18,159,196.09,0.5684,0.5608,0.0645,31.53,70.21,21.25,0.11,0
Banten,47.86,166,288.32,0.5951,0.7717,0.0149,45.26,79.43,34.23,0.17,0
Riau,15.61,145,107.65,0.7697,0.6565,0.0631,26.74,66.2,10.89,0.05,0
DKI Jakarta,18.36,154,119.23,0.5223,0.9187,0.0683,63.75,93.13,8.26,0.04,1
Sulawesi Selatan,19.89,169,117.68,0.3244,0.6289,0.0618,27.61,70.48,10.2,0.05,0
DKI Jakarta,18.13,154,117.72,0.5917,0.8025,0.0227,62.98,94.22,12.43,0.06,0
Bali,52.02,173,300.68,0.5858,0.676,0.046,50.24,82.33,30.19,0.15,0
Riau,26.37,167,157.91,0.5137,0.7175,0.0634,23.99,66.25,23.15,0.12,0
Sumatera Utara,15.53,164,94.71,0.7264,0.7925,0.0521,26.59,70.86,12.3,0.06,0
Banten,15.78,156,101.18,0.7933,0.8683,0.0424,44.97,77.12,13.16,0.07,0
Jawa Timur,10.75,175,61.45,0.8691,0.884,0.0459,38.03,76.26,7.56,0.04,0
Sumatera Selatan,16.37,158,103.6,0.6675,0.7711,0.1032,24.5,61.91,14.52,0.07,0
Jawa Timur,13.98,167,83.69,0.6942,0.7549,0.0218,38.18,75.34,11.76,0.06,0
Sumatera Utara,14.07,165,85.3,0.6438,0.7258,0.0162,27.86,66.63,12.15,0.06,0
Bali,19.24,158,121.74,0.3885,0.5697,0.0227,50.6,85.52,9.48,0.05,1
Riau,13.87,154,90.03,0.8635,0.7046,0.0842,25.99,65.02,9.91,0.05,0
Riau,20.97,152,137.98,0.6589,0.8102,0.056,24.93,66.79,14.47,0.07,0
Sumatera Utara,26.71,149,179.26,0.4126,0.693,0.0304,30.54,66.96,14.46,0.07,1
DKI Jakarta,23.4,135,173.35,0.4933,0.7332,0.0862,63.64,93.95,21.67,0.11,0
DKI Jakarta,26.72,161,165.94,0.7905,0.6881,0.0188,61.72,91.42,19.44,0.1,0
DKI Jakarta,8.95,172,52.03,0.7611,0.6464,0.0297,61.75,97.32,6.68,0.03,1
Jawa Tengah,17.24,148,116.5,0.6357,0.67,0.0179,34.1,74.4,15.53,0.08,0
Banten,43.01,150,286.73,0.9328,0.7907,0.043,42.6,82.42,18.36,0.09,0
Jawa Tengah,78.2,169,462.7,0.4537,0.8774,0.0509,33.68,73.94,43.37,0.22,1
Sumatera Utara,36.7,165,222.41,0.6607,0.8453,0.0444,28.15,67.49,31.18,0.16,0
Bali,24.29,161,150.87,0.4984,0.9234,0.0654,49.02,84.45,18.82,0.09,0
Sulawesi Selatan,16.19,164,98.73,0.7992,0.737,0.0335,24.87,68.15,9.53,0.05,0
Riau,47.7,169,282.27,0.5267,0.7305,0.0357,24.74,65.85,38.8,0.19,1
Jawa Barat,20.5,151,135.77,0.5482,0.5306,0.0475,41.88,77.29,18.06,0.09,0
Sumatera Selatan,17.12,132,129.7,0.3946,0.6638,0.0782,25.88,61.73,8.87,0.04,1
Bali,40.06,150,267.09,0.6099,0.737,0.0507,48.5,82.9,28.84,0.14,0
Sumatera Selatan,5.87,133,44.11,0.4692,0.6609,0.0357,25.38,62.59,3.31,0.02,1
Bali,19.38,137,141.48,0.8241,0.6167,0.0575,46.48,84.12,16.83,0.08,0
DKI Jakarta,12.78,170,75.16,0.6775,0.7875,0.0371,61.73,93.66,9.36,0.05,0
Jawa Timur,30.12,155,194.32,0.3568,0.8286,0.0465,37.22,75.7,20.49,0.1,0
Sumatera Utara,55.32,160,345.76,0.6361,0.9165,0.0379,28.31,66.54,49.88,0.25,0
Jawa Barat,30.52,162,188.4,0.6688,0.6584,0.0169,42.64,77.57,22.95,0.11,0
Jawa Timur,64.45,153,421.27,0.4256,0.5277,0.0284,36.41,74.49,52.0,0.26,0
Jawa Tengah,28.31,174,162.73,0.5009,0.692,0.0719,32.83,73.08,21.82,0.11,1
Jawa Tengah,49.6,158,313.9,0.8955,0.6937,0.0474,34.18,72.34,45.27,0.23,0
Riau,12.49,174,71.8,0.4722,0.7134,0.0443,25.29,65.81,7.09,0.04,1
Riau,28.17,173,162.85,0.7752,0.5702,0.0419,24.74,64.28,19.15,0.1,1
DKI Jakarta,12.46,156,79.9,0.5057,0.6909,0.0355,63.1,94.25,7.26,0.04,0
Riau,25.09,141,177.92,0.4023,0.7016,0.0421,24.65,64.47,13.88,0.07,0
Bali,21.55,172,125.3,0.6364,0.7549,0.0337,50.83,83.61,14.36,0.07,1
DKI Jakarta,20.74,156,132.92,0.3999,0.6156,0.0463,59.64,94.64,14.63,0.07,1
Sumatera Selatan,19.65,149,131.89,0.5147,0.7215,0.0201,23.85,62.32,10.59,0.05,1
Sumatera Selatan,38.72,153,253.05,0.6031,0.7726,0.055,26.74,62.97,28.81,0.14,0
Sumatera Selatan,28.09,174,161.43,0.6616,0.8393,0.0397,27.26,62.78,24.54,0.12,0
Sulawesi Selatan,22.54,140,161.02,0.3449,0.7946,0.0155,27.76,66.39,10.97,0.05,1
Sumatera Selatan,22.6,153,147.73,0.669,0.5807,0.0353,25.96,62.41,17.26,0.09,1
Jawa Timur,34.97,165,211.95,0.6034,0.7639,0.0332,37.96,74.73,28.34,0.14,0
Jawa Barat,21.17,161,131.52,0.5495,0.6948,0.0612,40.76,78.14,16.44,0.08,1
Sulawesi Selatan,14.89,170,87.61,0.8026,0.848,0.0377,28.6,65.64,10.34,0.05,0
Sumatera Selatan,43.42,180,241.24,0.6273,0.8581,0.0253,23.01,62.22,26.39,0.13,0
Banten,18.34,155,118.3,0.4555,0.7472,0.0011,41.76,80.89,13.89,0.07,0
Sumatera Utara,24.8,147,168.7,0.5558,0.7362,0.0293,29.16,68.72,16.4,0.08,0
Sumatera Utara,35.17,162,217.07,0.8328,0.6108,0.0645,29.24,67.72,26.87,0.13,0
DKI Jakarta,12.9,145,88.95,0.7052,0.6267,0.0502,60.62,92.78,10.68,0.05,0
Jawa Tengah,15.71,158,99.43,0.6528,0.8047,0.0236,32.99,72.22,12.71,0.06,0
Jawa Tengah,12.01,157,76.49,0.5033,0.5529,0.0374,31.42,73.26,5.34,0.03,1
Riau,24.1,195,123.58,0.3958,0.7978,0.0426,25.41,67.22,16.39,0.08,0
Banten,46.02,181,254.24,0.637,0.7235,0.0724,43.45,79.17,26.01,0.13,0
Banten,20.41,141,144.72,0.6628,0.9263,0.0411,45.21,78.53,9.4,0.05,0
Sumatera Utara,49.39,160,308.71,0.5595,0.8042,0.0304,27.65,68.78,34.38,0.17,0
Bali,25.91,150,172.76,0.6821,0.8811,0.0479,46.81,84.93,21.69,0.11,0
Jawa Barat,17.15,154,111.33,0.5783,0.6874,0.0536,44.07,78.61,10.56,0.05,1
Jawa Barat,18.19,172,105.73,0.4452,0.888,0.0562,42.24,77.84,10.44,0.05,1
Sumatera Utara,55.59,164,338.99,0.8846,0.6229,0.0558,29.74,66.63,39.35,0.2,0
Bali,33.75,154,219.16,0.8567,0.8283,0.0837,49.61,85.31,24.53,0.12,0
Sulawesi Selatan,21.18,158,134.05,0.5283,0.8951,0.0167,29.31,68.88,14.01,0.07,1
Jawa Timur,21.48,137,156.79,0.568,0.8922,0.0383,37.45,74.97,14.63,0.07,0
Jawa Timur,20.31,172,118.06,0.4761,0.5803,0.0406,37.5,77.45,13.94,0.07,0
Bali,7.91,153,51.71,0.907,0.6595,0.0152,48.89,84.78,6.51,0.03,0
Jawa Barat,25.86,169,153.02,0.708,0.5718,0.0186,40.84,78.39,22.7,0.11,0
Jawa Timur,14.37,174,82.58,0.7071,0.9859,0.0357,38.13,73.98,10.52,0.05,0
Banten,19.16,156,122.82,0.7223,0.5952,0.0336,43.7,77.76,16.21,0.08,0
Jawa Tengah,13.46,164,82.05,0.7808,0.6073,0.0306,33.38,71.49,9.4,0.05,0
Banten,18.31,137,133.67,0.6412,0.7305,0.005,44.66,80.24,10.92,0.05,1
Sulawesi Selatan,14.42,157,91.85,0.7429,0.6679,0.0184,28.58,70.6,13.34,0.07,0
Sulawesi Selatan,24.1,159,151.6,0.582,0.7746,0.0294,26.38,67.88,18.72,0.09,0
Jawa Timur,29.93,143,209.33,0.7281,0.7084,0.0359,37.1,76.11,23.83,0.12,0
Banten,26.6,155,171.61,0.786,0.4981,0.0465,42.57,78.81,17.04,0.09,0
Sulawesi Selatan,12.41,165,75.21,0.2192,0.8181,0.0354,28.17,68.05,7.54,0.04,1
Jawa Tengah,11.72,168,69.75,0.6677,0.6851,0.0272,34.37,72.19,7.56,0.04,0
Sumatera Utara,10.97,135,81.3,0.5047,0.5808,0.0477,31.1,67.07,7.62,0.04,0
Jawa Tengah,38.72,155,249.83,0.6979,0.3903,0.0457,34.07,73.71,24.3,0.12,1
Riau,76.76,161,476.8,0.3753,0.6485,0.022,27.4,65.24,48.0,0.24,0
DKI Jakarta,16.56,156,106.18,0.649,0.6056,0.0798,60.77,95.53,16.56,0.08,0
Jawa Tengah,13.7,151,90.75,0.6007,0.6828,0.001,34.01,72.11,8.1,0.04,0
Sumatera Selatan,50.2,165,304.24,0.6921,0.73,0.0538,22.63,62.7,24.96,0.12,0
Riau,18.05,151,119.53,0.6857,0.5978,0.0587,27.9,64.46,14.66,0.07,0
Jawa Tengah,23.95,170,140.88,0.7779,0.7025,0.0613,31.6,71.68,19.78,0.1,0
Jawa Tengah,25.75,162,158.97,0.7034,0.8195,0.0471,31.73,73.86,16.7,0.08,0
Sumatera Selatan,17.63,167,105.59,0.6524,0.6922,0.0132,25.43,62.02,12.06,0.06,0
Sulawesi Selatan,18.34,181,101.3,0.7814,0.6351,0.0796,30.42,68.6,14.12,0.07,0
Sumatera Utara,21.99,156,140.98,0.596,0.6529,0.0133,29.99,67.83,19.12,0.1,0
Sumatera Selatan,20.75,173,119.95,0.541,0.6639,0.0191,23.77,63.81,13.58,0.07,1
Sumatera Selatan,10.75,161,66.74,0.5307,0.7614,0.0297,22.82,63.35,6.9,0.03,0
Sulawesi Selatan,16.39,171,95.87,0.5206,0.7935,0.0152,27.26,66.2,11.59,0.06,0
Jawa Tengah,21.07,154,136.83,0.6714,0.7607,0.0153,33.39,72.3,20.37,0.1,0
Sumatera Utara,16.82,150,112.13,0.6055,0.7743,0.0227,28.28,70.8,8.64,0.04,0
Jawa Barat,28.31,150,188.7,0.7644,0.6064,0.0015,39.96,78.97,24.18,0.12,0
Jawa Timur,14.16,140,101.15,0.8927,0.6287,0.0426,38.73,76.51,11.62,0.06,0
Banten,60.14,156,385.5,0.6014,0.884,0.0315,46.06,80.16,47.61,0.24,0
Sulawesi Selatan,24.81,165,150.38,0.6928,0.7718,0.0353,30.73,68.75,23.13,0.12,0
Jawa Timur,24.79,163,152.07,0.6045,0.6674,0.0459,34.31,74.54,19.31,0.1,0
DKI Jakarta,17.94,157,114.25,0.4046,0.765,0.0377,61.19,94.05,11.17,0.06,1
Sumatera Utara,20.96,163,128.6,0.734,0.884,0.0272,28.78,69.26,14.64,0.07,0
Banten,9.74,152,64.1,0.5009,0.7989,0.0494,44.11,79.38,6.9,0.03,1
Sumatera Selatan,22.86,156,146.54,0.4678,0.6416,0.0348,23.63,64.39,19.13,0.1,0
DKI Jakarta,67.33,160,420.79,0.235,0.7208,0.024,61.12,93.0,53.77,0.27,1
Sulawesi Selatan,40.56,174,233.08,0.6216,0.6831,0.0373,26.4,67.87,28.75,0.14,1
Sumatera Selatan,11.73,166,70.65,0.4222,0.8073,0.0656,27.34,62.79,6.11,0.03,1
Sumatera Utara,25.27,149,169.62,0.7276,0.7279,0.0288,26.26,71.37,25.27,0.13,0
Bali,28.67,156,183.77,0.4425,0.6593,0.0532,46.36,84.03,17.64,0.09,0
Jawa Tengah,57.91,177,327.2,0.5963,0.7045,0.0204,31.42,72.6,46.98,0.23,0
Banten,17.12,170,100.71,0.7113,0.7761,0.0406,44.39,77.41,13.34,0.07,0
Jawa Tengah,81.11,161,503.76,0.6143,0.7534,0.0456,32.79,70.7,50.58,0.25,0
Jawa Tengah,26.04,168,155.0,0.3944,0.6292,0.0228,33.82,72.47,23.45,0.12,0
Sulawesi Selatan,14.74,149,98.9,0.4416,0.6972,0.0331,26.84,67.48,9.41,0.05,1
Sulawesi Selatan,12.01,170,70.66,0.3075,0.6034,0.0212,28.03,67.51,5.53,0.03,1
Jawa Tengah,19.89,144,138.14,0.4632,0.4927,0.0231,33.33,71.71,11.83,0.06,1
Jawa Tengah,23.24,143,162.54,0.6174,0.9069,0.0398,35.56,71.88,18.17,0.09,0
DKI Jakarta,13.62,158,86.23,0.7294,0.6159,0.0722,65.07,92.15,10.15,0.05,0
Jawa Barat,31.06,154,201.7,0.6314,0.7271,0.0484,41.27,78.5,23.37,0.12,0
Sulawesi Selatan,27.98,146,191.63,0.6265,0.8303,0.0408,29.18,67.54,17.72,0.09,0
Jawa Barat,21.34,145,147.14,0.7513,0.7633,0.0685,41.74,79.88,13.95,0.07,0
DKI Jakarta,14.83,152,97.59,0.6166,0.7091,0.014,63.56,95.2,11.84,0.06,1
Bali,21.89,148,147.93,0.4938,0.5178,0.0671,49.28,81.11,12.82,0.06,0
Sumatera Selatan,60.75,155,391.91,0.404,0.8131,0.0328,25.4,62.22,40.89,0.2,0
Sumatera Selatan,15.54,164,94.76,0.7885,0.9596,0.0459,25.58,65.26,11.99,0.06,0
Jawa Barat,9.43,140,67.33,0.6282,0.8158,0.0539,42.14,79.69,7.63,0.04,0
DKI Jakarta,20.41,167,122.21,0.5814,0.6616,0.0501,62.61,94.79,11.81,0.06,1
Riau,16.46,165,99.73,0.7965,0.6952,0.0332,27.66,64.8,12.67,0.06,0
Sumatera Utara,10.13,156,64.96,0.8675,0.8851,0.0571,28.2,69.09,7.78,0.04,0
Jawa Barat,30.99,172,180.15,0.6265,0.8331,0.0323,40.64,76.78,22.15,0.11,0
Banten,13.37,167,80.06,0.7048,0.761,0.0322,41.77,79.12,10.38,0.05,0
Bali,13.05,170,76.74,0.5826,0.5132,0.0395,49.34,84.91,9.68,0.05,0
Sulawesi Selatan,35.58,159,223.75,0.6794,0.7795,0.0506,28.94,68.53,33.09,0.17,0
DKI Jakarta,48.14,157,306.65,0.3544,0.6289,0.0206,59.81,94.46,34.05,0.17,0
DKI Jakarta,89.82,150,598.78,0.8032,0.5919,0.0228,61.48,94.67,81.27,0.41,0
Jawa Timur,12.29,169,72.73,0.4281,0.6995,0.006,37.93,75.6,9.34,0.05,0
Sumatera Selatan,27.18,152,178.83,0.7849,0.8247,0.0349,24.08,62.72,16.57,0.08,0
Sumatera Selatan,12.85,166,77.4,0.8974,0.7179,0.0617,24.38,64.71,9.62,0.05,0
Sumatera Utara,21.11,139,151.84,0.7851,0.8278,0.1048,29.77,70.42,17.99,0.09,1
Sumatera Utara,23.46,173,135.62,0.688,0.6856,0.0455,28.24,68.14,17.46,0.09,0
Banten,9.55,163,58.61,0.3976,0.8517,0.0734,44.68,78.39,3.52,0.02,0
Banten,29.92,156,191.81,0.6422,0.7285,0.0413,42.48,79.52,23.82,0.12,0
Jawa Barat,24.45,167,146.4,0.7906,0.7706,0.0427,42.03,78.7,18.52,0.09,0
Banten,32.34,162,199.65,0.5336,0.7644,0.0381,42.09,77.15,16.58,0.08,1
Sulawesi Selatan,11.81,144,82.04,0.5567,0.756,0.0397,25.95,69.41,10.28,0.05,0
Sumatera Utara,68.12,149,457.16,0.7873,0.6992,0.0398,27.64,67.43,50.91,0.25,0
Sumatera Utara,28.45,170,167.36,0.2327,0.5281,0.0341,29.22,67.21,13.89,0.07,1
Sulawesi Selatan,28.45,164,173.45,0.4715,0.7487,0.0761,27.98,67.39,17.4,0.09,1
DKI Jakarta,50.94,168,303.23,0.5504,0.754,0.0516,61.22,93.63,39.74,0.2,0
Riau,20.95,144,145.51,0.4698,0.648,0.0264,27.42,65.47,9.0,0.05,0
Jawa Tengah,14.79,154,96.03,0.4158,0.7545,0.0534,33.68,73.05,10.69,0.05,1
Banten,37.77,146,258.68,0.5373,0.7437,0.0606,45.67,81.33,32.41,0.16,1
DKI Jakarta,21.49,158,135.99,0.8698,0.7755,0.016,61.06,95.15,18.66,0.09,0
Jawa Timur,39.68,164,241.94,0.7276,0.8524,0.0614,38.95,74.27,31.84,0.16,0
Sumatera Utara,22.26,161,138.28,0.4822,0.8944,0.0587,30.77,68.07,18.28,0.09,0
Sumatera Utara,72.7,154,472.08,0.551,0.6879,0.0481,29.77,68.33,61.49,0.31,0
Jawa Timur,22.66,159,142.5,0.361,0.6839,0.0723,37.53,75.77,14.96,0.07,1
Sulawesi Selatan,16.82,156,107.81,0.5239,0.8392,0.0608,28.64,68.39,9.6,0.05,0
Jawa Tengah,27.8,161,172.64,0.7,0.5153,0.0325,33.7,72.19,16.35,0.08,1
Jawa Tengah,17.71,153,115.75,0.7686,0.5203,0.0436,31.14,72.0,14.04,0.07,0
Sumatera Utara,16.5,171,96.52,0.5789,0.5386,0.0691,27.5,69.29,8.44,0.04,1
Jawa Timur,50.17,170,295.11,0.6562,0.8611,0.0315,36.64,75.24,29.04,0.15,0
Jawa Tengah,12.88,159,81.01,0.674,0.6516,0.0331,31.65,73.25,11.17,0.06,0
DKI Jakarta,42.47,171,248.38,0.6376,0.7067,0.0467,64.55,95.18,37.7,0.19,0
Sumatera Utara,53.0,156,339.77,0.727,0.8949,0.0367,29.15,69.94,43.67,0.22,0
Riau,20.92,170,123.04,0.6711,0.6778,0.0906,28.77,65.66,16.04,0.08,0
Sumatera Utara,24.8,149,166.41,0.6746,0.8169,0.0684,29.59,69.93,15.2,0.08,0
Sumatera Selatan,13.41,137,97.91,0.7856,0.8049,0.0849,22.2,62.74,12.16,0.06,1
Riau,40.37,153,263.84,0.3373,0.8027,0.0657,28.06,65.81,25.56,0.13,0
Riau,13.35,166,80.41,0.6358,0.5914,0.0454,25.42,66.32,9.59,0.05,1
Jawa Timur,40.89,168,243.42,0.725,0.9105,0.0013,38.85,74.19,20.7,0.1,0
Bali,23.57,162,145.52,0.6296,0.5423,0.0481,50.96,84.03,15.5,0.08,0
Bali,16.32,168,97.12,0.7073,0.519,0.0186,50.73,83.7,13.82,0.07,1
Sumatera Selatan,17.77,171,103.9,0.6153,0.7016,0.0097,25.91,63.03,10.71,0.05,0
Jawa Barat,28.24,152,185.79,0.588,0.8273,0.0645,42.15,77.96,19.43,0.1,0
Sulawesi Selatan,12.38,148,83.63,0.5984,0.6206,0.0188,27.88,67.93,9.64,0.05,0
Sumatera Utara,28.16,147,191.53,0.7149,0.5656,0.0265,31.23,68.11,26.03,0.13,0
Banten,24.6,156,157.7,0.5319,0.6768,0.0312,44.51,79.46,24.35,0.12,0
Jawa Tengah,16.49,138,119.46,0.7005,0.6922,0.0436,32.62,72.28,11.68,0.06,0
DKI Jakarta,28.19,152,185.47,0.5119,0.6862,0.0395,63.06,93.38,23.15,0.12,0
Bali,16.45,166,99.09,0.7539,0.8435,0.0557,50.42,83.47,13.27,0.07,0
Sumatera Utara,19.71,156,126.34,0.8048,0.8577,0.0523,30.07,66.77,12.38,0.06,1
Sulawesi Selatan,19.18,160,119.86,0.7708,0.7214,0.0093,26.27,65.65,15.76,0.08,0
Sumatera Selatan,13.83,171,80.85,0.5742,0.774,0.0714,25.92,62.28,8.73,0.04,1
Bali,19.41,158,122.87,0.5565,0.6965,0.0177,49.73,85.15,12.47,0.06,0
Banten,12.62,176,71.7,0.5246,0.6773,0.0204,43.58,79.56,8.83,0.04,0
Jawa Timur,18.8,170,110.59,0.5448,0.5862,0.0758,35.56,75.41,11.38,0.06,1
Banten,10.92,162,67.38,0.8184,0.9319,0.0389,46.25,79.31,9.06,0.05,0
DKI Jakarta,13.47,150,89.77,0.5697,0.8072,0.0631,64.69,96.52,11.29,0.06,0
Sumatera Selatan,15.28,163,93.76,0.566,0.6499,0.0547,26.65,63.3,10.3,0.05,1
Bali,28.38,159,178.5,0.5361,0.852,0.0494,46.74,83.82,19.33,0.1,0
DKI Jakarta,15.13,164,92.24,0.7775,0.7277,0.0261,62.09,92.93,10.35,0.05,0
Bali,14.09,173,81.47,0.8889,0.8289,0.0362,48.79,86.56,10.12,0.05,0
Riau,21.01,175,120.03,0.7196,0.6739,0.0737,28.35,63.72,18.88,0.09,0
Sumatera Utara,60.99,153,398.64,0.6481,0.5249,0.0263,29.61,67.25,45.35,0.23,0
Sumatera Selatan,13.0,188,69.16,0.7084,0.7895,0.0415,23.96,62.15,8.33,0.04,0
DKI Jakarta,33.12,160,207.0,0.2471,0.6515,0.0504,62.64,94.16,18.37,0.09,1
Sulawesi Selatan,28.89,167,172.97,0.4744,0.8239,0.0322,28.97,68.23,19.88,0.1,0
Bali,64.92,146,444.65,0.6931,0.8296,0.0262,49.82,84.58,47.07,0.24,0
Sumatera Selatan,21.67,129,167.96,0.7179,0.7543,0.0365,26.82,62.66,17.43,0.09,0
Jawa Timur,23.11,156,148.12,0.3471,0.7955,0.036,38.98,73.72,16.26,0.08,0
Jawa Barat,26.59,180,147.74,0.7244,0.9275,0.01,43.37,80.83,17.28,0.09,0
Jawa Timur,22.5,158,142.41,0.4289,0.5742,0.0455,35.65,75.72,9.12,0.05,1
Banten,33.05,159,207.89,0.5501,0.8848,0.0666,43.05,80.48,23.92,0.12,0
Sulawesi Selatan,16.92,151,112.06,0.4669,0.8518,0.001,26.41,66.99,14.39,0.07,0
Banten,145.81,190,767.44,0.6182,0.8935,0.0437,44.73,79.44,109.93,0.55,0
Sumatera Selatan,33.68,149,226.05,0.6031,0.4816,0.001,23.6,64.51,22.55,0.11,0
Banten,21.53,163,132.08,0.6933,0.7559,0.0695,44.99,77.15,17.6,0.09,0
DKI Jakarta,17.59,137,128.4,0.6269,0.7372,0.0282,63.51,95.12,10.96,0.05,0
Sumatera Selatan,21.3,148,143.93,0.6769,0.6869,0.0402,24.67,62.8,14.57,0.07,0
Jawa Timur,24.41,172,141.94,0.7386,0.7579,0.0198,38.16,75.9,21.41,0.11,0
Sumatera Utara,34.09,169,201.74,0.6301,0.579,0.0795,27.48,70.2,25.91,0.13,0
Jawa Timur,27.0,160,168.74,0.3113,0.4701,0.0817,34.63,74.83,13.35,0.07,1
Sumatera Selatan,52.84,168,314.54,0.5409,0.7911,0.0178,23.29,59.86,45.46,0.23,0
Bali,15.11,163,92.7,0.8449,0.7912,0.0154,50.0,83.19,13.87,0.07,0
Sumatera Selatan,22.32,156,143.05,0.6308,0.4922,0.0568,27.11,63.12,18.17,0.09,0
Bali,14.12,153,92.26,0.743,0.6777,0.0572,50.97,86.48,10.77,0.05,0
Riau,17.6,152,115.78,0.7066,0.8546,0.0322,25.85,64.93,12.34,0.06,0
Sumatera Utara,18.64,164,113.64,0.365,0.6849,0.0189,29.89,70.06,11.71,0.06,1
Sumatera Selatan,34.91,160,218.19,0.8266,0.5132,0.07,22.27,60.31,25.39,0.13,1
Riau,16.11,150,107.42,0.6597,0.7564,0.0346,28.48,64.8,8.97,0.04,0
Jawa Tengah,46.67,153,305.05,0.5657,0.8293,0.0334,34.05,73.35,26.23,0.13,1
Jawa Tengah,52.55,167,314.66,0.2717,0.8029,0.0424,34.45,73.23,28.89,0.14,0
DKI Jakarta,31.46,149,211.17,0.55,0.4085,0.0103,59.59,91.85,23.34,0.12,0
Sumatera Selatan,15.5,180,86.13,0.5766,0.742,0.0273,25.06,62.09,14.23,0.07,0
Jawa Barat,50.56,162,312.12,0.8508,0.8328,0.0197,44.33,78.43,33.39,0.17,0
DKI Jakarta,19.94,168,118.71,0.6278,0.6244,0.001,62.91,93.4,10.43,0.05,1
Bali,18.15,146,124.3,0.5284,0.8141,0.0227,48.63,85.9,10.97,0.05,0
DKI Jakarta,31.42,165,190.41,0.5877,0.805,0.0387,62.09,94.22,28.75,0.14,0
Sulawesi Selatan,14.14,145,97.49,0.7433,0.7457,0.0238,26.89,66.07,7.29,0.04,0
Jawa Tengah,50.11,178,281.5,0.6097,0.7734,0.0369,33.41,72.65,30.42,0.15,0
Sulawesi Selatan,34.68,157,220.86,0.8306,0.706,0.0184,26.15,68.42,24.2,0.12,0
Riau,123.22,165,746.76,0.6925,0.7339,0.0519,26.85,64.02,103.75,0.52,0
DKI Jakarta,25.73,151,170.38,0.4976,0.8007,0.0594,64.14,93.13,22.03,0.11,0
Sumatera Selatan,23.32,170,137.15,0.7327,0.8715,0.053,23.73,62.25,13.5,0.07,0
Sulawesi Selatan,66.58,155,429.58,0.6938,0.7613,0.0429,28.55,69.44,54.03,0.27,0
Sulawesi Selatan,10.35,160,64.68,0.5922,0.6015,0.0561,27.88,67.69,8.82,0.04,1
Bali,26.29,160,164.31,0.4029,0.8284,0.0274,49.37,81.85,21.17,0.11,0
Jawa Tengah,22.05,161,136.97,0.5506,0.625,0.0239,34.64,70.66,17.51,0.09,1
Jawa Barat,50.56,181,279.31,0.1635,0.6443,0.0383,42.2,79.46,29.45,0.15,0
Jawa Timur,131.85,163,808.89,0.4793,0.8276,0.0289,38.17,74.91,69.96,0.35,0
Sumatera Utara,17.07,161,106.05,0.664,0.7322,0.0672,29.26,66.73,11.64,0.06,0
Sumatera Selatan,38.35,143,268.18,0.7338,0.8909,0.0803,25.67,62.65,29.95,0.15,0
Sulawesi Selatan,49.13,161,305.18,0.4303,0.6459,0.0925,28.45,68.98,21.52,0.11,1
Banten,52.34,179,292.41,0.7568,0.5124,0.0584,44.67,82.41,31.89,0.16,0
Banten,28.17,170,165.7,0.4855,0.8369,0.0472,45.21,79.73,23.39,0.12,0
Bali,33.02,156,211.67,0.5093,0.661,0.001,48.67,85.09,19.69,0.1,1
Sulawesi Selatan,14.33,153,93.65,0.1661,0.6297,0.0316,28.65,67.68,8.42,0.04,1
Banten,50.96,135,377.48,0.7443,0.698,0.0252,42.84,80.06,39.99,0.2,0
Sumatera Utara,14.71,166,88.6,0.7366,0.8215,0.0266,25.76,67.09,10.13,0.05,0
Jawa Tengah,14.95,161,92.88,0.4919,0.7414,0.067,33.41,73.83,8.34,0.04,0
Jawa Timur,17.47,137,127.54,0.8606,0.5639,0.069,35.68,74.85,17.37,0.09,0
Sumatera Selatan,18.14,163,111.31,0.7691,0.8622,0.0315,27.27,61.78,13.71,0.07,0
Jawa Barat,30.7,168,182.71,0.5502,0.8003,0.0277,40.37,77.68,23.44,0.12,0
Jawa Tengah,20.09,160,125.54,0.7409,0.9248,0.0356,34.42,72.9,14.46,0.07,0
Jawa Barat,14.96,154,97.14,0.6115,0.6634,0.0034,40.5,77.76,10.5,0.05,0
Jawa Tengah,12.1,139,87.03,0.5665,0.6303,0.0658,33.23,73.92,9.21,0.05,0
Sumatera Selatan,44.48,163,272.86,0.5015,0.5954,0.0565,22.69,63.87,32.49,0.16,1
Bali,30.3,158,191.79,0.651,0.7146,0.0153,46.95,85.53,18.71,0.09,0
Jawa Timur,11.94,148,80.66,0.3878,0.6967,0.0156,37.29,74.9,11.03,0.06,0
Bali,32.52,160,203.22,0.6188,0.6081,0.0733,48.17,83.75,25.2,0.13,0
Banten,19.42,155,125.28,0.535,0.8855,0.0569,45.28,79.84,12.52,0.06,0
Jawa Tengah,11.98,166,72.15,0.3549,0.6854,0.0771,35.14,70.68,7.27,0.04,0
Sulawesi Selatan,13.32,161,82.72,0.6328,0.7992,0.025,25.57,68.37,10.06,0.05,0
Sumatera Utara,41.26,166,248.58,0.6439,0.7936,0.0765,30.04,69.3,34.04,0.17,0
Jawa Barat,50.11,168,298.27,0.8483,0.7649,0.0217,40.06,77.77,40.07,0.2,0
Jawa Tengah,37.65,179,210.34,0.6047,0.8768,0.0439,32.7,72.93,30.87,0.15,0
Jawa Timur,17.66,171,103.29,0.6748,0.583,0.0061,34.7,75.71,12.8,0.06,0
Jawa Barat,31.24,164,190.47,0.575,0.4741,0.0307,39.44,79.94,24.9,0.12,0
Sulawesi Selatan,29.74,158,188.23,0.8902,0.9894,0.0447,24.98,69.77,28.98,0.14,0
Riau,9.69,186,52.11,0.6765,0.8652,0.0327,25.49,66.34,6.7,0.03,0
Sulawesi Selatan,28.82,146,197.38,0.4025,0.5045,0.0536,27.99,67.73,20.77,0.1,0
Jawa Tengah,26.95,167,161.4,0.5161,0.7843,0.0247,32.64,73.55,11.91,0.06,1
Bali,78.7,151,521.19,0.7513,0.7573,0.041,46.01,84.56,78.7,0.39,0
Riau,73.23,172,425.76,0.6167,0.6973,0.0344,23.16,65.08,49.27,0.25,0
Jawa Timur,22.83,162,140.92,0.3297,0.7482,0.0341,36.82,74.67,13.68,0.07,1
Jawa Timur,29.76,162,183.73,0.2552,0.7986,0.0571,37.98,75.52,14.6,0.07,1
Jawa Barat,26.82,172,155.9,0.5285,0.8485,0.027,41.87,79.81,20.72,0.1,0
Sumatera Selatan,21.26,182,116.81,0.7332,0.7372,0.0373,27.1,61.86,14.66,0.07,0
Sumatera Selatan,13.52,172,78.63,0.6091,0.8828,0.0313,24.24,61.61,9.98,0.05,0
Sumatera Utara,15.74,148,106.36,0.7381,0.711,0.0729,28.87,66.74,13.32,0.07,0
Bali,19.62,167,117.51,0.8342,0.8881,0.04,48.67,85.73,11.93,0.06,0
Riau,53.13,194,273.86,0.5793,0.7094,0.0401,24.93,65.88,33.02,0.17,0
Sumatera Selatan,26.75,164,163.08,0.7638,0.8901,0.035,24.05,64.87,19.33,0.1,0
Sulawesi Selatan,16.62,149,111.57,0.6651,0.5223,0.0491,29.16,67.18,14.28,0.07,0
Jawa Timur,15.26,148,103.11,0.7235,0.7895,0.032,38.12,73.93,10.12,0.05,0
Riau,26.94,147,183.28,0.8995,0.5759,0.0311,26.64,67.27,19.47,0.1,0
Riau,19.23,153,125.68,0.7766,0.6133,0.0312,28.47,64.52,13.23,0.07,0
Sulawesi Selatan,14.96,167,89.59,0.5983,0.6577,0.0415,28.59,68.61,8.57,0.04,0
Sumatera Selatan,17.21,182,94.56,0.4597,0.6352,0.0618,24.79,61.5,10.5,0.05,1
Jawa Tengah,61.49,164,374.95,0.8608,0.866,0.0338,35.45,72.32,53.56,0.27,0
Bali,24.08,175,137.61,0.7649,0.6943,0.0139,47.63,84.3,15.5,0.08,0
Bali,47.89,184,260.27,0.7937,0.7579,0.0104,50.84,82.79,44.21,0.22,0
Jawa Barat,10.67,159,67.13,0.863,0.6403,0.0982,40.04,80.87,9.06,0.05,0
Sumatera Selatan,49.24,181,272.06,0.9079,0.5476,0.0236,23.9,62.03,36.69,0.18,0
Jawa Tengah,31.08,142,218.84,0.4681,0.6277,0.0781,30.45,70.98,20.97,0.1,0
Jawa Tengah,35.79,154,232.41,0.5703,0.6318,0.0353,33.58,71.31,23.4,0.12,0
Banten,11.67,163,71.57,0.607,0.5514,0.0209,46.09,77.19,8.15,0.04,0
Jawa Timur,23.22,156,148.87,0.5787,0.7393,0.0384,35.39,75.01,14.58,0.07,1
Bali,16.79,169,99.37,0.5246,0.89,0.0526,48.28,83.72,10.43,0.05,1
Jawa Barat,13.12,154,85.19,0.6581,0.8188,0.0355,41.17,79.79,6.65,0.03,0
Bali,10.68,166,64.32,0.444,0.7613,0.028,48.38,84.88,9.35,0.05,0
DKI Jakarta,14.1,159,88.68,0.6145,0.6401,0.0088,60.83,92.68,10.22,0.05,0
Jawa Tengah,12.72,148,85.95,0.7536,0.7147,0.0275,33.26,71.32,10.22,0.05,0
Banten,36.25,165,219.69,0.882,0.439,0.0481,46.46,82.39,27.81,0.14,0
Sumatera Utara,19.26,176,109.42,0.6717,0.7589,0.0091,27.65,67.11,15.55,0.08,0
Bali,20.08,148,135.7,0.5697,0.4953,0.0313,49.05,85.49,14.21,0.07,1
Riau,44.79,163,274.81,0.6725,0.8045,0.0453,26.43,64.58,41.39,0.21,0
Sumatera Utara,23.69,156,151.83,0.7278,0.9378,0.0639,27.81,67.0,23.69,0.12,0
Jawa Barat,17.38,167,104.08,0.6592,0.7957,0.0178,41.92,77.95,15.24,0.08,0
DKI Jakarta,27.44,169,162.34,0.4992,0.8762,0.0808,61.83,95.96,23.29,0.12,0
Sumatera Selatan,15.74,156,100.93,0.5318,0.7759,0.0492,24.93,61.34,11.73,0.06,0
Sumatera Utara,11.59,172,67.37,0.4729,0.7844,0.0166,28.29,68.99,9.69,0.05,0
Banten,28.15,159,177.06,0.237,0.6893,0.043,41.99,81.26,15.08,0.08,1
Sumatera Utara,34.51,169,204.23,0.662,0.5127,0.0255,25.7,67.54,25.62,0.13,0
Bali,22.1,166,133.16,0.5847,0.6916,0.0087,45.49,85.7,15.15,0.08,0
Banten,19.37,141,137.35,0.5773,0.8773,0.0368,43.48,80.81,12.2,0.06,0
Sumatera Utara,19.56,164,119.25,0.5326,0.7764,0.0373,29.65,67.23,14.25,0.07,0
Sumatera Utara,49.2,148,332.44,0.5578,0.5881,0.0456,27.3,67.06,36.93,0.18,0
Bali,30.51,179,170.46,0.5609,0.8392,0.021,48.33,84.32,22.98,0.11,0
Jawa Tengah,22.15,161,137.56,0.4726,0.7674,0.0224,32.22,72.23,10.78,0.05,1
DKI Jakarta,37.31,154,242.28,0.6006,0.8421,0.0588,61.15,93.76,33.12,0.17,0
Sulawesi Selatan,46.03,181,254.33,0.1937,0.5213,0.0552,31.2,68.48,20.78,0.1,1
Banten,28.09,153,183.59,0.437,0.9115,0.0151,42.9,78.87,15.63,0.08,0
Sumatera Utara,36.07,149,242.06,0.7266,0.5298,0.0066,26.37,67.11,28.63,0.14,0
Banten,32.9,169,194.65,0.5359,0.795,0.0176,42.76,79.8,25.36,0.13,0
Jawa Tengah,23.43,156,150.17,0.5754,0.893,0.0624,33.31,72.37,13.62,0.07,0
Jawa Barat,38.05,155,245.5,0.6149,0.7215,0.001,40.64,80.17,33.83,0.17,0
Riau,13.97,148,94.36,0.469,0.6633,0.0283,26.53,65.95,7.09,0.04,1
Sumatera Utara,15.52,166,93.52,0.5855,0.8174,0.0585,27.3,69.05,11.34,0.06,0
Riau,32.44,172,188.63,0.7281,0.6569,0.0439,25.22,64.99,27.31,0.14,0
Sumatera Selatan,18.0,170,105.87,0.793,0.9322,0.037,23.24,62.69,11.69,0.06,0
Jawa Tengah,37.85,169,223.94,0.3599,0.7033,0.0584,33.06,71.34,24.69,0.12,1
Banten,23.6,142,166.23,0.7897,0.6747,0.0355,45.17,80.02,22.73,0.11,0
Riau,74.01,166,445.83,0.4846,0.5998,0.0291,27.33,65.57,52.25,0.26,0
Bali,14.29,155,92.17,0.7036,0.617,0.055,50.81,84.62,9.86,0.05,1
DKI Jakarta,36.34,153,237.54,0.3625,0.7648,0.0783,60.43,93.96,20.91,0.1,1
Jawa Tengah,19.14,166,115.27,0.6631,0.7876,0.001,31.64,72.05,11.45,0.06,0
Jawa Barat,28.54,168,169.86,0.7181,0.8016,0.0243,40.12,80.59,20.83,0.1,0
Jawa Tengah,39.0,183,213.1,0.7011,0.4796,0.0339,33.19,72.43,33.03,0.17,0
Sulawesi Selatan,28.47,159,179.09,0.6438,0.8386,0.0287,26.28,68.5,20.36,0.1,0
Jawa Barat,31.3,165,189.71,0.462,0.7748,0.0412,40.47,79.16,20.4,0.1,0
Sumatera Selatan,25.04,138,181.46,0.8338,0.7584,0.0396,25.33,62.89,18.43,0.09,0
Sumatera Selatan,21.1,162,130.27,0.6491,0.5935,0.0156,25.91,63.74,14.93,0.07,0
Sumatera Selatan,39.04,171,228.29,0.7003,0.6129,0.0514,25.34,63.12,28.72,0.14,0
Jawa Barat,38.52,164,234.87,0.6153,0.8024,0.0376,41.98,77.1,32.05,0.16,1
DKI Jakarta,19.43,156,124.56,0.4942,0.6298,0.065,61.41,93.5,12.28,0.06,1
Jawa Barat,17.78,176,101.02,0.4871,0.8996,0.0614,41.53,80.99,10.95,0.05,0
Bali,24.42,145,168.4,0.6149,0.8488,0.0357,50.41,85.9,22.03,0.11,0
DKI Jakarta,26.73,164,162.99,0.5195,0.841,0.0506,63.39,93.84,14.65,0.07,0
Sumatera Selatan,11.86,166,71.47,0.473,0.7136,0.001,25.63,63.91,9.5,0.05,0
Jawa Timur,27.81,169,164.55,0.5121,0.7948,0.001,38.23,75.66,17.48,0.09,1
Sulawesi Selatan,17.62,176,100.14,0.4623,0.6878,0.0618,27.41,69.89,11.49,0.06,0
Banten,10.54,166,63.5,0.6583,0.8756,0.0372,45.05,79.64,7.97,0.04,0
Banten,27.91,156,178.91,0.3962,0.5758,0.0654,43.53,80.07,16.48,0.08,1
Banten,13.67,163,83.86,0.7358,0.6779,0.0619,44.99,78.84,10.49,0.05,0
Bali,47.31,164,288.49,0.7158,0.6744,0.0093,50.54,84.34,28.37,0.14,0
Sumatera Selatan,34.05,155,219.67,0.2611,0.7178,0.0531,26.63,59.81,22.89,0.11,1
Sulawesi Selatan,27.88,168,165.93,0.3961,0.7839,0.0243,28.79,68.11,18.63,0.09,1
Banten,45.77,150,305.1,0.4654,0.7561,0.0339,44.69,81.0,29.08,0.15,1
Bali,36.51,151,241.78,0.489,0.8032,0.0145,50.78,86.53,26.91,0.13,0
DKI Jakarta,15.19,158,96.11,0.4817,0.5956,0.0599,61.1,94.78,9.99,0.05,1
Riau,37.23,150,248.17,0.4603,0.5547,0.0498,28.27,64.96,21.77,0.11,0
Riau,15.84,150,105.61,0.7703,0.866,0.028,26.3,64.41,14.7,0.07,1
DKI Jakarta,39.41,167,235.98,0.7883,0.7923,0.0244,62.61,93.63,31.75,0.16,0
Jawa Barat,20.43,171,119.46,0.7279,0.8646,0.0555,40.82,76.68,17.26,0.09,0
Sulawesi Selatan,15.01,183,82.02,0.5211,0.7463,0.0242,26.14,67.5,10.38,0.05,0
DKI Jakarta,28.02,154,181.96,0.8666,0.7235,0.0278,64.61,92.73,17.61,0.09,0
Sumatera Utara,18.33,158,116.01,0.7565,0.9023,0.0253,29.01,67.48,13.93,0.07,1
Sumatera Selatan,39.12,152,257.34,0.4491,0.5825,0.0251,23.75,62.85,26.86,0.13,1
Sulawesi Selatan,41.05,141,291.11,0.6936,0.69,0.0536,28.43,68.2,25.44,0.13,0
Jawa Tengah,10.55,155,68.1,0.5825,0.8617,0.0445,32.7,70.12,8.91,0.04,0
Riau,23.0,157,146.48,0.365,0.6718,0.0287,23.54,64.99,14.82,0.07,0
Sumatera Selatan,32.93,161,204.51,0.8624,0.7973,0.0189,24.03,63.92,27.78,0.14,0
Sulawesi Selatan,27.14,174,155.99,0.5607,0.536,0.0396,25.79,69.48,19.58,0.1,1
Riau,22.23,141,157.63,0.3094,0.8091,0.0346,26.46,65.31,12.59,0.06,0
Jawa Tengah,26.36,157,167.88,0.7621,0.7195,0.0556,35.58,74.74,17.85,0.09,0
Bali,11.65,163,71.48,0.6292,0.7063,0.0255,47.74,85.34,9.08,0.05,0
Sulawesi Selatan,55.39,162,341.92,0.3628,0.7237,0.0486,29.09,67.87,32.11,0.16,0
Jawa Timur,30.23,147,205.67,0.693,0.854,0.0349,35.84,76.89,27.63,0.14,0
Banten,18.02,168,107.26,0.4952,0.6605,0.0458,44.07,79.19,11.25,0.06,0
Riau,14.76,144,102.53,0.5823,0.6541,0.0725,24.78,64.14,10.5,0.05,1
Bali,33.95,148,229.36,0.5075,0.8597,0.0347,49.63,85.61,28.3,0.14,0
Sumatera Utara,23.41,140,167.22,0.6683,0.5505,0.0835,30.42,68.84,17.1,0.09,0
Sumatera Selatan,29.24,166,176.17,0.5186,0.6681,0.0357,24.59,64.35,22.88,0.11,0
Sumatera Selatan,29.75,153,194.45,0.7801,0.6275,0.0192,25.1,64.33,22.7,0.11,0
Jawa Tengah,25.14,153,164.3,0.4902,0.6858,0.0713,34.0,74.51,22.03,0.11,1
Jawa Timur,9.07,141,64.33,0.4787,0.7424,0.0763,36.43,73.66,7.6,0.04,0
Bali,16.81,140,120.04,0.4683,0.6528,0.0213,50.66,84.07,10.73,0.05,0
Sumatera Utara,32.36,166,194.92,0.4153,0.7776,0.0242,27.62,67.85,19.22,0.1,1
Jawa Tengah,31.6,155,203.89,0.3004,0.689,0.0564,30.84,73.5,16.36,0.08,1
Sumatera Utara,17.46,150,116.43,0.496,0.796,0.0514,27.02,68.65,12.18,0.06,0
Jawa Tengah,22.45,156,143.94,0.5183,0.5284,0.0238,34.12,73.5,14.92,0.07,1
DKI Jakarta,43.88,163,269.2,0.4543,0.4867,0.0221,61.82,94.54,21.7,0.11,1
Banten,46.12,150,307.44,0.8004,0.6011,0.0457,44.24,79.78,33.18,0.17,0
DKI Jakarta,26.5,153,173.19,0.514,0.8079,0.0373,62.04,95.02,15.85,0.08,0
Sulawesi Selatan,36.21,156,232.11,0.6187,0.6937,0.0515,28.17,68.11,23.06,0.12,1
Sulawesi Selatan,28.94,165,175.4,0.5189,0.7035,0.0515,29.54,68.27,17.67,0.09,1
Jawa Tengah,34.32,163,210.58,0.586,0.7606,0.0583,35.49,72.88,24.75,0.12,1
Riau,22.89,157,145.8,0.9643,0.7389,0.001,24.65,65.92,18.63,0.09,0
Jawa Timur,17.33,158,109.67,0.7986,0.7486,0.0773,38.2,76.58,15.91,0.08,0
Riau,61.42,156,393.73,0.6457,0.588,0.0504,26.4,65.46,34.06,0.17,0
Sumatera Utara,61.24,160,382.74,0.4115,0.4091,0.0313,26.57,68.4,45.74,0.23,1
Sumatera Selatan,25.11,169,148.56,0.8777,0.8923,0.0379,25.04,61.9,21.07,0.11,0
Sumatera Selatan,31.89,178,179.13,0.7986,0.5683,0.053,27.07,64.28,24.86,0.12,1
DKI Jakarta,28.74,180,159.69,0.6956,0.8502,0.0447,61.29,96.25,19.74,0.1,0
Bali,22.87,152,150.46,0.6701,0.8911,0.045,48.36,82.34,17.91,0.09,0
Jawa Tengah,26.29,171,153.75,0.3749,0.507,0.0382,30.79,72.87,17.05,0.09,1
Riau,44.67,165,270.75,0.726,0.667,0.0734,25.92,65.22,32.44,0.16,0
Riau,13.8,155,89.02,0.5146,0.7991,0.0468,26.34,65.18,10.2,0.05,0
Riau,15.84,145,109.27,0.6414,0.7975,0.0628,29.06,66.15,8.32,0.04,0
Sumatera Selatan,40.2,169,237.85,0.5136,0.8255,0.0837,22.9,63.06,31.27,0.16,0
Jawa Barat,28.32,176,160.93,0.4945,0.7198,0.0593,42.95,79.07,19.23,0.1,0
Riau,46.31,160,289.45,0.7253,0.9295,0.046,26.55,64.97,37.01,0.19,0
Jawa Timur,24.93,161,154.86,0.3602,0.5959,0.0032,40.15,77.21,18.8,0.09,0
Banten,25.07,140,179.09,0.6391,0.6724,0.0318,44.36,79.52,16.0,0.08,0
Jawa Barat,17.28,128,135.03,0.5237,0.5196,0.0824,41.42,77.69,12.33,0.06,1
Sumatera Utara,45.49,149,305.28,0.8701,0.7385,0.0466,29.67,68.62,31.92,0.16,0
Jawa Timur,37.36,159,234.95,0.4807,0.7401,0.0133,37.53,74.4,31.43,0.16,0
Riau,13.68,155,88.29,0.4804,0.8918,0.0357,27.5,65.68,11.83,0.06,0
Banten,35.21,171,205.93,0.742,0.6507,0.0164,44.94,81.78,33.76,0.17,0
Banten,43.93,171,256.91,0.5531,0.587,0.0308,41.89,79.75,27.58,0.14,0
Sumatera Utara,23.82,162,147.06,0.3081,0.7335,0.0319,29.18,66.57,10.0,0.05,1
Sumatera Utara,34.93,163,214.29,0.4155,0.8331,0.0283,29.15,67.7,23.42,0.12,0
Riau,46.06,155,297.16,0.6533,0.7964,0.0415,24.99,66.37,35.44,0.18,0
DKI Jakarta,19.95,140,142.53,0.5135,0.7044,0.001,62.83,94.33,14.68,0.07,1
Bali,29.23,164,178.26,0.6134,0.9151,0.0532,45.95,85.34,21.46,0.11,0
Jawa Barat,18.63,157,118.66,0.4855,0.838,0.0687,41.88,77.84,11.45,0.06,0
Jawa Tengah,32.74,166,197.21,0.6479,0.7905,0.0032,34.23,71.61,24.36,0.12,0
Sumatera Selatan,15.26,159,95.96,0.5378,0.7024,0.0613,25.74,63.86,13.62,0.07,0
DKI Jakarta,31.94,151,211.54,0.7043,0.8115,0.0531,63.45,96.13,27.98,0.14,0
Jawa Timur,57.74,170,339.66,0.4401,0.7418,0.0473,35.47,74.94,45.9,0.23,0
Riau,16.29,165,98.75,0.6089,0.8198,0.041,23.9,65.44,9.63,0.05,0
Sumatera Selatan,53.61,176,304.59,0.5951,0.6448,0.0445,25.71,64.42,29.0,0.15,1
Bali,24.77,166,149.21,0.5086,0.7486,0.0573,49.31,84.66,17.43,0.09,1
Riau,18.7,168,111.29,0.8573,0.5578,0.0444,26.84,66.17,16.34,0.08,0
Jawa Tengah,24.24,177,136.96,0.8447,0.634,0.0938,35.72,71.21,16.67,0.08,0
Jawa Timur,24.42,158,154.55,0.6055,0.7654,0.0273,34.39,75.4,20.88,0.1,0
DKI Jakarta,21.07,168,125.4,0.5035,0.8256,0.0729,65.1,93.45,17.32,0.09,0
Sumatera Selatan,40.46,146,277.14,0.5089,0.7628,0.0374,23.46,61.08,29.11,0.15,1
DKI Jakarta,22.47,169,132.99,0.7437,0.6722,0.0321,63.64,93.14,22.47,0.11,1
Jawa Barat,31.15,174,179.02,0.6597,0.7829,0.0602,41.48,79.14,23.69,0.12,0
Sulawesi Selatan,70.42,147,479.02,0.7956,0.4738,0.0339,27.38,68.46,41.01,0.21,1
Jawa Barat,20.56,147,139.87,0.6401,0.8463,0.0748,39.24,79.52,12.25,0.06,0
Jawa Tengah,16.93,141,120.09,0.7958,0.7494,0.0251,32.19,72.71,13.32,0.07,0
Banten,19.84,157,126.36,0.2309,0.7417,0.0654,44.8,79.53,13.79,0.07,1
Jawa Barat,45.4,166,273.46,0.523,0.8377,0.052,42.03,76.4,35.57,0.18,0
Riau,23.22,160,145.11,0.6219,0.8313,0.0367,27.53,64.03,18.78,0.09,0
Jawa Timur,30.03,173,173.6,0.7358,0.6549,0.0204,35.76,76.73,19.34,0.1,0
Jawa Tengah,16.79,155,108.32,0.4674,0.7968,0.0203,34.32,71.09,10.72,0.05,1
Sumatera Utara,22.01,168,131.0,0.3404,0.7003,0.023,28.5,68.11,18.4,0.09,0
Jawa Timur,38.1,152,250.68,0.7684,0.6833,0.0622,37.75,75.48,27.11,0.14,0
Jawa Tengah,13.2,170,77.67,0.7625,0.7846,0.0409,33.97,70.44,13.09,0.07,0
Bali,10.96,160,68.49,0.4365,0.9331,0.0558,47.99,84.9,5.76,0.03,1
Sumatera Utara,19.3,163,118.42,0.5429,0.7072,0.0431,28.78,70.03,10.79,0.05,0
Bali,20.73,167,124.12,0.4762,0.8459,0.018,49.39,84.48,17.91,0.09,0
Jawa Timur,21.67,164,132.11,0.6299,0.776,0.0471,37.98,75.08,17.64,0.09,0
Sulawesi Selatan,24.76,185,133.86,0.7291,0.742,0.0523,30.16,66.41,21.31,0.11,0
Bali,23.65,156,151.61,0.7191,0.6508,0.005,47.75,84.17,18.53,0.09,0
DKI Jakarta,20.93,170,123.09,0.4028,0.7865,0.0281,60.65,94.85,14.34,0.07,0
Jawa Barat,54.71,177,309.1,0.3762,0.8511,0.0237,43.43,78.59,42.76,0.21,0
Sumatera Selatan,37.85,164,230.82,0.5716,0.9697,0.0149,22.37,62.57,26.15,0.13,0
Jawa Tengah,23.13,163,141.89,0.6508,0.6662,0.0429,34.75,73.31,20.86,0.1,0
Sumatera Selatan,42.07,174,241.79,0.5589,0.7419,0.0455,22.94,62.79,29.45,0.15,0
Banten,8.77,170,51.57,0.7085,0.8816,0.0663,43.16,79.29,6.99,0.03,0
Jawa Tengah,27.33,153,178.65,0.6246,0.6943,0.0561,33.08,72.27,20.01,0.1,1
Jawa Tengah,41.84,178,235.07,0.6968,0.6555,0.0339,31.02,73.67,30.03,0.15,0
Jawa Tengah,17.74,155,114.42,0.1405,0.7508,0.0339,31.74,71.91,6.87,0.03,1
Riau,31.22,158,197.63,0.5666,0.6979,0.0755,23.59,64.34,15.12,0.08,1
DKI Jakarta,17.96,162,110.84,0.288,0.7479,0.0501,63.4,94.85,10.5,0.05,1
Jawa Barat,29.26,164,178.44,0.5013,0.8525,0.063,41.48,78.2,24.85,0.12,0
Bali,12.34,150,82.28,0.6832,0.6745,0.0118,48.72,85.17,11.23,0.06,0
Jawa Timur,43.07,179,240.64,0.9113,0.7784,0.0083,36.71,72.94,32.97,0.16,0
Riau,21.7,144,150.7,0.5813,0.5821,0.0317,26.07,65.44,14.17,0.07,0
Jawa Tengah,28.77,170,169.21,0.4477,0.6047,0.0595,32.48,71.8,19.8,0.1,1
DKI Jakarta,22.35,154,145.16,0.4858,0.7735,0.0718,63.83,93.05,18.44,0.09,0
Banten,45.13,170,265.49,0.608,0.8718,0.0247,41.46,78.34,25.26,0.13,1
Jawa Tengah,27.18,159,170.94,0.3998,0.699,0.0506,31.04,71.76,22.49,0.11,0
Sumatera Selatan,44.01,179,245.89,0.455,0.4659,0.0483,26.34,61.82,34.63,0.17,0
Bali,19.76,171,115.54,0.7417,0.7869,0.0167,49.1,80.94,16.92,0.08,0
Bali,35.2,175,201.12,0.5785,0.9833,0.023,45.66,83.09,24.22,0.12,0
Riau,55.23,159,347.39,0.5359,0.7585,0.0378,26.58,63.94,40.12,0.2,0
DKI Jakarta,57.64,162,355.83,0.3145,0.602,0.0145,60.02,94.24,33.66,0.17,1
Bali,8.63,166,52.0,0.5676,0.5683,0.0907,50.65,83.07,6.4,0.03,0
Bali,24.16,148,163.24,0.7799,0.5839,0.0188,50.08,84.5,17.86,0.09,1
Jawa Barat,11.73,153,76.69,0.7057,0.7102,0.0309,44.65,77.46,7.4,0.04,0
Banten,18.52,149,124.3,0.6777,0.728,0.0473,43.65,80.74,15.29,0.08,0
Sulawesi Selatan,17.86,155,115.2,0.6708,0.7417,0.0448,26.07,68.25,14.54,0.07,0
Bali,29.93,146,204.97,0.5332,0.7783,0.0523,47.89,84.14,21.02,0.11,0
Jawa Tengah,20.9,149,140.27,0.5429,0.9031,0.0197,32.42,72.27,11.86,0.06,0
Riau,18.12,172,105.33,0.5915,0.7658,0.0129,26.68,66.09,11.17,0.06,0
Jawa Timur,31.35,159,197.16,0.3918,0.4406,0.042,34.05,75.47,16.44,0.08,1
Bali,15.58,169,92.17,0.553,0.5568,0.0219,48.69,84.67,7.36,0.04,0
Sulawesi Selatan,17.95,173,103.73,0.8313,0.6845,0.0254,26.38,65.27,15.08,0.08,0
Sumatera Selatan,19.67,158,124.51,0.6675,0.6813,0.024,23.53,62.48,18.2,0.09,0
Jawa Timur,21.88,161,135.92,0.697,0.6437,0.0239,38.87,74.47,19.15,0.1,0
Jawa Timur,25.61,156,164.14,0.5615,0.7953,0.011,38.3,76.66,18.22,0.09,0
Sumatera Utara,24.28,147,165.15,0.6127,0.8426,0.0186,29.49,67.73,22.19,0.11,0
Sulawesi Selatan,17.78,160,111.13,0.6073,0.8339,0.0327,28.85,66.99,8.96,0.04,0
Jawa Timur,27.92,165,169.21,0.6061,0.7932,0.0627,36.4,76.1,18.89,0.09,0
Sumatera Utara,24.5,157,156.08,0.5769,0.8892,0.0806,28.33,66.38,18.42,0.09,0
Sumatera Selatan,21.64,144,150.25,0.6048,0.8581,0.0585,21.94,63.0,16.72,0.08,1
Jawa Timur,11.78,158,74.56,0.8389,0.889,0.0448,34.95,73.03,11.37,0.06,0
Jawa Timur,33.27,177,187.98,0.5354,0.782,0.0604,36.99,74.54,20.9,0.1,1
Jawa Timur,29.33,146,200.91,0.7615,0.7428,0.0369,35.12,74.84,18.98,0.09,0
Banten,33.91,155,218.79,0.7419,0.8411,0.0451,45.13,81.55,23.62,0.12,0
DKI Jakarta,26.19,164,159.67,0.3676,0.6807,0.0544,62.33,94.02,12.4,0.06,1
DKI Jakarta,38.99,151,258.2,0.546,0.8451,0.0508,61.95,93.13,38.99,0.19,0
Riau,32.34,171,189.13,0.7253,0.5868,0.0591,25.19,65.24,25.61,0.13,0
Sulawesi Selatan,21.01,174,120.73,0.4289,0.8035,0.0536,28.58,69.53,15.78,0.08,0
Bali,24.91,174,143.15,0.754,0.7136,0.0253,49.72,82.03,21.58,0.11,0
Sulawesi Selatan,17.35,155,111.96,0.6216,0.825,0.0529,26.58,68.73,12.1,0.06,0
Bali,14.92,161,92.7,0.65,0.676,0.025,47.91,84.96,12.39,0.06,1
Bali,32.34,153,211.35,0.4312,0.7711,0.0546,48.42,84.36,23.89,0.12,0
DKI Jakarta,20.28,156,130.02,0.7913,0.7205,0.0318,62.88,93.83,18.2,0.09,0
Bali,30.7,146,210.26,0.4445,0.6832,0.0142,49.16,86.22,21.76,0.11,0
Banten,70.71,177,399.51,0.5442,0.6371,0.012,43.95,80.66,70.71,0.35,1
Riau,43.68,172,253.96,0.66,0.5093,0.0832,27.16,64.15,33.94,0.17,0
Bali,15.26,163,93.64,0.8448,0.7498,0.019,48.5,84.53,11.02,0.06,0
DKI Jakarta,19.97,178,112.17,0.8919,0.8141,0.0589,60.31,95.69,18.6,0.09,0
Jawa Tengah,34.13,173,197.31,0.8204,0.805,0.0535,35.21,72.75,23.8,0.12,0
DKI Jakarta,28.97,159,182.2,0.4538,0.8443,0.0584,63.87,94.51,22.79,0.11,0
Banten,44.09,149,295.91,0.7466,0.7651,0.0198,42.03,78.24,36.73,0.18,0
Sumatera Selatan,16.51,134,123.2,0.5296,0.7911,0.0316,24.57,65.88,5.98,0.03,1
Banten,13.99,170,82.3,0.6315,0.6853,0.0205,46.05,80.67,11.39,0.06,0
Sumatera Utara,15.21,160,95.07,0.8126,0.6795,0.0597,27.94,70.34,10.04,0.05,1
Jawa Tengah,43.38,158,274.57,0.2557,0.7603,0.0696,34.36,72.46,37.64,0.19,0
Jawa Tengah,24.74,155,159.63,0.5722,0.9272,0.039,34.87,72.08,19.12,0.1,0
Sumatera Utara,40.13,177,226.7,0.5983,0.8358,0.0828,28.8,67.43,30.35,0.15,0
DKI Jakarta,21.11,169,124.91,0.5057,0.7184,0.0452,65.61,95.37,16.49,0.08,0
Banten,16.1,155,103.89,0.5055,0.7893,0.0358,45.07,81.6,11.84,0.06,0
Sulawesi Selatan,35.32,171,206.54,0.6845,0.6117,0.0419,28.05,69.05,25.68,0.13,1
Sumatera Utara,12.5,156,80.15,0.397,0.7661,0.0496,28.15,70.91,8.6,0.04,0
DKI Jakarta,30.82,163,189.09,0.8747,0.8739,0.0104,62.33,94.36,22.64,0.11,0
Banten,57.58,165,348.95,0.7328,0.8237,0.0452,43.25,79.05,56.8,0.28,0
Jawa Timur,9.27,164,56.53,0.6067,0.6967,0.0367,35.13,75.71,5.64,0.03,0
Riau,15.43,163,94.65,0.6899,0.4034,0.0347,24.75,66.36,11.89,0.06,1
Riau,24.91,171,145.67,0.6703,0.7492,0.0373,25.89,65.08,17.8,0.09,1
Sulawesi Selatan,21.25,181,117.42,0.4735,0.5814,0.0595,29.1,67.75,13.11,0.07,0
Riau,21.17,153,138.34,0.7399,0.6975,0.04,26.59,65.66,15.32,0.08,0
Jawa Tengah,80.15,165,485.76,0.5765,0.6088,0.0172,33.45,72.69,61.08,0.31,0
Jawa Barat,17.97,167,107.61,0.6719,0.771,0.0414,44.68,78.76,14.18,0.07,0
Jawa Barat,21.21,160,132.59,0.6818,0.6028,0.035,44.02,78.85,14.6,0.07,1
Riau,15.36,166,92.53,0.6948,0.8035,0.04,24.73,66.16,13.77,0.07,1
Sumatera Utara,12.17,157,77.54,0.4911,0.7507,0.0383,29.46,69.12,8.43,0.04,0
Jawa Timur,27.01,147,183.73,0.3325,0.3795,0.0469,35.02,74.81,18.78,0.09,1
Sumatera Selatan,11.09,156,71.09,0.7849,0.7263,0.012,24.7,60.9,11.09,0.06,0
Jawa Barat,12.28,152,80.77,0.8007,0.7785,0.0127,39.44,77.35,7.63,0.04,0
Sumatera Selatan,23.53,157,149.88,0.4763,0.7503,0.038,23.39,63.65,15.06,0.08,0
Riau,26.52,134,197.88,0.7755,0.6792,0.0346,27.04,64.52,18.86,0.09,0
Jawa Barat,15.85,163,97.22,0.7521,0.9475,0.0207,40.82,78.92,10.89,0.05,0
Sulawesi Selatan,16.37,159,102.98,0.7426,0.5857,0.001,26.28,67.73,11.6,0.06,1
Bali,10.09,143,70.59,0.615,0.8784,0.0448,47.67,84.58,6.19,0.03,0
Sumatera Selatan,29.45,155,189.97,0.3501,0.9059,0.0308,22.88,63.69,18.2,0.09,1
Riau,24.01,161,149.11,0.6787,0.7773,0.0465,26.72,66.83,18.96,0.09,0
Jawa Barat,23.85,162,147.25,0.6032,0.8541,0.0452,43.3,78.58,20.31,0.1,0
Sulawesi Selatan,13.17,164,80.32,0.5568,0.8,0.0541,27.6,66.55,11.11,0.06,0
Jawa Barat,36.98,166,222.76,0.4541,0.5757,0.0185,43.04,78.97,26.09,0.13,0
Bali,16.21,141,115.0,0.6157,0.6847,0.0403,47.84,85.36,14.46,0.07,0
Banten,40.17,173,232.2,0.6372,0.6065,0.0816,43.95,77.1,26.98,0.13,1
Riau,16.05,150,106.98,0.7024,0.8126,0.0448,28.78,64.53,11.37,0.06,1
DKI Jakarta,24.54,142,172.78,0.5842,0.7989,0.0697,62.13,94.24,13.71,0.07,0
Jawa Timur,15.44,151,102.26,0.5954,0.5745,0.0539,38.4,74.82,12.48,0.06,0
DKI Jakarta,41.04,170,241.4,0.6466,0.7059,0.0221,61.32,94.36,32.26,0.16,0
Sumatera Selatan,13.74,164,83.81,0.3814,0.6517,0.088,24.27,62.35,9.13,0.05,0
Jawa Tengah,27.64,162,170.59,0.5029,0.6972,0.0677,31.91,73.22,18.5,0.09,0
Jawa Timur,13.43,161,83.41,0.4972,0.8465,0.0142,36.9,75.46,7.88,0.04,0
Jawa Barat,19.88,167,119.02,0.3148,0.5553,0.0368,41.86,76.44,13.16,0.07,1
Jawa Barat,30.5,150,203.32,0.5664,0.6759,0.0756,42.63,79.48,16.04,0.08,1
Sumatera Utara,14.41,167,86.27,0.7849,0.8625,0.0528,27.53,69.15,10.22,0.05,0
Jawa Timur,25.11,135,185.98,0.6075,0.5293,0.0031,36.55,75.36,16.4,0.08,1
DKI Jakarta,29.19,135,216.19,0.8304,0.6205,0.026,64.18,91.99,20.82,0.1,0
Bali,10.34,168,61.57,0.6075,0.6654,0.0242,46.89,85.58,9.07,0.05,0
Jawa Tengah,27.62,148,186.64,0.6098,0.765,0.0696,29.49,70.87,14.56,0.07,0
DKI Jakarta,39.83,151,263.75,0.5661,0.7346,0.0503,61.42,93.77,26.91,0.13,0
DKI Jakarta,16.41,160,102.56,0.6271,0.5225,0.0338,63.32,93.51,9.07,0.05,0
Banten,15.41,158,97.55,0.8977,0.8819,0.0244,44.22,78.07,9.79,0.05,0
Sumatera Utara,10.69,151,70.81,0.7291,0.7001,0.0534,26.97,68.21,7.94,0.04,0
Jawa Barat,13.89,149,93.24,0.6461,0.4894,0.0375,41.61,78.84,8.11,0.04,1
Jawa Timur,36.34,146,248.93,0.6741,0.7713,0.0436,36.25,75.54,32.73,0.16,0
Jawa Timur,20.21,169,119.59,0.4095,0.7067,0.0521,34.45,75.15,14.24,0.07,1
DKI Jakarta,33.83,179,189.01,0.485,0.5006,0.0435,61.89,93.31,26.87,0.13,1
Riau,16.28,150,108.54,0.5295,0.8169,0.0129,27.22,67.16,11.83,0.06,0
Jawa Timur,21.62,156,138.61,0.6794,0.8573,0.0571,36.38,75.62,17.2,0.09,0
Sumatera Selatan,43.93,156,281.61,0.5113,0.7883,0.0607,22.03,61.98,33.56,0.17,0
DKI Jakarta,44.64,150,297.61,0.6404,0.4758,0.0821,64.99,94.73,33.49,0.17,0
DKI Jakarta,26.1,165,158.19,0.5015,0.4629,0.0275,60.91,94.64,19.04,0.1,1
Bali,20.77,157,132.27,0.4455,0.7901,0.0657,49.26,85.24,11.33,0.06,1
Jawa Timur,16.7,166,100.62,0.5004,0.5747,0.0656,38.05,75.36,13.37,0.07,0
Jawa Timur,31.91,144,221.62,0.3625,0.5588,0.0613,37.43,74.65,19.59,0.1,1
Banten,20.3,147,138.09,0.6749,0.7371,0.0432,43.75,78.16,17.4,0.09,0
Riau,45.42,157,289.32,0.583,0.5724,0.0217,23.38,64.76,36.2,0.18,1
Sumatera Selatan,12.19,176,69.28,0.4544,0.7818,0.0342,26.06,61.11,9.49,0.05,0
Sumatera Selatan,17.34,146,118.77,0.5237,0.7316,0.0176,22.55,63.46,11.79,0.06,0
Bali,19.48,143,136.24,0.6595,0.7456,0.0098,50.16,82.57,10.51,0.05,0
Sumatera Utara,31.76,167,190.2,0.5771,0.8615,0.0551,30.07,67.77,21.15,0.11,0
Jawa Tengah,11.25,139,80.94,0.616,0.506,0.0232,31.37,72.97,7.26,0.04,1
Sumatera Utara,21.51,157,136.99,0.33,0.7816,0.001,26.55,67.91,11.1,0.06,0
Jawa Tengah,35.96,148,242.99,0.6523,0.8658,0.0425,32.61,72.03,32.27,0.16,0
Banten,23.7,138,171.77,0.6345,0.7126,0.0563,45.48,80.33,12.98,0.06,0
DKI Jakarta,28.28,163,173.52,0.6578,0.6472,0.0526,61.5,94.82,15.59,0.08,1
Banten,16.33,164,99.6,0.5653,0.6908,0.0203,44.24,81.05,10.81,0.05,0
Sumatera Utara,19.22,146,131.65,0.4523,0.6183,0.028,27.65,68.88,11.9,0.06,1
Jawa Timur,14.69,162,90.71,0.7629,0.7351,0.0483,37.98,75.83,10.49,0.05,0
Jawa Barat,40.44,163,248.12,0.872,0.8256,0.0581,40.55,76.25,30.34,0.15,0
DKI Jakarta,28.33,156,181.62,0.5088,0.499,0.0488,61.32,94.49,20.24,0.1,0
Jawa Barat,28.43,182,156.21,0.6784,0.7776,0.0575,39.95,80.59,26.56,0.13,0
Jawa Timur,27.39,171,160.2,0.6588,0.6003,0.0367,35.21,76.18,26.74,0.13,0
Sulawesi Selatan,42.34,153,276.76,0.6049,0.3769,0.048,29.5,68.96,27.22,0.14,1
Banten,62.32,144,432.76,0.623,0.8438,0.0444,43.56,78.99,44.88,0.22,0
Sulawesi Selatan,26.25,172,152.64,0.385,0.7497,0.018,26.47,67.72,16.94,0.08,1
Jawa Barat,24.58,161,152.7,0.8405,0.8344,0.0047,38.99,79.28,18.2,0.09,0
Sulawesi Selatan,25.27,141,179.22,0.6277,0.6859,0.0228,27.49,68.33,22.43,0.11,0
Sulawesi Selatan,46.7,148,315.56,0.5893,0.6192,0.0253,26.67,68.75,37.06,0.19,0
DKI Jakarta,35.62,163,218.55,0.7883,0.7545,0.0666,60.88,92.84,28.45,0.14,0
DKI Jakarta,30.86,172,179.41,0.5361,0.5918,0.0376,61.24,93.25,28.38,0.14,0
Riau,33.82,155,218.21,0.6226,0.8825,0.0232,26.28,63.85,26.65,0.13,0
Jawa Tengah,28.25,156,181.09,0.5459,0.7862,0.0361,31.46,72.41,24.09,0.12,0
Riau,11.56,149,77.6,0.5799,0.7554,0.0441,25.64,65.18,10.53,0.05,0
Riau,46.84,183,255.97,0.6297,0.7662,0.0312,27.43,65.17,39.06,0.2,0
DKI Jakarta,14.76,147,100.39,0.6721,0.9103,0.0283,61.57,93.38,9.39,0.05,0
Bali,23.87,170,140.43,0.6387,0.844,0.032,47.1,83.49,21.2,0.11,0
Bali,17.23,170,101.38,0.7501,0.77,0.0442,50.28,84.5,12.96,0.06,0
Banten,19.32,150,128.82,0.6572,0.8744,0.0364,43.97,81.13,12.6,0.06,0
Sulawesi Selatan,26.45,160,165.31,0.6408,0.7466,0.0305,27.64,69.68,20.37,0.1,0
Sumatera Utara,51.53,172,299.59,0.6951,0.9132,0.0246,29.18,70.09,38.91,0.19,0
Sumatera Selatan,18.03,151,119.37,0.6632,0.859,0.0466,24.17,62.54,13.57,0.07,0
Jawa Tengah,49.83,157,317.37,0.6924,0.8539,0.0321,33.3,70.68,45.63,0.23,0
Riau,11.58,162,71.49,0.414,0.8207,0.0513,23.74,66.46,7.29,0.04,1
Sulawesi Selatan,11.96,144,83.06,0.7816,0.7239,0.0714,26.64,69.33,9.14,0.05,0
Sumatera Selatan,15.3,156,98.09,0.5899,0.6804,0.0176,27.09,63.6,2.85,0.01,1
Riau,29.77,137,217.29,0.4913,0.6646,0.0351,24.54,65.37,15.49,0.08,1
Banten,16.92,179,94.52,0.4921,0.6928,0.008,44.2,79.05,10.58,0.05,1
Jawa Barat,11.22,136,82.5,0.6361,0.7498,0.0351,44.11,79.33,9.37,0.05,0
Jawa Timur,71.45,187,382.07,0.316,0.7065,0.0777,37.83,76.09,39.78,0.2,0
Sumatera Selatan,20.72,151,137.22,0.5598,0.5654,0.0519,24.74,63.44,13.54,0.07,0
Sumatera Utara,48.89,152,321.67,0.608,0.734,0.0266,27.2,66.87,36.94,0.18,0
Jawa Barat,42.86,171,250.66,0.7345,0.7562,0.0492,40.57,77.41,34.8,0.17,0
Jawa Tengah,39.98,180,222.13,0.7323,0.5371,0.0174,32.74,71.99,39.98,0.2,0
Banten,42.53,150,283.54,0.6515,0.8395,0.0174,44.61,81.05,29.37,0.15,0
DKI Jakarta,21.83,170,128.39,0.5806,0.5089,0.0531,64.31,95.29,17.91,0.09,0
Banten,14.32,167,85.77,0.3607,0.8388,0.0337,44.28,79.32,9.39,0.05,1
Sulawesi Selatan,30.53,160,190.79,0.4963,0.6847,0.0355,27.04,65.61,22.26,0.11,1
Sumatera Selatan,17.15,139,123.37,0.4756,0.9171,0.039,24.16,64.7,10.52,0.05,0
Sulawesi Selatan,29.3,147,199.3,0.7113,0.7583,0.0349,28.68,69.29,27.72,0.14,0
Sulawesi Selatan,36.94,158,233.8,0.6522,0.6644,0.0661,28.41,67.95,23.89,0.12,0
DKI Jakarta,14.49,145,99.94,0.5639,0.7396,0.0108,62.03,93.68,11.16,0.06,0
Jawa Timur,19.18,174,110.22,0.5985,0.8515,0.0239,35.12,75.03,12.97,0.06,0
Jawa Tengah,20.61,147,140.19,0.6884,0.8708,0.0445,34.82,73.22,15.28,0.08,0
Riau,47.08,165,285.33,0.5252,0.8144,0.0167,25.71,66.04,31.63,0.16,0
DKI Jakarta,16.24,161,100.85,0.6019,0.9782,0.0248,62.77,93.69,12.44,0.06,0
Riau,63.99,164,390.21,0.7119,0.7328,0.0572,25.09,68.04,50.7,0.25,0
Jawa Timur,11.95,170,70.29,0.4144,0.5305,0.0231,35.75,73.56,8.23,0.04,1
Jawa Barat,59.85,173,345.96,0.6533,0.7705,0.0564,42.25,77.88,44.52,0.22,0
Jawa Tengah,25.62,155,165.32,0.5753,0.7571,0.0131,31.3,71.4,15.41,0.08,0
Riau,30.41,158,192.45,0.4482,0.5501,0.0811,24.35,65.53,10.98,0.05,1
Banten,33.23,169,196.64,0.7635,0.9527,0.0536,46.36,81.16,22.85,0.11,0
Bali,8.13,147,55.29,0.6722,0.4822,0.0541,49.94,85.49,5.71,0.03,0
Sulawesi Selatan,22.57,177,127.52,0.752,0.8031,0.0322,28.53,67.95,21.31,0.11,0
Sumatera Utara,22.48,165,136.26,0.6191,0.7715,0.0402,26.79,66.61,14.1,0.07,0
Riau,45.89,166,276.45,0.7419,0.7883,0.094,26.43,66.55,34.81,0.17,0
Banten,24.05,171,140.65,0.3262,0.7299,0.0181,43.99,78.44,20.31,0.1,0
Jawa Timur,50.66,163,310.79,0.7526,0.5409,0.0287,36.14,74.92,30.7,0.15,1
Riau,58.51,151,387.46,0.7645,0.9302,0.0334,25.97,65.31,53.45,0.27,0
DKI Jakarta,30.27,153,197.84,0.5953,0.6198,0.0434,60.25,93.23,25.7,0.13,0
Bali,27.13,168,161.51,0.6571,0.6236,0.0538,45.6,83.51,25.31,0.13,0
Riau,15.81,174,90.84,0.3549,0.7777,0.0499,26.55,66.46,10.02,0.05,0
Jawa Tengah,31.63,155,204.06,0.6079,0.8161,0.0185,33.44,73.85,19.17,0.1,0
DKI Jakarta,21.22,168,126.32,0.6518,0.742,0.0554,62.78,94.11,18.98,0.09,0
Jawa Barat,46.25,150,308.31,0.5232,0.5763,0.0553,42.65,76.47,35.57,0.18,0
Sumatera Selatan,13.08,172,76.06,0.5585,0.8158,0.0415,25.07,63.44,9.11,0.05,0
Riau,17.35,162,107.11,0.6966,0.6148,0.0275,28.33,64.56,10.09,0.05,0
Riau,37.68,157,239.99,0.432,0.7477,0.0457,27.87,65.83,24.8,0.12,1
DKI Jakarta,67.51,182,370.91,0.5443,0.7695,0.0344,62.49,94.55,56.63,0.28,0
DKI Jakarta,34.23,159,215.26,0.6759,0.6546,0.0391,62.64,91.94,27.85,0.14,0
Bali,51.16,176,290.66,0.6028,0.8604,0.0404,49.04,84.03,39.72,0.2,0
Banten,25.75,158,162.95,0.4886,0.6401,0.0225,41.8,80.54,17.56,0.09,1
Jawa Timur,59.14,160,369.64,0.5645,0.7532,0.0408,38.18,75.29,49.77,0.25,0
DKI Jakarta,29.23,173,168.98,0.8196,0.502,0.0614,63.28,92.88,19.59,0.1,0
Jawa Barat,27.08,139,194.85,0.6355,0.5634,0.0536,39.01,79.39,19.02,0.1,0
Sumatera Selatan,29.86,179,166.8,0.7005,0.6867,0.0362,26.62,61.1,29.86,0.15,0
Sumatera Selatan,22.06,167,132.07,0.6603,0.8246,0.0351,23.66,63.38,15.73,0.08,0
Jawa Tengah,34.27,183,187.29,0.3707,0.6828,0.0752,33.01,71.45,15.93,0.08,0
Jawa Tengah,29.45,172,171.23,0.7473,0.7295,0.0226,32.98,72.62,22.51,0.11,0
Jawa Timur,28.52,150,190.17,0.6587,0.7185,0.0529,36.54,75.13,25.04,0.13,0
Banten,9.3,161,57.77,0.6176,0.8432,0.0644,47.69,80.38,5.16,0.03,0
Bali,16.55,166,99.69,0.7127,0.8599,0.018,48.31,86.13,13.05,0.07,0
Banten,18.14,155,117.06,0.8744,0.4181,0.0367,43.61,80.63,12.52,0.06,0
Sumatera Selatan,9.85,129,76.35,0.4976,0.6167,0.0622,24.33,63.91,8.31,0.04,0
Bali,15.48,160,96.76,0.3206,0.5905,0.0255,47.43,85.2,11.32,0.06,0
Sumatera Utara,35.8,165,216.97,0.6398,0.6837,0.043,28.84,66.14,25.03,0.13,0
Jawa Tengah,27.93,158,176.76,0.7493,0.8687,0.0121,31.97,72.2,25.91,0.13,0
Sulawesi Selatan,39.84,159,250.58,0.6367,0.7357,0.032,28.65,68.12,33.87,0.17,0
Riau,39.12,162,241.48,0.5515,0.6061,0.068,24.54,66.06,21.57,0.11,1
Riau,39.06,155,252.02,0.7143,0.5656,0.0152,25.22,65.3,22.35,0.11,0
Sulawesi Selatan,24.11,157,153.58,0.3365,0.818,0.0074,26.39,68.66,19.41,0.1,0
Riau,51.5,168,306.52,0.5813,0.7694,0.0393,25.3,64.25,26.92,0.13,0
Sumatera Utara,17.68,155,114.05,0.6995,0.8177,0.0507,25.72,70.59,12.33,0.06,0
Bali,48.57,163,297.98,0.6229,0.8529,0.0303,45.03,85.17,35.15,0.18,0
Jawa Barat,45.24,190,238.1,0.7348,0.6568,0.0339,41.02,77.5,36.29,0.18,0
Sulawesi Selatan,33.83,161,210.11,0.5963,0.834,0.0549,25.6,69.43,27.01,0.14,0
Jawa Tengah,22.31,150,148.71,0.6638,0.6362,0.0645,35.8,70.76,20.34,0.1,0
Sulawesi Selatan,15.47,143,108.2,0.5259,0.8386,0.0504,27.36,67.81,13.37,0.07,1
Sumatera Utara,22.64,151,149.96,0.6047,0.6591,0.059,29.46,68.34,18.99,0.09,0
Bali,12.4,165,75.17,0.3371,0.6655,0.0394,49.16,84.01,6.72,0.03,1
Jawa Timur,36.34,141,257.74,0.3168,0.8729,0.0275,35.21,75.25,23.37,0.12,1
Sumatera Selatan,18.38,155,118.59,0.8634,0.7767,0.0103,23.67,63.18,13.65,0.07,0
Sumatera Utara,19.66,161,122.11,0.6982,0.7178,0.0125,29.51,66.91,15.51,0.08,0
Riau,11.07,166,66.67,0.6344,0.7791,0.0375,27.11,65.73,8.6,0.04,0
Sumatera Utara,13.33,146,91.31,0.5329,0.8506,0.066,29.7,68.2,6.42,0.03,0
Sulawesi Selatan,108.12,173,624.95,0.2577,0.7832,0.0212,26.92,70.13,70.72,0.35,0
Sumatera Selatan,21.03,192,109.54,0.6048,0.674,0.1015,25.18,64.88,16.45,0.08,0
Jawa Tengah,37.63,148,254.23,0.4485,0.7073,0.0365,32.29,71.22,18.44,0.09,0
Riau,13.96,170,82.11,0.6057,0.8957,0.0199,27.62,65.23,10.95,0.05,0
Jawa Timur,13.1,164,79.9,0.7249,0.7081,0.029,38.27,74.57,12.66,0.06,0
Riau,25.66,176,145.81,0.9001,0.81,0.0386,24.04,65.09,17.93,0.09,1
Banten,24.01,158,151.99,0.3576,0.6068,0.0673,44.51,80.83,16.02,0.08,1
Jawa Tengah,16.85,153,110.12,0.6598,0.6605,0.0423,31.56,71.98,13.63,0.07,0
Jawa Tengah,22.01,150,146.75,0.6386,0.7589,0.0151,34.44,71.5,13.74,0.07,0
Banten,15.36,151,101.7,0.5126,0.7102,0.0752,42.41,80.53,12.14,0.06,0
Banten,41.97,151,277.94,0.8494,0.8587,0.0277,44.58,77.48,29.3,0.15,0
Bali,76.66,177,433.12,0.7079,0.7276,0.0238,49.81,84.04,47.55,0.24,0
Riau,40.08,158,253.65,0.6278,0.7815,0.0494,26.2,67.04,31.0,0.15,0
Sumatera Selatan,12.69,161,78.8,0.6915,0.5724,0.0599,25.59,64.8,11.6,0.06,0
Jawa Barat,28.79,156,184.54,0.5433,0.5986,0.0593,41.94,80.17,18.78,0.09,0
Jawa Barat,19.33,174,111.09,0.6947,0.8323,0.005,43.85,77.12,15.52,0.08,0
DKI Jakarta,16.66,150,111.07,0.5417,0.6729,0.0725,60.75,92.71,11.07,0.06,0
DKI Jakarta,30.91,146,211.75,0.7385,0.6798,0.019,61.82,93.61,21.96,0.11,1
Jawa Barat,24.2,156,155.11,0.3615,0.6737,0.0527,38.62,78.62,17.18,0.09,0
Riau,23.03,148,155.61,0.6745,0.5393,0.0492,25.66,64.52,14.56,0.07,0
Banten,24.66,164,150.37,0.4363,0.849,0.052,42.32,77.78,14.53,0.07,0
Banten,16.42,171,96.04,0.6623,0.8606,0.0357,42.02,80.91,11.24,0.06,0
Sumatera Selatan,13.31,146,91.19,0.6053,0.7715,0.0631,21.97,64.01,9.41,0.05,0
Banten,20.32,159,127.78,0.7459,0.8613,0.0407,43.39,79.09,15.37,0.08,0
DKI Jakarta,20.4,153,133.31,0.9002,0.6032,0.068,62.78,95.05,18.79,0.09,0
DKI Jakarta,29.14,161,180.98,0.4754,0.8197,0.0175,63.12,95.33,27.37,0.14,0
Jawa Barat,38.76,167,232.1,0.3432,0.7846,0.0757,43.0,75.74,17.7,0.09,1
Jawa Timur,20.42,152,134.37,0.6217,0.8585,0.0053,38.22,76.17,17.58,0.09,0
Bali,23.38,146,160.14,0.7036,0.8799,0.0744,47.01,84.43,18.05,0.09,0
Jawa Barat,38.71,164,236.03,0.59,0.7885,0.03,40.39,75.58,37.59,0.19,0
Sumatera Selatan,19.18,148,129.56,0.1807,0.6551,0.0487,24.59,64.32,13.46,0.07,1
DKI Jakarta,29.93,164,182.49,0.7207,0.7035,0.0312,62.71,94.3,24.06,0.12,0
Jawa Barat,29.42,180,163.43,0.4432,0.6608,0.0219,43.57,76.68,8.61,0.04,0
Jawa Timur,18.93,151,125.33,0.5299,0.7266,0.0316,36.37,75.88,16.27,0.08,0
Riau,14.38,176,81.71,0.6133,0.7892,0.0564,27.25,65.62,12.59,0.06,0
Bali,15.68,167,93.89,0.5419,0.6843,0.0483,48.49,85.15,10.58,0.05,0
Sumatera Selatan,38.52,153,251.77,0.7214,0.7568,0.0655,24.84,60.78,27.5,0.14,0
Bali,10.45,147,71.09,0.6057,0.6603,0.0514,49.28,84.14,8.58,0.04,0
Banten,60.8,161,377.66,0.7706,0.7223,0.0479,44.07,78.62,56.05,0.28,0
Jawa Tengah,17.06,161,105.97,0.5116,0.7889,0.0742,31.74,71.9,15.19,0.08,0
Banten,11.53,172,67.04,0.6849,0.6749,0.0501,44.52,77.76,9.04,0.05,0
Jawa Tengah,19.52,173,112.81,0.5574,0.6239,0.0209,34.16,70.76,9.68,0.05,0
Jawa Timur,8.92,158,56.43,0.6482,0.5972,0.016,36.96,77.25,7.06,0.04,0
DKI Jakarta,11.26,164,68.65,0.6103,0.8087,0.0777,58.26,95.59,6.46,0.03,0
Sumatera Selatan,24.02,156,153.98,0.6526,0.7129,0.0388,24.04,64.27,20.14,0.1,0
Sulawesi Selatan,9.93,137,72.5,0.5673,0.9171,0.0417,28.92,69.56,6.59,0.03,1
DKI Jakarta,12.43,168,73.96,0.3542,0.7537,0.0288,60.93,91.96,9.4,0.05,1
DKI Jakarta,23.18,154,150.52,0.6922,0.7669,0.0092,64.0,94.13,15.07,0.08,0
Bali,26.14,172,151.95,0.6075,0.5629,0.0799,47.78,84.79,14.86,0.07,1
Sulawesi Selatan,28.88,153,188.78,0.6201,0.6753,0.0157,27.42,67.34,24.91,0.12,0
DKI Jakarta,24.02,146,164.51,0.5618,0.7201,0.0208,62.71,91.97,19.35,0.1,0
Riau,23.35,164,142.39,0.3892,0.6879,0.0342,24.72,66.46,16.59,0.08,0
Banten,32.54,166,196.02,0.7335,0.4675,0.0311,45.47,80.54,23.78,0.12,1
Sumatera Selatan,35.86,153,234.38,0.479,0.6959,0.0289,26.2,62.36,12.44,0.06,1
Sumatera Utara,23.13,153,151.14,0.6523,0.7861,0.0543,26.75,69.21,15.56,0.08,1
Jawa Tengah,27.88,147,189.63,0.7103,0.7881,0.0629,32.92,72.25,27.88,0.14,0
Jawa Tengah,7.39,147,50.28,0.8238,0.7137,0.0396,36.04,72.86,6.43,0.03,0
Riau,17.98,152,118.3,0.656,0.6784,0.0465,27.75,64.3,13.06,0.07,0
Jawa Tengah,49.4,158,312.68,0.7474,0.5202,0.0221,30.78,72.39,33.14,0.17,1
Jawa Barat,16.3,146,111.65,0.4543,0.7407,0.0523,43.25,78.9,11.76,0.06,0
Sumatera Utara,30.45,161,189.14,0.6302,0.9359,0.0353,23.27,67.92,26.78,0.13,0
Riau,27.32,166,164.59,0.5123,0.8789,0.0332,27.02,62.19,20.4,0.1,0
Sumatera Selatan,19.69,182,108.18,0.8125,0.8449,0.06,23.01,63.31,14.99,0.07,0
Riau,33.89,184,184.18,0.7197,0.8459,0.012,26.79,65.69,27.84,0.14,0
Banten,20.75,177,117.25,0.6999,0.7294,0.0615,44.47,78.67,18.79,0.09,0
Bali,18.23,158,115.37,0.6955,0.8783,0.0396,48.9,85.19,12.01,0.06,0
Banten,18.59,162,114.78,0.5783,0.7554,0.0312,44.98,80.09,14.91,0.07,0
Riau,15.24,157,97.05,0.6155,0.6895,0.076,25.36,65.89,11.63,0.06,0
Sulawesi Selatan,13.9,152,91.47,0.7094,0.5731,0.0569,27.0,67.35,8.99,0.04,0
Sulawesi Selatan,20.56,178,115.51,0.3942,0.7886,0.0068,29.3,65.75,11.17,0.06,1
Banten,24.65,163,151.25,0.6046,0.7816,0.0602,44.11,77.78,19.28,0.1,0
Banten,20.68,170,121.63,0.8466,0.7589,0.0527,43.25,80.62,19.1,0.1,0
Bali,19.81,168,117.91,0.6913,0.6717,0.0153,48.43,83.19,18.49,0.09,0
Sumatera Utara,111.12,188,591.05,0.6695,0.679,0.0393,28.0,67.24,84.25,0.42,0
Sumatera Selatan,29.94,141,212.37,0.3125,0.6865,0.0569,23.78,64.11,22.52,0.11,1
DKI Jakarta,11.42,163,70.07,0.5081,0.711,0.0042,63.06,91.64,7.77,0.04,1
Bali,22.93,138,166.19,0.6527,0.6296,0.0565,47.39,82.57,15.6,0.08,0
Jawa Barat,29.68,175,169.58,0.6549,0.6896,0.0331,43.78,79.55,15.49,0.08,0
Jawa Timur,162.57,159,1022.44,0.5511,0.6656,0.0373,37.14,75.5,96.08,0.48,0
Jawa Barat,26.77,154,173.83,0.586,0.7682,0.0636,38.75,76.21,15.61,0.08,0
Sulawesi Selatan,82.81,182,455.0,0.5822,0.6976,0.0255,28.31,67.27,46.76,0.23,1
Jawa Barat,21.56,179,120.44,0.7811,0.6041,0.0188,40.1,78.81,14.05,0.07,0
Sumatera Utara,16.8,166,101.22,0.5949,0.7092,0.055,28.36,66.88,10.01,0.05,0
Jawa Barat,12.26,143,85.71,0.6036,0.6533,0.0428,41.27,76.86,7.2,0.04,0
DKI Jakarta,37.25,161,231.36,0.6086,0.7244,0.0319,63.42,92.17,29.83,0.15,0
Jawa Tengah,16.08,169,95.14,0.7149,0.7439,0.0136,34.2,73.12,15.85,0.08,0
DKI Jakarta,16.75,156,107.38,0.564,0.5124,0.0326,62.73,95.45,12.82,0.06,0
Jawa Tengah,31.99,168,190.42,0.7284,0.6252,0.0287,36.06,73.01,21.8,0.11,0
Jawa Barat,20.48,164,124.89,0.8164,0.815,0.0356,40.41,80.08,14.72,0.07,0
Riau,25.92,164,158.08,0.7045,0.6787,0.0086,28.15,66.94,22.64,0.11,0
Jawa Barat,14.13,172,82.15,0.808,0.8644,0.0265,43.59,76.78,10.64,0.05,1
Banten,8.65,160,54.07,0.6209,0.7,0.0484,44.61,81.0,5.25,0.03,1
DKI Jakarta,44.88,156,287.69,0.818,0.8301,0.0386,63.09,94.33,38.28,0.19,0
Sulawesi Selatan,43.5,162,268.53,0.4372,0.6226,0.0363,29.33,70.08,29.52,0.15,0
Banten,19.34,149,129.78,0.6002,0.8358,0.0211,43.63,83.86,14.29,0.07,0
Jawa Timur,26.25,170,154.42,0.5568,0.6643,0.0217,36.04,75.17,19.11,0.1,0
Jawa Timur,13.65,145,94.14,0.8568,0.8915,0.0345,36.12,75.03,10.06,0.05,0
DKI Jakarta,19.98,155,128.88,0.909,0.4811,0.0395,62.84,93.74,14.34,0.07,0
Jawa Tengah,75.76,139,545.02,0.4798,0.639,0.0233,32.5,72.19,58.3,0.29,0
Bali,73.19,192,381.21,0.3696,0.5166,0.0437,47.62,84.78,40.67,0.2,1
Jawa Timur,30.56,181,168.87,0.4862,0.7722,0.0436,35.25,78.57,14.45,0.07,1
Bali,9.89,155,63.8,0.4118,0.7535,0.0194,47.22,84.67,5.58,0.03,1
Jawa Barat,29.46,154,191.32,0.5046,0.581,0.0645,40.54,78.08,18.04,0.09,1
Jawa Timur,20.21,157,128.72,0.736,0.91,0.0235,35.87,75.42,15.9,0.08,0
Riau,17.5,146,119.83,0.7637,0.5877,0.0221,26.26,64.41,13.98,0.07,0
DKI Jakarta,26.44,181,146.09,0.6374,0.8493,0.0274,61.24,92.19,21.25,0.11,0
Jawa Timur,62.96,153,411.52,0.7815,0.406,0.013,37.54,75.22,59.47,0.3,1
Bali,26.36,167,157.82,0.5499,0.6168,0.0052,51.65,87.3,19.66,0.1,1
Banten,41.84,170,246.14,0.9775,0.46,0.0613,45.97,80.87,22.27,0.11,0
Sulawesi Selatan,30.05,165,182.12,0.6202,0.5844,0.0583,26.31,67.22,19.11,0.1,0
Jawa Barat,31.0,173,179.19,0.5126,0.7643,0.0226,41.05,79.02,20.99,0.1,1
Sulawesi Selatan,34.7,168,206.57,0.5081,0.5083,0.0529,25.99,70.82,25.7,0.13,1
Bali,20.72,173,119.77,0.4411,0.8694,0.0272,48.99,84.74,13.9,0.07,0
Jawa Timur,12.0,152,78.96,0.5643,0.6286,0.0197,37.18,74.33,10.32,0.05,0
Sumatera Utara,55.11,161,342.28,0.6351,0.5144,0.0351,28.66,68.28,36.95,0.18,0
Jawa Barat,11.88,161,73.82,0.576,0.7981,0.0349,39.93,79.37,7.1,0.04,1
Jawa Barat,23.44,138,169.86,0.6586,0.5886,0.0598,40.53,79.1,17.58,0.09,0
Jawa Timur,63.44,164,386.84,0.5641,0.746,0.001,38.23,77.14,35.41,0.18,0
Jawa Timur,28.68,164,174.86,0.4946,0.6914,0.0343,37.4,75.52,17.65,0.09,0
Sumatera Utara,33.96,170,199.78,0.6043,0.538,0.0852,27.1,65.39,21.46,0.11,0
Sulawesi Selatan,30.37,152,199.81,0.5665,0.8609,0.001,25.97,68.37,18.17,0.09,0
DKI Jakarta,37.84,140,270.25,0.4172,0.7129,0.0287,62.29,94.68,27.18,0.14,0
Bali,49.24,164,300.22,0.632,0.8729,0.0337,48.52,84.91,39.75,0.2,0
Jawa Tengah,11.64,152,76.57,0.6738,0.7794,0.043,31.27,71.08,9.2,0.05,0
Riau,50.37,172,292.86,0.4409,0.5707,0.0547,25.64,67.79,25.0,0.13,0
Sulawesi Selatan,22.05,155,142.25,0.4967,0.7241,0.0429,27.17,66.5,18.93,0.09,1
Sumatera Selatan,15.54,152,102.25,0.4081,0.5436,0.0716,23.42,61.92,11.38,0.06,0
DKI Jakarta,13.94,157,88.81,0.4814,0.6146,0.0325,61.76,93.93,12.31,0.06,1
Sumatera Utara,24.37,146,166.94,0.8261,0.9221,0.0611,28.81,69.79,18.74,0.09,0
Jawa Barat,17.24,154,111.98,0.4909,0.7912,0.037,41.63,80.24,14.02,0.07,0
Jawa Tengah,23.3,153,152.28,0.7026,0.8893,0.0556,35.08,72.87,18.97,0.09,0
Sumatera Utara,21.96,150,146.4,0.5975,0.8761,0.0272,28.7,69.27,13.18,0.07,0
Sumatera Utara,28.71,169,169.89,0.4142,0.7336,0.0221,29.61,66.64,21.06,0.11,1
Sulawesi Selatan,37.15,168,221.15,0.5753,0.8109,0.0137,25.91,65.76,27.18,0.14,0
Jawa Tengah,48.05,177,271.47,0.7882,0.6871,0.0349,33.43,71.65,33.59,0.17,0
Sulawesi Selatan,46.69,174,268.34,0.6529,1.0,0.0259,27.34,68.86,31.03,0.16,0
Banten,43.2,132,327.27,0.3825,0.8092,0.0467,45.19,80.89,23.48,0.12,1
Jawa Tengah,21.27,165,128.94,0.6746,0.667,0.0536,33.58,71.06,14.11,0.07,0
Riau,15.51,150,103.37,0.8894,0.6162,0.0606,28.46,64.23,11.99,0.06,0
Riau,22.62,161,140.5,0.6642,0.7112,0.0565,24.7,66.8,19.52,0.1,0
Bali,17.34,150,115.59,0.7468,0.9945,0.0619,47.63,84.73,12.42,0.06,0
Sulawesi Selatan,13.65,170,80.29,0.5879,0.709,0.0537,28.41,65.31,12.27,0.06,0
Riau,21.57,167,129.16,0.3617,0.837,0.0175,25.91,64.05,13.48,0.07,0
Riau,29.61,142,208.55,0.6074,0.4596,0.0456,24.68,65.98,13.14,0.07,1
Jawa Tengah,43.64,158,276.22,0.5419,0.7898,0.0255,33.76,70.68,35.41,0.18,0
Jawa Tengah,23.77,170,139.85,0.7976,0.7827,0.0372,32.46,70.92,19.9,0.1,0
Sumatera Utara,41.97,163,257.46,0.6491,0.7509,0.039,29.08,67.06,35.45,0.18,0
Riau,25.58,174,146.99,0.6537,0.5996,0.001,23.55,66.45,15.9,0.08,0
Jawa Timur,8.93,165,54.1,0.6782,0.6281,0.0192,36.36,75.39,5.84,0.03,0
Sumatera Utara,12.6,160,78.73,0.5997,0.7422,0.03,28.64,70.21,9.66,0.05,0
Sumatera Utara,30.99,172,180.17,0.7309,0.5835,0.001,28.65,67.69,29.64,0.15,0
Banten,11.02,167,66.0,0.7491,0.6815,0.0662,45.15,79.55,8.27,0.04,1
DKI Jakarta,12.17,153,79.54,0.5254,0.9091,0.0424,62.03,94.6,9.87,0.05,0
Banten,10.9,148,73.68,0.6957,0.8078,0.0423,44.77,79.05,8.17,0.04,0
Jawa Tengah,20.74,157,132.11,0.6238,0.8398,0.0604,33.1,70.18,13.96,0.07,1
Jawa Barat,28.23,171,165.07,0.5242,0.7469,0.0543,42.6,78.18,20.0,0.1,0
Banten,11.72,171,68.56,0.8426,0.9166,0.0543,41.79,78.9,8.61,0.04,0
Sumatera Selatan,35.66,165,216.1,0.7329,0.5811,0.0605,20.39,62.95,22.0,0.11,1
Sumatera Selatan,26.78,182,147.16,0.8786,0.5644,0.046,26.18,62.38,22.35,0.11,0
Jawa Timur,12.95,162,79.94,0.6299,0.7875,0.0465,35.95,75.94,6.66,0.03,0
Sumatera Utara,24.18,162,149.29,0.6262,0.5517,0.049,25.84,67.78,14.51,0.07,0
Jawa Barat,13.99,137,102.12,0.6228,0.6757,0.0136,41.26,76.66,10.98,0.05,0
Jawa Tengah,15.42,152,101.46,0.5263,0.7542,0.001,32.42,71.35,9.39,0.05,0
Banten,13.33,163,81.75,0.4396,0.8981,0.001,44.65,78.36,13.12,0.07,0
Jawa Timur,22.06,152,145.1,0.6809,0.6174,0.054,37.54,77.71,16.46,0.08,0
Riau,19.67,152,129.42,0.6252,0.9062,0.0294,25.47,65.46,11.51,0.06,0
Sumatera Selatan,18.94,147,128.81,0.7637,0.6959,0.0345,25.69,63.9,13.98,0.07,0
Sumatera Utara,18.42,134,137.49,0.6929,0.8467,0.0432,26.58,68.08,17.96,0.09,0
DKI Jakarta,29.01,176,164.81,0.7056,0.6991,0.0684,58.87,96.4,23.26,0.12,0
Bali,21.22,160,132.65,0.8482,0.6429,0.0532,48.92,82.99,19.13,0.1,0
Banten,10.76,174,61.84,0.7292,0.6425,0.044,43.71,78.85,8.09,0.04,0
Bali,21.15,148,142.91,0.4245,0.784,0.0483,45.86,85.84,14.12,0.07,0
Jawa Tengah,13.47,145,92.9,0.66,0.741,0.0848,34.11,71.48,11.34,0.06,0
Riau,38.41,146,263.11,0.6098,0.8464,0.0202,23.55,64.5,28.56,0.14,0
Jawa Tengah,29.82,164,181.82,0.7505,0.7463,0.0678,33.03,71.43,23.81,0.12,0
Sumatera Utara,36.93,151,244.58,0.7659,0.5815,0.0405,29.55,70.52,20.17,0.1,0
Bali,19.22,171,112.41,0.5139,0.8404,0.0384,49.09,86.95,13.25,0.07,0
Sumatera Utara,41.8,180,232.2,0.5552,0.5702,0.0525,28.7,68.69,32.97,0.16,0
Sulawesi Selatan,13.66,157,86.98,0.4828,0.7537,0.0032,27.19,68.04,11.16,0.06,0
Jawa Timur,22.31,154,144.89,0.4512,0.7112,0.0186,37.05,76.34,10.57,0.05,1
Jawa Barat,12.77,134,95.28,0.8062,0.7596,0.0478,42.26,79.07,11.89,0.06,0
Banten,32.56,164,198.54,0.4106,0.6362,0.0492,43.13,80.01,24.01,0.12,0
Bali,62.95,172,365.96,0.7605,0.7841,0.0514,47.0,83.96,51.6,0.26,0
Sumatera Utara,27.44,157,174.76,0.6694,0.7596,0.0543,29.58,67.46,19.05,0.1,1
Riau,10.65,143,74.5,0.5462,0.7491,0.0802,28.88,66.0,9.21,0.05,0
Bali,17.48,165,105.91,0.8556,0.6874,0.0271,50.94,84.67,14.62,0.07,0
Jawa Tengah,118.7,151,786.1,0.4381,0.4788,0.0478,29.26,73.86,85.75,0.43,0
Sumatera Selatan,36.89,165,223.59,0.5196,0.7107,0.055,26.18,62.79,22.48,0.11,1
Sulawesi Selatan,15.81,156,101.37,0.4895,0.8139,0.0475,26.95,66.69,10.96,0.05,1
Jawa Barat,38.93,165,235.91,0.3164,0.6643,0.0378,44.2,76.85,19.33,0.1,1
Jawa Barat,23.37,150,155.81,0.7157,0.5119,0.0245,39.94,77.68,16.51,0.08,1
Sulawesi Selatan,105.29,172,612.13,0.5471,0.8244,0.0358,26.21,66.07,60.79,0.3,0
Sulawesi Selatan,26.55,175,151.72,0.5797,0.5661,0.0659,27.82,69.18,23.16,0.12,0
Sulawesi Selatan,22.61,175,129.22,0.4928,0.7071,0.0839,27.3,67.29,16.53,0.08,0
Bali,21.34,151,141.35,0.5592,0.8841,0.0052,48.17,83.58,14.49,0.07,0
Jawa Tengah,18.67,154,121.23,0.5211,0.5513,0.0404,34.61,72.68,10.33,0.05,1
Sumatera Utara,17.28,166,104.09,0.4973,0.8696,0.0044,30.25,70.54,12.28,0.06,0
Sulawesi Selatan,13.99,161,86.87,0.7415,0.6939,0.0254,26.48,67.29,10.01,0.05,1
Sumatera Selatan,17.88,154,116.12,0.4031,0.6628,0.0447,26.76,61.74,8.58,0.04,1
Sumatera Utara,35.27,162,217.74,0.6184,0.8466,0.0162,26.55,67.73,29.22,0.15,0
Riau,18.86,146,129.16,0.343,0.7026,0.031,25.19,63.17,12.44,0.06,0
Jawa Tengah,17.42,157,110.97,0.8982,0.8397,0.028,37.0,72.72,14.24,0.07,0
Jawa Timur,13.09,164,79.84,0.4022,0.843,0.0439,37.35,76.09,9.2,0.05,1
Sumatera Selatan,31.56,150,210.43,0.7872,0.7372,0.0316,23.31,62.57,21.35,0.11,0
Sulawesi Selatan,53.0,154,344.12,0.5093,0.8388,0.0634,28.3,66.46,32.05,0.16,1
DKI Jakarta,13.04,133,98.07,0.3305,0.7626,0.0387,63.46,97.08,9.0,0.04,0
Banten,17.48,162,107.89,0.4614,0.7766,0.0224,44.61,78.32,13.69,0.07,0
Riau,15.09,159,94.91,0.7901,0.6368,0.0085,28.02,64.5,8.53,0.04,0
Banten,39.12,175,223.57,0.6102,0.7019,0.0227,42.8,79.84,32.09,0.16,0
Bali,39.32,156,252.03,0.6842,0.6955,0.0358,47.72,85.53,30.4,0.15,0
Riau,27.37,173,158.21,0.7855,0.8963,0.0499,24.76,65.22,18.72,0.09,1
Jawa Timur,11.92,141,84.55,0.5337,0.7528,0.0541,35.55,75.44,8.17,0.04,0
Sumatera Selatan,25.71,144,178.56,0.6884,0.5877,0.0581,24.36,63.83,20.37,0.1,1
Jawa Timur,26.54,161,164.85,0.8272,0.8731,0.051,35.2,79.25,19.89,0.1,0
Banten,28.27,163,173.44,0.2809,0.6631,0.0592,44.54,79.1,12.28,0.06,1
Jawa Tengah,13.58,151,89.93,0.534,0.546,0.033,34.15,71.49,9.57,0.05,0
Sulawesi Selatan,13.19,151,87.35,0.5761,0.757,0.0361,26.07,67.67,10.13,0.05,0
Banten,11.06,156,70.88,0.486,0.7513,0.0277,43.15,80.61,7.85,0.04,0
Sulawesi Selatan,47.37,177,267.63,0.357,0.7944,0.0238,27.13,70.83,33.19,0.17,0
Sumatera Utara,39.21,144,272.32,0.5913,0.6627,0.0672,28.07,68.07,27.79,0.14,0
Jawa Barat,10.94,154,71.01,0.4899,0.4859,0.0361,41.25,79.27,6.96,0.03,1
Sumatera Selatan,15.74,157,100.28,0.4241,0.6117,0.0171,25.66,60.51,13.81,0.07,0
Jawa Barat,16.69,166,100.51,0.7432,0.9002,0.0227,42.97,78.68,13.05,0.07,0
Bali,38.02,162,234.67,0.6242,0.6953,0.0818,47.49,84.48,18.17,0.09,1
Sulawesi Selatan,25.09,164,152.99,0.6575,0.5661,0.0449,28.94,69.02,16.39,0.08,0
Sumatera Utara,54.37,164,331.55,0.5547,0.8263,0.0491,30.46,67.58,36.1,0.18,0
Jawa Timur,16.26,128,127.02,0.5845,0.6229,0.0292,38.61,73.93,9.74,0.05,0
Banten,12.46,157,79.39,0.5146,0.6928,0.001,44.41,80.08,9.19,0.05,0
Sumatera Selatan,14.13,137,103.12,0.6697,0.8925,0.0145,24.22,61.23,10.7,0.05,1
Jawa Timur,14.21,149,95.38,0.4369,0.7696,0.0267,34.69,74.44,9.11,0.05,0
DKI Jakarta,44.85,177,253.38,0.7803,0.5396,0.0273,61.78,94.27,43.57,0.22,0
Sumatera Utara,68.08,166,410.13,0.5173,0.7525,0.0396,26.16,65.32,64.35,0.32,0
Sumatera Selatan,27.46,146,188.07,0.5687,0.6715,0.0565,26.01,62.79,21.96,0.11,0
Jawa Barat,15.85,151,104.98,0.8305,0.6848,0.0402,41.1,80.5,12.5,0.06,0
Jawa Timur,24.34,146,166.73,0.5871,0.7598,0.0482,36.67,73.47,18.04,0.09,0
Banten,9.04,128,70.65,0.6263,0.667,0.0579,43.17,78.98,5.67,0.03,0
Riau,18.18,137,132.73,0.6348,0.8136,0.0686,23.98,66.11,9.92,0.05,1
Sumatera Utara,10.98,158,69.51,0.3164,0.8287,0.0211,29.47,69.18,5.99,0.03,0
Sumatera Selatan,32.38,173,187.16,0.7118,0.7455,0.0479,25.05,63.17,19.66,0.1,0
Riau,20.38,151,134.96,0.3383,0.8533,0.0488,27.5,65.18,13.87,0.07,0
Sumatera Selatan,34.68,155,223.71,0.6037,0.8771,0.0448,21.67,65.08,26.37,0.13,0
DKI Jakarta,35.42,165,214.64,0.3453,0.6788,0.0315,64.38,94.46,27.34,0.14,0
Sulawesi Selatan,18.05,161,112.09,0.7014,0.824,0.02,27.71,66.53,15.86,0.08,0
Banten,38.5,155,248.38,0.5605,0.8331,0.0362,45.27,79.94,26.7,0.13,0
Banten,13.72,162,84.72,0.7912,0.5513,0.0443,40.15,79.64,12.19,0.06,0
Sumatera Selatan,106.5,173,615.63,0.9372,0.9116,0.0608,24.92,62.57,97.45,0.49,0
Banten,14.92,188,79.37,0.5748,0.5731,0.0365,43.99,77.78,11.68,0.06,0
Sumatera Selatan,33.76,157,215.04,0.6495,0.8126,0.0159,23.97,63.09,23.19,0.12,0
Bali,46.12,164,281.25,0.554,0.6965,0.0193,48.55,85.2,39.55,0.2,0
Sumatera Utara,27.1,169,160.38,0.5062,0.7499,0.0155,27.51,69.1,24.2,0.12,0
Sumatera Utara,13.1,145,90.38,0.7572,0.9772,0.0375,26.28,68.21,12.59,0.06,0
Bali,14.8,146,101.36,0.6591,0.6999,0.0118,46.8,84.54,10.2,0.05,1
Sumatera Selatan,13.35,147,90.8,0.5352,0.5967,0.0236,24.34,62.43,9.59,0.05,0
Sumatera Selatan,20.46,140,146.15,0.7583,0.8433,0.0715,26.27,64.26,12.05,0.06,1
Riau,35.93,163,220.43,0.6706,0.703,0.0359,27.76,63.97,28.56,0.14,0
Sumatera Selatan,29.24,156,187.42,0.6292,0.5792,0.0409,24.65,62.47,24.45,0.12,0
Sumatera Selatan,26.21,174,150.63,0.8849,0.6992,0.0132,23.57,62.13,20.15,0.1,0
Sumatera Selatan,10.7,138,77.56,0.4956,0.8138,0.0384,27.39,62.97,7.55,0.04,1
Banten,54.69,151,362.2,0.7364,0.8069,0.0062,45.12,81.38,46.98,0.23,0
Sumatera Selatan,23.52,175,134.39,0.5239,0.7765,0.0421,25.19,61.67,13.24,0.07,0
Sumatera Utara,18.38,151,121.73,0.3977,0.7791,0.0143,26.4,68.54,13.76,0.07,1
Bali,26.0,158,164.55,0.3849,0.7163,0.0658,49.08,84.86,16.19,0.08,1
Banten,10.63,152,69.93,0.7135,0.7317,0.078,42.24,78.64,7.63,0.04,0
DKI Jakarta,21.07,148,142.35,0.4692,0.7194,0.0264,65.52,93.97,11.82,0.06,0
Bali,20.75,157,132.19,0.7036,0.8568,0.008,47.44,83.42,15.73,0.08,0
Sumatera Utara,22.35,166,134.65,0.7176,0.7974,0.0303,27.49,68.32,19.0,0.09,0
DKI Jakarta,44.43,160,277.71,0.5438,0.5297,0.0063,61.43,94.06,39.54,0.2,1
Bali,12.28,149,82.39,0.3787,0.9101,0.0324,48.14,86.31,9.19,0.05,0
DKI Jakarta,21.7,151,143.72,0.7233,0.8565,0.0216,63.41,93.28,16.32,0.08,0
Jawa Barat,17.76,163,108.95,0.7132,0.753,0.0622,41.5,78.39,9.86,0.05,0
Sumatera Selatan,22.93,174,131.75,0.6901,0.675,0.001,24.36,62.65,17.76,0.09,0
Jawa Barat,44.35,197,225.15,0.4757,0.8157,0.0131,42.58,80.23,32.41,0.16,1
Jawa Tengah,20.9,152,137.48,0.7091,0.8528,0.0569,30.92,71.51,15.64,0.08,0
Banten,20.87,163,128.05,0.6151,0.6881,0.0274,45.22,78.73,16.92,0.08,1
Sulawesi Selatan,9.3,170,54.68,0.5121,0.6171,0.0699,28.1,66.87,6.28,0.03,0
Sumatera Utara,38.64,176,219.56,0.5556,0.7478,0.0403,27.35,67.25,22.82,0.11,1
Sulawesi Selatan,11.91,168,70.88,0.4747,0.8918,0.0441,28.1,67.1,8.42,0.04,1
Sumatera Selatan,18.19,156,116.61,0.6506,0.5982,0.0459,24.47,62.07,13.3,0.07,0
Jawa Tengah,16.02,164,97.69,0.6118,0.7773,0.0477,29.26,72.12,9.95,0.05,0
Sumatera Utara,8.39,150,55.91,0.5024,0.829,0.0356,30.46,66.64,4.51,0.02,1
Jawa Timur,29.69,189,157.08,0.4181,0.6073,0.0365,38.61,76.09,18.93,0.09,1
Jawa Tengah,19.33,162,119.34,0.5025,0.6853,0.0641,31.24,72.15,18.84,0.09,0
Sumatera Utara,26.84,141,190.35,0.6695,0.7425,0.0249,27.27,70.15,20.64,0.1,0
Bali,32.11,166,193.46,0.6462,0.494,0.0432,50.73,85.06,19.97,0.1,1
Sumatera Selatan,31.52,157,200.75,0.7421,0.8787,0.0317,25.3,63.54,26.12,0.13,0
Jawa Tengah,30.73,162,189.72,0.8802,0.787,0.0527,33.78,74.51,24.23,0.12,0
Jawa Tengah,33.34,177,188.34,0.5424,0.6142,0.0654,33.85,72.62,20.74,0.1,0
Bali,41.84,174,240.48,0.6798,0.9757,0.0293,49.26,84.24,30.69,0.15,0
Riau,30.04,171,175.7,0.5124,0.914,0.0202,24.5,64.36,20.42,0.1,0
Banten,23.5,144,163.2,0.7979,0.7896,0.0249,43.25,81.54,18.97,0.09,0
Bali,21.59,160,134.91,0.4882,0.695,0.0583,50.2,83.29,17.12,0.09,0
DKI Jakarta,28.86,173,166.84,0.5365,0.765,0.0449,63.38,92.83,20.06,0.1,0
Sumatera Selatan,30.18,158,190.99,0.7227,0.6829,0.0384,24.73,61.74,24.32,0.12,1
Banten,31.41,167,188.11,0.7504,0.7162,0.0361,43.13,78.9,23.82,0.12,0
Banten,22.93,171,134.09,0.5944,0.911,0.0258,45.58,79.85,18.04,0.09,0
Riau,72.99,159,459.05,0.7159,0.6742,0.0571,24.65,65.09,54.36,0.27,0
Jawa Tengah,54.37,165,329.54,0.7585,0.8878,0.0434,35.42,72.73,42.85,0.21,0
Bali,16.38,165,99.29,0.6727,0.71,0.0756,47.61,83.19,11.16,0.06,0
DKI Jakarta,21.74,149,145.89,0.7958,0.9435,0.0393,61.09,93.15,18.83,0.09,0
Sumatera Utara,55.45,161,344.41,0.7757,0.5681,0.0451,28.45,68.38,50.31,0.25,1
Banten,15.81,164,96.38,0.6556,0.7262,0.0307,44.42,78.64,12.94,0.06,0
Sulawesi Selatan,14.34,173,82.87,0.6966,0.453,0.027,28.05,66.17,9.7,0.05,1
Riau,101.45,161,630.15,0.3314,0.8545,0.0386,24.12,63.56,86.94,0.43,0
Jawa Timur,19.79,171,115.75,0.7469,0.3972,0.0638,37.43,75.34,18.2,0.09,0
Banten,8.75,143,61.16,0.3979,0.6084,0.0306,45.57,79.72,6.14,0.03,0
Jawa Tengah,15.96,161,99.15,0.5507,0.6747,0.0302,33.08,71.96,10.57,0.05,0
DKI Jakarta,20.1,169,118.94,0.5607,0.8216,0.0114,60.08,95.66,15.26,0.08,0
Banten,34.92,157,222.41,0.5111,0.4621,0.0895,43.78,80.16,16.79,0.08,1
DKI Jakarta,24.57,165,148.92,0.4161,0.8132,0.028,60.7,94.2,16.21,0.08,0
Riau,12.41,161,77.1,0.3756,0.8889,0.0114,23.2,67.02,7.84,0.04,1
Sulawesi Selatan,7.29,159,45.83,0.8078,0.733,0.0435,27.08,68.97,5.2,0.03,0
DKI Jakarta,29.68,158,187.82,0.6919,0.7734,0.0449,64.84,93.32,20.11,0.1,0
Sulawesi Selatan,20.67,137,150.9,0.8204,0.8623,0.0557,27.78,68.8,18.89,0.09,1
DKI Jakarta,41.02,149,275.33,0.6579,0.7272,0.0438,61.99,96.33,38.64,0.19,0
Banten,16.72,155,107.85,0.5894,0.6038,0.0049,45.17,81.93,12.14,0.06,0
Riau,21.9,171,128.08,0.6471,0.7952,0.0248,27.02,66.57,16.61,0.08,0
Riau,16.9,150,112.66,0.7661,0.6531,0.0613,23.9,65.87,12.97,0.06,0
Jawa Timur,17.96,165,108.87,0.6757,0.7021,0.0585,39.6,75.75,12.9,0.06,0
DKI Jakarta,31.41,177,177.48,0.5856,0.9494,0.0485,62.7,95.95,20.23,0.1,0
Sumatera Selatan,18.14,155,117.04,0.4969,0.5371,0.0694,25.66,61.49,11.2,0.06,0
Banten,9.81,142,69.08,0.4782,0.6871,0.0353,43.21,81.32,9.25,0.05,0
Jawa Tengah,44.25,152,291.13,0.4853,0.7366,0.0631,30.27,72.26,38.91,0.19,0
Banten,25.62,157,163.18,0.8513,0.4477,0.0312,43.92,78.69,24.79,0.12,0
Banten,32.76,160,204.72,0.7325,0.7643,0.0746,42.45,78.38,27.02,0.14,0
Sumatera Utara,46.82,161,290.82,0.5086,0.5909,0.0297,30.16,66.15,34.45,0.17,1
Sumatera Utara,22.41,170,131.83,0.6915,0.48,0.0166,26.27,68.88,11.12,0.06,0
Sumatera Utara,19.82,150,132.16,0.8105,0.8808,0.0158,28.44,70.51,17.35,0.09,0
Sulawesi Selatan,11.93,135,88.38,0.6682,0.723,0.0677,28.8,67.2,9.43,0.05,0
Sulawesi Selatan,40.06,176,227.59,0.6187,0.8872,0.07,28.54,66.78,22.32,0.11,0
DKI Jakarta,12.58,173,72.69,0.4441,0.9788,0.0212,61.65,95.65,9.95,0.05,0
Riau,26.66,165,161.59,0.3032,0.7913,0.0264,23.43,65.54,15.54,0.08,1
Jawa Tengah,32.6,171,190.64,0.7631,0.8106,0.001,30.94,73.61,22.63,0.11,0
DKI Jakarta,12.87,161,79.92,0.7699,0.6731,0.0152,61.26,93.03,8.63,0.04,0
DKI Jakarta,48.53,174,278.9,0.7184,0.8077,0.0344,60.28,94.98,32.47,0.16,0
Riau,9.96,161,61.89,0.6162,0.8428,0.0343,25.99,67.58,8.43,0.04,0
Sulawesi Selatan,12.76,160,79.75,0.7738,0.4384,0.001,26.76,66.54,8.79,0.04,0
Sumatera Selatan,22.9,159,144.03,0.9531,0.652,0.0105,22.36,62.72,19.78,0.1,0
Jawa Barat,37.41,177,211.37,0.501,0.7646,0.077,39.37,78.17,15.72,0.08,1
Jawa Tengah,12.56,160,78.48,0.7993,0.9976,0.0629,30.81,73.0,9.3,0.05,0
Bali,35.92,169,212.56,0.4231,0.629,0.0427,48.62,86.01,23.08,0.12,1
Riau,37.76,169,223.46,0.6968,0.5527,0.0433,25.0,64.58,23.64,0.12,1
Sumatera Utara,21.75,180,120.85,0.6418,0.7814,0.0401,28.44,71.2,13.68,0.07,1
Jawa Barat,25.81,165,156.42,0.6556,0.7626,0.0375,41.38,78.67,17.95,0.09,0
Sumatera Selatan,41.83,155,269.84,0.6408,0.8203,0.0403,24.0,62.42,28.07,0.14,0
Bali,52.25,159,328.6,0.7748,0.8786,0.0086,49.67,86.21,42.51,0.21,0
Jawa Timur,18.38,161,114.15,0.5066,0.8223,0.0348,34.59,75.57,15.4,0.08,0
Sulawesi Selatan,14.81,150,98.71,0.4281,0.6152,0.001,28.88,67.35,9.37,0.05,1
Banten,20.58,152,135.41,0.7477,0.8684,0.0358,44.69,79.15,18.29,0.09,0
DKI Jakarta,14.43,163,88.51,0.579,0.5701,0.0484,62.1,96.72,10.67,0.05,0
Sulawesi Selatan,42.64,151,282.41,0.5743,0.7731,0.0287,26.69,66.61,20.4,0.1,1
Jawa Barat,32.32,172,187.92,0.3747,0.9845,0.045,41.56,79.95,20.84,0.1,1
DKI Jakarta,23.1,158,146.21,0.9357,0.7257,0.0379,63.07,93.23,13.68,0.07,0
Banten,41.24,157,262.67,0.7563,0.8384,0.0489,42.0,79.05,33.5,0.17,0
Riau,33.83,155,218.25,0.5913,0.6525,0.0471,27.01,65.3,20.75,0.1,1
Riau,40.59,167,243.03,0.582,0.6489,0.0229,28.71,65.96,27.16,0.14,0
Sulawesi Selatan,28.79,148,194.52,0.8092,0.8127,0.0115,27.8,65.83,25.5,0.13,0
Banten,43.89,142,309.07,0.7626,0.7494,0.0129,46.05,79.15,37.15,0.19,0
Jawa Barat,13.17,168,78.39,0.5899,0.5011,0.0216,42.21,79.83,8.38,0.04,1
Banten,36.33,190,191.24,0.4621,0.6197,0.0561,44.5,81.03,25.19,0.13,1
Bali,53.23,158,336.93,0.5866,0.7283,0.0544,47.65,84.15,32.34,0.16,1
DKI Jakarta,20.82,166,125.44,0.6141,0.7303,0.0305,61.89,92.79,15.51,0.08,0
Jawa Tengah,16.68,150,111.22,0.4334,0.8653,0.0341,31.73,72.36,11.94,0.06,0
Riau,20.07,164,122.37,0.7577,0.7638,0.0133,27.51,66.4,16.4,0.08,0
Jawa Tengah,24.64,168,146.66,0.9061,0.8195,0.0145,32.08,72.32,14.39,0.07,0
Banten,37.58,146,257.41,0.6558,0.7297,0.0483,46.74,81.49,27.89,0.14,0
Jawa Barat,23.22,158,146.94,0.7015,0.7071,0.0313,42.16,78.28,16.84,0.08,1
Jawa Barat,38.65,146,264.72,0.4247,0.7314,0.0333,42.09,77.02,24.45,0.12,0
Sumatera Selatan,24.73,132,187.37,0.6689,0.8632,0.0533,22.31,62.39,14.77,0.07,1
Sumatera Selatan,37.4,157,238.19,0.5506,1.0,0.0488,25.3,63.1,27.43,0.14,0
DKI Jakarta,24.02,160,150.11,0.5266,0.8911,0.0354,62.07,93.36,14.48,0.07,1
Sumatera Utara,19.11,147,130.02,0.659,0.8676,0.0638,27.55,67.58,17.25,0.09,0
Banten,12.68,159,79.74,0.5082,0.7551,0.0293,43.12,80.95,7.8,0.04,0
Jawa Timur,9.05,170,53.25,0.5841,0.9068,0.0207,34.94,74.43,6.67,0.03,0
Riau,17.06,141,121.01,0.6193,0.6,0.0147,26.11,63.8,10.38,0.05,1
Riau,8.37,162,51.68,0.8204,0.6443,0.064,25.85,66.37,6.71,0.03,0
Jawa Barat,20.14,144,139.84,0.8255,0.7564,0.0273,39.53,79.37,14.95,0.07,0
Sulawesi Selatan,34.76,169,205.68,0.2615,0.6053,0.0403,28.67,66.56,18.42,0.09,0
Jawa Tengah,25.05,169,148.25,0.7416,0.6852,0.0775,36.39,72.95,18.21,0.09,0
Sumatera Utara,8.04,170,47.29,0.4684,0.8684,0.0241,26.26,66.84,5.85,0.03,0
Jawa Barat,18.0,151,119.19,0.6415,0.7784,0.0423,41.33,77.73,11.41,0.06,0
Riau,31.16,163,191.14,0.5408,0.645,0.0422,28.59,64.07,29.96,0.15,0
DKI Jakarta,49.09,174,282.11,0.6266,0.8655,0.0409,61.23,93.65,27.54,0.14,0
Jawa Tengah,28.76,152,189.23,0.6502,0.8631,0.0584,33.86,72.78,15.08,0.08,1
Banten,22.56,156,144.63,0.7518,0.6665,0.0476,44.69,80.12,20.7,0.1,0
DKI Jakarta,29.25,159,183.94,0.635,0.7718,0.0438,63.39,93.22,21.75,0.11,0
Banten,56.59,146,387.58,0.7141,0.5894,0.0736,46.85,80.03,37.08,0.19,0
Sumatera Utara,22.03,150,146.87,0.7725,0.5641,0.0104,25.72,68.66,14.83,0.07,0
Sulawesi Selatan,11.49,155,74.13,0.6602,0.7276,0.0163,28.19,68.95,8.3,0.04,0
Jawa Timur,16.98,147,115.48,0.717,0.8363,0.0387,36.05,75.83,12.9,0.06,0
Sumatera Selatan,15.95,157,101.62,0.518,0.7188,0.0505,24.24,63.99,11.07,0.06,0
Jawa Tengah,14.22,168,84.64,0.7129,0.6655,0.0392,33.27,72.18,8.07,0.04,0
Sulawesi Selatan,16.2,157,103.2,0.4612,0.8601,0.0268,27.46,66.82,10.6,0.05,0
Sulawesi Selatan,110.94,170,652.58,0.603,0.8698,0.0653,26.27,67.99,59.01,0.3,0
Sumatera Selatan,12.95,144,89.9,0.5294,0.7744,0.0562,22.77,64.56,7.78,0.04,0
Jawa Tengah,18.38,162,113.49,0.4133,0.8048,0.028,36.39,73.62,9.8,0.05,1
Sulawesi Selatan,114.81,173,663.66,0.4887,0.5993,0.0728,25.83,64.7,74.48,0.37,0
Jawa Timur,31.31,162,193.26,0.5156,0.8818,0.0317,38.64,76.15,21.54,0.11,0
Jawa Tengah,26.07,152,171.52,0.7476,0.7025,0.0346,31.65,71.51,14.59,0.07,0
Banten,30.48,161,189.32,0.3806,0.7559,0.0094,44.24,80.28,20.42,0.1,0
Jawa Barat,26.43,167,158.27,0.8314,0.6781,0.0453,44.45,76.96,16.59,0.08,0
Jawa Timur,14.94,130,114.89,0.6005,0.7566,0.0785,37.99,74.88,9.11,0.05,0
Jawa Timur,24.86,147,169.13,0.8533,0.537,0.0777,34.64,73.48,18.81,0.09,0
Sulawesi Selatan,28.71,151,190.13,0.6122,0.7167,0.0329,27.39,67.28,24.19,0.12,0
Banten,10.75,158,68.05,0.721,0.7987,0.0292,44.06,80.53,8.17,0.04,0
Sumatera Selatan,20.05,174,115.22,0.4299,0.6,0.0404,25.85,63.63,13.73,0.07,1
Bali,10.65,157,67.84,0.8737,0.8314,0.0685,48.77,87.08,7.18,0.04,0
Sulawesi Selatan,16.38,174,94.13,0.7863,0.8287,0.0441,27.66,67.18,12.05,0.06,0
Sumatera Utara,33.51,179,187.22,0.6445,0.6806,0.056,30.98,67.15,21.43,0.11,0
Sumatera Utara,18.77,161,116.6,0.267,0.7375,0.0539,30.77,69.86,8.81,0.04,1
Sulawesi Selatan,21.46,168,127.72,0.3023,0.8535,0.0627,28.95,65.74,16.26,0.08,0
Riau,6.74,140,48.15,0.1188,0.774,0.0572,25.16,65.63,2.1,0.01,1
Jawa Tengah,12.28,158,77.72,0.3998,0.6129,0.0272,29.22,72.7,7.36,0.04,1
Sumatera Utara,14.03,167,84.02,0.6169,0.6609,0.0431,26.48,65.43,7.68,0.04,1
Sumatera Utara,10.71,159,67.34,0.4512,0.6683,0.031,26.08,66.89,8.43,0.04,1
Sumatera Utara,23.69,150,157.92,0.6972,0.6867,0.0587,28.31,66.56,15.5,0.08,0
Riau,23.8,159,149.69,0.8106,0.6038,0.0504,27.51,66.4,21.16,0.11,0
Banten,35.88,162,221.47,0.5598,0.6348,0.0512,47.06,79.03,26.87,0.13,0
Jawa Barat,47.94,168,285.36,0.6353,0.8256,0.0473,43.41,78.29,33.26,0.17,1
Jawa Timur,44.07,146,301.88,0.8035,0.6645,0.0096,35.74,73.46,37.83,0.19,0
Sumatera Selatan,32.07,183,175.23,0.6791,0.5885,0.0512,24.68,62.13,20.37,0.1,0
Sulawesi Selatan,28.53,177,161.2,0.8223,0.5634,0.0147,28.5,66.85,28.05,0.14,0
Riau,23.47,139,168.87,0.3755,0.8026,0.0198,23.76,65.14,13.16,0.07,1
Sumatera Selatan,13.94,153,91.13,0.6368,0.7263,0.0625,22.99,62.73,9.31,0.05,1
Jawa Barat,30.4,181,167.97,0.5698,1.0,0.0323,40.85,80.36,26.31,0.13,0
Sumatera Selatan,18.73,164,114.22,0.4946,0.7369,0.0126,27.49,63.93,13.14,0.07,1
Banten,12.47,150,83.1,0.4516,0.7709,0.0276,44.68,77.67,8.65,0.04,1
Sumatera Selatan,10.34,156,66.31,0.5711,0.7762,0.0549,22.33,64.32,8.27,0.04,0
Riau,8.86,166,53.38,0.5946,0.6438,0.0306,25.46,66.46,5.68,0.03,0
Sumatera Selatan,21.7,168,129.17,0.7041,0.6867,0.0623,24.97,63.18,17.85,0.09,0
Sumatera Selatan,16.7,158,105.71,0.6532,0.8396,0.0582,23.92,64.28,11.74,0.06,0
Riau,16.28,159,102.39,0.7077,0.7182,0.0601,25.57,66.84,14.12,0.07,0
Banten,13.62,159,85.69,0.8574,0.8097,0.0531,45.2,79.22,7.78,0.04,0
Bali,19.54,175,111.65,0.7435,0.7847,0.0146,50.8,83.04,15.98,0.08,0
Sumatera Selatan,14.67,167,87.86,0.5275,0.7922,0.0348,26.12,63.78,9.68,0.05,1
Jawa Barat,25.16,164,153.4,0.5732,0.7041,0.0488,41.05,77.62,17.98,0.09,0
Jawa Tengah,32.11,150,214.04,0.5556,0.5369,0.024,32.95,72.42,21.19,0.11,0
Jawa Tengah,19.19,166,115.62,0.7002,0.6421,0.0502,32.74,70.85,16.1,0.08,0
Jawa Timur,37.73,146,258.45,0.7011,0.6401,0.0613,38.38,76.57,24.67,0.12,0
Sumatera Selatan,17.31,171,101.23,0.7561,0.9381,0.0175,23.72,62.19,16.78,0.08,0
DKI Jakarta,10.29,163,63.15,0.73,0.6585,0.0038,59.51,93.95,8.22,0.04,0
Jawa Tengah,48.62,162,300.11,0.451,0.6886,0.0419,33.92,71.77,35.11,0.18,0
Banten,9.21,152,60.62,0.4567,0.6005,0.0888,44.89,78.1,4.91,0.02,1
Jawa Barat,17.89,160,111.81,0.5307,0.3401,0.039,40.89,79.9,12.21,0.06,0
Jawa Barat,30.06,137,219.41,0.6831,0.7076,0.0146,44.28,80.14,16.99,0.08,0
Banten,44.89,160,280.54,0.6988,0.5348,0.0512,43.29,79.63,32.33,0.16,0
Riau,21.09,156,135.22,0.7423,0.9011,0.0466,28.23,64.49,12.53,0.06,0
Jawa Timur,18.23,164,111.13,0.3031,0.5874,0.0515,34.79,75.12,10.13,0.05,1
Sulawesi Selatan,75.25,166,453.32,0.309,0.6678,0.0838,28.31,67.19,37.68,0.19,1
Banten,38.93,165,235.92,0.569,0.6631,0.0157,42.89,79.77,32.3,0.16,0
Sulawesi Selatan,39.28,153,256.72,0.5637,0.6258,0.0551,27.79,67.43,31.2,0.16,0
Sumatera Utara,33.01,177,186.51,0.6077,0.6101,0.0396,29.54,67.11,19.47,0.1,0
Jawa Timur,32.53,163,199.57,0.6539,0.5513,0.0484,35.95,76.76,20.63,0.1,1
Jawa Barat,25.69,154,166.79,0.2927,0.7529,0.0265,40.45,78.34,14.68,0.07,1
Sumatera Selatan,23.61,172,137.26,0.6912,0.8577,0.0121,23.97,65.42,11.95,0.06,0
Sumatera Utara,9.87,152,64.95,0.5425,0.7597,0.0731,34.04,68.33,6.12,0.03,1
Sulawesi Selatan,13.89,175,79.37,0.5079,0.6886,0.076,28.2,67.31,8.85,0.04,1
Sulawesi Selatan,33.59,162,207.37,0.6825,0.856,0.079,28.11,67.46,23.22,0.12,0
Sumatera Utara,38.47,140,274.79,0.6003,0.7952,0.0253,29.05,67.76,22.81,0.11,0
Jawa Tengah,24.05,150,160.32,0.5772,0.6123,0.0371,30.63,71.97,16.69,0.08,0
Jawa Timur,12.89,147,87.7,0.9733,0.631,0.0645,38.18,75.67,10.41,0.05,0
DKI Jakarta,28.84,178,162.04,0.7218,0.6698,0.037,63.47,92.85,24.42,0.12,0
Jawa Barat,30.33,171,177.36,0.7431,0.4987,0.0264,38.82,77.37,25.64,0.13,0
Banten,10.13,159,63.71,0.6335,0.5995,0.0484,47.71,80.74,7.81,0.04,0
Jawa Barat,57.02,176,323.96,0.6879,0.8019,0.0154,41.5,79.22,43.91,0.22,0
Bali,33.62,147,228.7,0.4983,0.7712,0.0037,47.02,82.61,13.79,0.07,0
Bali,14.72,165,89.21,0.3849,0.901,0.087,49.17,85.13,9.14,0.05,0
Jawa Barat,23.73,169,140.44,0.5949,0.8629,0.0341,40.14,79.61,18.26,0.09,0
Jawa Tengah,18.17,146,124.46,0.5651,0.6939,0.0564,30.78,72.4,12.13,0.06,0
Bali,47.83,166,288.12,0.8105,0.7348,0.0345,48.29,82.52,39.06,0.2,0
Jawa Tengah,14.14,127,111.35,0.8245,0.6017,0.0448,32.86,70.5,13.93,0.07,0
Jawa Tengah,13.38,159,84.18,0.4848,0.8207,0.0411,30.84,72.04,9.85,0.05,0
Sumatera Selatan,20.16,146,138.07,0.4508,0.7324,0.0101,23.13,65.36,11.16,0.06,1
Banten,14.28,159,89.83,0.7768,0.5645,0.028,42.55,79.15,9.82,0.05,0
Bali,37.91,157,241.48,0.5121,0.6758,0.0545,48.16,85.23,25.89,0.13,0
Sumatera Utara,21.78,156,139.65,0.6941,0.7605,0.0466,29.37,67.43,20.65,0.1,0
Jawa Tengah,14.1,167,84.41,0.3801,0.7363,0.0397,33.41,74.14,10.03,0.05,0
Jawa Barat,18.34,178,103.01,0.6922,0.947,0.001,41.45,78.65,14.29,0.07,0
Riau,19.8,170,116.48,0.5196,0.7242,0.0503,23.36,63.94,14.86,0.07,0
Banten,17.87,143,124.99,0.6213,0.8369,0.0309,44.06,78.82,13.47,0.07,0
Banten,11.13,159,70.01,0.9597,0.5768,0.0277,42.47,78.72,11.13,0.06,0
Riau,13.58,160,84.86,0.6311,0.7247,0.0234,23.52,65.54,11.01,0.06,0
Jawa Tengah,26.13,157,166.42,0.5243,0.6409,0.0417,34.52,71.26,18.62,0.09,0
Sulawesi Selatan,46.6,164,284.13,0.8494,0.8361,0.0378,25.9,67.21,32.6,0.16,0
Sumatera Utara,19.23,170,113.11,0.6417,0.6339,0.032,28.54,70.54,10.95,0.05,0
Bali,26.45,174,152.01,0.6724,0.4735,0.067,47.97,83.8,26.45,0.13,0
Sumatera Selatan,77.34,151,512.18,0.7061,0.8071,0.0407,22.87,63.31,53.41,0.27,0
Riau,26.21,160,163.78,0.5238,0.7945,0.0108,27.93,65.07,15.35,0.08,0
DKI Jakarta,9.59,154,62.3,0.7161,0.7066,0.0273,61.5,94.14,7.37,0.04,1
Sumatera Selatan,31.11,161,193.24,0.5876,0.57,0.0443,23.5,63.9,25.07,0.13,1
DKI Jakarta,23.28,144,161.64,0.6502,0.7475,0.0534,61.3,91.56,13.78,0.07,0
Sumatera Selatan,19.97,170,117.47,0.6291,0.7826,0.0201,24.56,63.28,16.16,0.08,0
Sulawesi Selatan,13.21,154,85.81,0.5106,0.7902,0.0202,27.66,67.35,6.71,0.03,0
Sumatera Utara,34.98,158,221.41,0.4517,0.7341,0.0498,27.35,68.41,26.34,0.13,0
Sulawesi Selatan,8.05,166,48.52,0.6302,0.7862,0.0416,26.52,67.56,4.77,0.02,0
Riau,21.1,179,117.89,0.6962,0.7857,0.0474,26.04,65.17,15.92,0.08,0
Sumatera Utara,21.7,178,121.89,0.4175,0.5846,0.0264,27.42,68.55,14.11,0.07,1
Sumatera Utara,17.6,170,103.56,0.502,0.7034,0.0566,30.99,67.54,12.56,0.06,0
Jawa Barat,20.63,150,137.56,0.6258,0.6663,0.0555,40.71,80.96,17.07,0.09,0
DKI Jakarta,13.34,163,81.84,0.8138,0.7004,0.0526,62.9,93.05,11.79,0.06,0
DKI Jakarta,31.38,163,192.53,0.6446,0.7769,0.0308,62.26,95.93,24.94,0.12,0
Bali,120.66,168,718.19,0.593,0.7282,0.0304,48.27,83.01,79.36,0.4,1
Jawa Barat,16.61,175,94.9,0.4579,0.7894,0.0363,42.85,78.28,11.43,0.06,1
Riau,29.22,163,179.27,0.7553,0.7676,0.0047,26.97,65.77,18.41,0.09,0
Jawa Tengah,24.41,155,157.5,0.3929,0.7174,0.0318,34.04,70.98,11.87,0.06,1
Jawa Timur,24.89,154,161.61,0.4628,0.7163,0.0573,37.62,74.2,15.01,0.08,1
Riau,20.83,179,116.39,0.7194,0.7197,0.023,23.68,65.06,10.74,0.05,0
Bali,23.91,163,146.71,0.5519,0.6604,0.0759,49.36,85.57,11.54,0.06,1
Jawa Barat,26.49,163,162.5,0.6057,0.8299,0.0144,41.13,78.7,18.53,0.09,0
Sumatera Utara,36.91,167,220.99,0.6264,0.9338,0.0205,27.63,70.47,28.21,0.14,0
Jawa Barat,33.22,156,212.93,0.7708,0.8131,0.0257,46.69,79.28,22.78,0.11,0
Jawa Tengah,48.49,169,286.9,0.5965,0.7761,0.0509,30.99,71.55,29.01,0.15,0
Sumatera Selatan,18.33,178,102.98,0.6965,0.7558,0.0325,24.16,59.87,16.51,0.08,0
DKI Jakarta,25.98,162,160.4,0.5307,0.8177,0.0149,62.14,92.34,23.17,0.12,0
Jawa Tengah,24.66,182,135.52,0.6615,0.7499,0.0501,33.08,71.78,18.03,0.09,0
Sumatera Utara,36.89,162,227.69,0.8372,0.6891,0.0447,26.88,66.32,32.5,0.16,0
Jawa Tengah,11.74,162,72.45,0.6452,0.8616,0.0241,33.54,71.87,10.82,0.05,0
Jawa Timur,42.74,165,259.01,0.6872,0.866,0.074,35.11,75.67,30.24,0.15,0
Sumatera Utara,25.61,149,171.87,0.5808,0.7659,0.0541,28.83,67.85,21.53,0.11,0
Sulawesi Selatan,41.73,152,274.55,0.7041,0.8804,0.0509,28.13,67.47,35.75,0.18,0
DKI Jakarta,24.14,161,149.93,0.5777,0.6353,0.0275,62.03,96.55,16.6,0.08,0
Sumatera Utara,22.77,170,133.95,0.5983,0.8173,0.0189,28.29,68.28,16.81,0.08,0
Riau,17.61,165,106.7,0.4891,0.8278,0.0683,28.48,65.23,13.51,0.07,0
Banten,20.3,169,120.15,0.7468,0.5554,0.0217,44.97,78.61,17.41,0.09,0
DKI Jakarta,9.75,160,60.94,0.6279,0.7633,0.05,62.66,94.2,6.48,0.03,0
Sumatera Selatan,21.21,157,135.1,0.6921,0.7233,0.0581,24.94,62.53,14.91,0.07,0
Jawa Tengah,18.48,163,113.38,0.9001,0.9017,0.0115,33.26,74.26,11.41,0.06,0
DKI Jakarta,21.6,141,153.2,0.5874,0.5032,0.0354,63.23,94.88,16.03,0.08,0
Banten,16.52,158,104.58,0.792,0.7844,0.0201,43.19,81.5,11.91,0.06,0
Jawa Barat,27.07,155,174.66,0.7332,0.6085,0.0469,44.82,78.85,22.5,0.11,0
Riau,24.23,177,136.89,0.446,0.9465,0.0231,26.38,66.9,11.73,0.06,1
Sumatera Utara,9.23,141,65.49,0.6897,0.7506,0.0218,32.64,67.0,6.8,0.03,0
Jawa Tengah,24.7,165,149.73,0.6245,0.7837,0.0131,36.53,72.4,13.24,0.07,0
Sulawesi Selatan,39.34,176,223.54,0.4573,0.8159,0.038,27.14,66.76,27.93,0.14,1
Bali,33.94,146,232.49,0.4973,0.7748,0.0057,49.06,83.97,22.67,0.11,1
Jawa Timur,18.62,194,96.0,0.8309,0.5544,0.0693,37.35,75.45,15.79,0.08,0
Sulawesi Selatan,12.0,162,74.06,0.7162,0.7196,0.0353,29.3,66.65,11.09,0.06,1
Jawa Timur,39.25,152,258.2,0.7725,0.7759,0.0559,37.0,73.65,31.46,0.16,0
Banten,31.74,176,180.34,0.2566,0.7553,0.0378,45.91,80.98,25.77,0.13,1
Sumatera Utara,15.68,169,92.76,0.4764,0.7897,0.0456,25.76,66.18,11.82,0.06,0
Jawa Tengah,15.55,158,98.45,0.602,0.8353,0.0134,32.29,74.13,11.51,0.06,0
Riau,25.23,170,148.4,0.6493,0.6188,0.0501,25.81,64.42,23.51,0.12,0
Jawa Barat,35.33,155,227.96,0.6527,0.7273,0.0155,40.5,79.28,29.32,0.15,0
Riau,19.24,155,124.11,0.4024,0.6675,0.0665,23.5,66.15,14.6,0.07,1
Sulawesi Selatan,10.28,138,74.52,0.7249,0.8294,0.029,29.23,66.47,8.21,0.04,0
Jawa Timur,10.43,164,63.6,0.6752,0.6512,0.0531,35.14,75.95,7.07,0.04,0
Jawa Barat,16.47,166,99.2,0.6543,0.7719,0.0146,40.49,78.81,12.05,0.06,0
Sumatera Utara,16.34,166,98.42,0.2684,0.6625,0.0541,29.53,68.96,7.39,0.04,1
Jawa Tengah,13.39,154,86.95,0.7008,0.6927,0.0055,35.04,73.55,9.9,0.05,1
Sumatera Selatan,40.02,130,307.88,0.5048,0.7588,0.0072,23.45,64.08,29.95,0.15,0
Jawa Timur,13.02,180,72.32,0.8105,0.8115,0.06,35.24,74.36,11.21,0.06,0
DKI Jakarta,14.48,141,102.67,0.7064,0.5979,0.058,61.18,94.04,9.12,0.05,0
Jawa Tengah,82.62,178,464.13,0.5009,0.6999,0.0301,34.87,71.11,51.73,0.26,1
Bali,16.28,163,99.9,0.4969,0.5663,0.0319,50.46,83.81,10.57,0.05,0
DKI Jakarta,23.66,163,145.13,0.7686,0.7838,0.0365,62.9,94.79,16.9,0.08,0
Bali,47.16,153,308.25,0.583,0.7785,0.0449,49.07,85.23,29.39,0.15,0
Jawa Tengah,22.77,165,138.0,0.4865,0.6121,0.059,31.22,72.8,17.62,0.09,1
Jawa Tengah,26.7,150,177.97,0.5535,0.7836,0.0325,33.9,72.45,17.09,0.09,0
Sumatera Selatan,16.35,154,106.19,0.3911,0.5793,0.008,25.48,63.63,9.46,0.05,1
Sulawesi Selatan,14.94,154,97.02,0.6402,0.6373,0.0375,28.15,67.25,10.08,0.05,0
Jawa Tengah,9.75,137,71.18,0.6282,0.7896,0.0245,33.5,73.72,8.19,0.04,0
Sulawesi Selatan,21.07,160,131.68,0.6471,0.6188,0.0653,26.35,68.6,15.96,0.08,0
Sumatera Selatan,26.4,149,177.21,0.5823,0.8766,0.0317,26.05,63.07,17.4,0.09,0
DKI Jakarta,66.52,161,413.17,0.4261,0.8063,0.0631,60.36,95.55,47.75,0.24,1
Banten,18.83,167,112.76,0.4902,0.8474,0.0385,44.08,79.18,9.58,0.05,1
Jawa Tengah,42.43,155,273.72,0.7917,0.7343,0.0263,33.89,72.24,29.33,0.15,1
DKI Jakarta,34.24,144,237.77,0.6503,0.926,0.0627,64.11,95.27,23.14,0.12,0
Sulawesi Selatan,16.67,162,102.93,0.626,0.8112,0.0237,29.48,66.34,9.39,0.05,1
Bali,26.31,177,148.64,0.8158,0.535,0.0392,50.41,87.17,18.89,0.09,1
Bali,22.43,150,149.52,0.685,0.4931,0.0323,48.25,83.79,17.21,0.09,1
Riau,12.93,166,77.88,0.7453,0.7015,0.023,29.59,64.86,10.43,0.05,1
Sumatera Selatan,22.39,173,129.44,0.5723,0.6858,0.0454,25.93,63.12,20.68,0.1,0
Riau,15.14,154,98.28,0.4797,0.6434,0.0273,25.57,66.29,11.39,0.06,0
DKI Jakarta,21.71,166,130.76,0.5154,0.7757,0.0225,61.97,95.2,10.64,0.05,0
Jawa Barat,22.57,167,135.15,0.9259,0.6014,0.0356,42.64,80.4,19.97,0.1,0
Bali,21.7,152,142.75,0.735,0.8457,0.027,48.0,84.42,21.7,0.11,0
Riau,17.63,161,109.53,0.5166,0.9015,0.031,24.18,65.8,12.83,0.06,0
Jawa Timur,13.84,155,89.26,0.439,0.6106,0.0363,36.92,73.55,10.18,0.05,0
Sumatera Selatan,10.12,151,66.99,0.6442,0.726,0.0509,20.89,61.82,7.77,0.04,0
Sumatera Utara,38.42,162,237.16,0.6296,0.724,0.0298,28.94,68.09,32.96,0.16,0
Sulawesi Selatan,21.3,144,147.93,0.4941,0.7779,0.0131,28.86,68.23,17.14,0.09,0
Banten,41.85,168,249.1,0.514,0.9036,0.0492,43.7,79.74,37.4,0.19,0
Riau,22.34,165,135.42,0.5223,0.7967,0.0269,27.82,66.03,12.06,0.06,0
Sulawesi Selatan,24.05,166,144.85,0.4468,0.9245,0.0459,29.18,67.73,14.56,0.07,0
Banten,21.61,169,127.86,0.738,0.8807,0.061,42.57,79.52,17.54,0.09,0
Sulawesi Selatan,17.23,141,122.18,0.3251,0.7902,0.0379,27.97,70.68,10.67,0.05,1
Bali,25.2,153,164.68,0.5766,0.6935,0.0214,47.92,84.18,18.84,0.09,0
DKI Jakarta,20.16,160,125.99,0.7986,0.81,0.0344,61.92,95.41,15.76,0.08,0
DKI Jakarta,39.73,165,240.8,0.5562,0.8818,0.0234,64.12,92.63,25.37,0.13,0
DKI Jakarta,51.6,170,303.54,0.7942,0.6886,0.0225,63.34,94.35,40.49,0.2,0
Banten,46.36,160,289.74,0.631,0.588,0.0312,43.02,78.99,31.32,0.16,0
Bali,52.99,160,331.21,0.8048,0.8098,0.0143,49.04,86.88,38.85,0.19,0
Sumatera Selatan,11.44,133,86.01,0.4084,0.6304,0.0172,23.17,62.43,7.63,0.04,1
Sumatera Selatan,46.95,171,274.59,0.6751,0.8857,0.0522,23.57,63.06,45.46,0.23,0
Jawa Timur,19.59,128,153.01,0.8037,0.739,0.0415,39.11,74.41,15.68,0.08,0
DKI Jakarta,23.57,153,154.06,0.3741,0.626,0.0448,66.22,93.14,20.74,0.1,0
DKI Jakarta,17.97,173,103.89,0.6701,0.701,0.053,65.07,94.11,16.65,0.08,0
Jawa Barat,20.72,170,121.89,0.4722,0.7675,0.002,41.92,79.04,13.28,0.07,0
Jawa Barat,9.18,160,57.35,0.404,0.812,0.0323,41.78,79.87,5.16,0.03,0
Sulawesi Selatan,27.25,140,194.62,0.3157,0.808,0.0686,29.43,67.11,18.67,0.09,1
Jawa Barat,20.4,154,132.48,0.6401,0.7684,0.0725,41.65,77.89,11.23,0.06,0
Jawa Timur,17.67,155,114.02,0.3959,0.6481,0.0248,34.66,76.94,9.84,0.05,1
Bali,52.05,176,295.71,0.2709,0.6117,0.0208,51.43,86.41,29.56,0.15,1
Jawa Tengah,26.06,177,147.22,0.6334,0.657,0.001,31.42,72.0,19.19,0.1,0
Sumatera Selatan,15.17,160,94.79,0.5652,0.779,0.03,26.11,63.66,8.28,0.04,0
Banten,24.25,167,145.22,0.5481,0.794,0.0498,45.24,81.8,13.96,0.07,0
Sumatera Selatan,61.24,168,364.54,0.2666,0.6463,0.0562,27.09,66.28,33.13,0.17,1
Jawa Timur,21.98,160,137.35,0.5329,0.5199,0.0121,38.09,75.9,19.6,0.1,1
Sulawesi Selatan,33.56,151,222.24,0.7041,0.361,0.0343,27.02,68.7,27.41,0.14,0
Sumatera Selatan,15.57,150,103.82,0.5154,0.4928,0.0276,25.93,63.26,12.76,0.06,0
Jawa Timur,28.84,153,188.48,0.8006,0.7597,0.0166,36.25,73.62,22.03,0.11,0
Riau,25.51,157,162.49,0.7857,0.6282,0.0259,24.63,65.82,11.18,0.06,1
Sumatera Selatan,20.67,141,146.62,0.7913,0.7086,0.0549,21.55,64.75,19.83,0.1,0
Sulawesi Selatan,19.2,166,115.64,0.4305,0.5807,0.0477,27.71,66.9,10.43,0.05,1
Jawa Timur,19.64,154,127.54,0.6446,0.7733,0.0452,34.27,73.17,12.0,0.06,0
Sulawesi Selatan,10.46,163,64.19,0.5037,0.6001,0.0648,30.05,68.51,7.04,0.04,1
Sumatera Selatan,11.95,168,71.13,0.6852,0.7045,0.0358,21.94,60.99,6.94,0.03,0
Banten,10.98,151,72.72,0.6795,0.7053,0.0352,43.53,77.91,7.65,0.04,0
Riau,12.3,167,73.65,0.7579,0.7778,0.0467,25.59,63.44,10.61,0.05,0
Sumatera Utara,19.24,151,127.44,0.6556,0.792,0.018,28.66,65.8,18.19,0.09,0
Sulawesi Selatan,18.24,159,114.75,0.6287,0.7322,0.0547,26.6,69.07,11.95,0.06,0
DKI Jakarta,14.58,163,89.46,0.4663,0.567,0.0503,64.1,94.37,11.51,0.06,0
Sumatera Selatan,46.66,170,274.44,0.6734,0.7525,0.0455,24.54,65.57,37.53,0.19,0
Bali,19.47,152,128.08,0.8274,0.8735,0.024,48.67,85.38,11.15,0.06,0
DKI Jakarta,40.1,173,231.81,0.558,0.8449,0.0517,61.42,96.67,26.0,0.13,0
Sumatera Utara,11.63,155,75.01,0.5627,0.6987,0.0724,29.22,67.43,7.97,0.04,0
Riau,29.31,162,180.92,0.5926,0.7718,0.0487,28.2,65.83,13.71,0.07,0
Bali,39.24,161,243.75,0.5797,0.8267,0.0269,52.74,82.97,29.67,0.15,0
Jawa Barat,32.73,183,178.87,0.625,0.7502,0.0736,40.09,78.27,23.64,0.12,0
Jawa Tengah,17.78,151,117.73,0.5034,0.9538,0.047,33.0,73.82,10.98,0.05,0
Sumatera Utara,22.11,174,127.1,0.7494,0.8511,0.0728,25.54,68.15,18.22,0.09,0
Riau,27.58,159,173.45,0.8544,0.654,0.0189,27.12,65.12,22.87,0.11,0
Jawa Barat,23.15,154,150.33,0.3915,0.7774,0.0247,39.45,78.57,20.42,0.1,0
Bali,40.8,158,258.25,0.7297,0.8319,0.0542,49.11,84.67,35.81,0.18,0
Banten,15.11,161,93.85,0.5072,0.723,0.001,45.95,79.97,9.91,0.05,0
Banten,42.61,177,240.75,0.6034,0.4902,0.0763,43.48,81.4,33.99,0.17,0
Sumatera Selatan,26.8,158,169.6,0.5256,0.4856,0.0641,22.9,62.23,20.49,0.1,0
Sumatera Utara,26.16,162,161.48,0.3005,0.5945,0.0248,30.38,67.95,18.18,0.09,1
Jawa Tengah,18.98,142,133.66,0.7596,0.8217,0.0631,34.27,72.22,13.35,0.07,0
Banten,40.91,161,254.07,0.5173,0.8793,0.0398,42.41,78.72,35.86,0.18,0
Jawa Barat,15.77,164,96.18,0.4395,0.7202,0.034,41.71,78.06,12.61,0.06,1
Bali,14.49,169,85.76,0.7746,0.633,0.0193,47.42,85.42,13.0,0.07,0
Jawa Timur,21.46,145,148.0,0.4332,0.5396,0.0593,38.39,74.41,14.12,0.07,1
Jawa Timur,14.82,141,105.11,0.1379,0.8129,0.0526,36.98,78.73,6.19,0.03,1
Jawa Barat,26.77,158,169.44,0.5068,0.6265,0.0444,43.79,80.56,17.02,0.09,1
Jawa Timur,63.72,158,403.32,0.6375,0.7178,0.0159,35.4,75.61,44.48,0.22,0
Jawa Barat,27.5,181,151.91,0.4464,0.7632,0.0492,41.84,79.29,15.16,0.08,1
DKI Jakarta,25.35,157,161.5,0.5165,0.6465,0.0587,62.38,95.12,21.69,0.11,0
Riau,58.79,174,337.85,0.4931,0.8177,0.074,26.48,66.07,36.92,0.18,0
Jawa Timur,29.29,165,177.5,0.5915,0.7595,0.0362,35.95,75.51,11.71,0.06,1
Sumatera Selatan,38.56,152,253.68,0.6872,0.829,0.0287,20.92,66.4,29.97,0.15,0
Jawa Tengah,18.42,144,127.92,0.5157,0.6704,0.0181,34.22,71.24,8.95,0.04,1
Sumatera Utara,22.58,159,142.03,0.7145,0.8111,0.0412,28.48,67.74,18.05,0.09,0
Jawa Tengah,18.45,174,106.02,0.6258,0.5944,0.0561,31.95,72.19,13.23,0.07,0
Jawa Tengah,29.26,159,184.01,0.7678,0.7154,0.0785,32.45,72.87,28.86,0.14,0
Sulawesi Selatan,27.23,146,186.5,0.7732,0.7583,0.0494,26.15,70.21,22.5,0.11,0
Sumatera Utara,34.34,163,210.65,0.7043,0.838,0.0661,25.61,68.2,19.62,0.1,1
DKI Jakarta,25.6,141,181.56,0.2242,0.7762,0.0424,63.96,94.89,18.15,0.09,1
Sulawesi Selatan,21.53,158,136.26,0.7359,0.8929,0.0538,28.76,68.26,12.53,0.06,0
Bali,31.33,162,193.36,0.4639,0.7727,0.0287,46.67,84.4,22.01,0.11,0
Jawa Timur,46.77,147,318.2,0.4473,0.5128,0.045,40.59,76.89,26.77,0.13,0
Jawa Tengah,23.07,148,155.87,0.538,0.6157,0.0194,31.51,72.61,13.54,0.07,1
Banten,14.09,177,79.58,0.431,0.6193,0.0614,45.17,80.99,12.32,0.06,1
Sumatera Selatan,13.99,152,92.07,0.577,0.7207,0.0821,24.31,62.75,10.25,0.05,0
Banten,25.1,152,165.15,0.4571,0.796,0.043,42.21,79.15,15.58,0.08,1
Jawa Barat,15.96,164,97.32,0.5687,0.7118,0.0311,42.02,78.19,12.76,0.06,0
Jawa Barat,17.22,150,114.82,0.6406,0.4968,0.1174,41.22,78.96,14.06,0.07,0
Sulawesi Selatan,18.47,163,113.34,0.6832,0.4631,0.063,26.94,69.14,15.12,0.08,1
Jawa Tengah,25.6,143,179.01,0.845,0.6553,0.0701,35.18,74.62,18.9,0.09,0
Sumatera Utara,55.35,163,339.58,0.5252,0.8522,0.0479,29.34,68.41,25.47,0.13,0
Riau,12.17,163,74.68,0.5753,0.8261,0.0195,27.18,67.64,9.23,0.05,0
Jawa Barat,36.92,148,249.48,0.5263,0.7289,0.0358,41.18,79.35,25.95,0.13,0
Jawa Barat,38.75,159,243.69,0.3393,0.8084,0.0417,42.03,77.8,34.66,0.17,0
Jawa Timur,27.98,167,167.57,0.5373,0.8361,0.0393,36.76,75.54,11.3,0.06,1
Riau,21.69,164,132.25,0.4184,0.7458,0.0181,26.85,66.32,12.25,0.06,1
Bali,32.53,150,216.86,0.6934,0.664,0.0395,47.24,85.52,29.29,0.15,0
Jawa Timur,24.11,160,150.72,0.6033,0.6998,0.0169,33.24,74.82,14.86,0.07,1
Jawa Tengah,22.46,166,135.29,0.4774,0.7364,0.0132,35.23,71.67,19.33,0.1,0
Jawa Timur,11.29,171,66.02,0.7463,0.8355,0.0243,36.78,75.0,8.92,0.04,0
Sumatera Selatan,32.57,176,185.06,0.8213,0.7045,0.0341,25.16,62.86,23.54,0.12,0
Sumatera Utara,49.2,161,305.62,0.7822,0.7099,0.0354,27.37,68.57,30.73,0.15,0
Riau,11.95,154,77.57,0.5555,0.6673,0.0372,25.76,67.67,8.54,0.04,0
Jawa Tengah,17.65,183,96.43,0.7428,0.6206,0.0759,35.48,71.59,12.74,0.06,0
Riau,18.66,160,116.61,0.7732,0.5638,0.0372,26.65,63.43,12.06,0.06,0
Jawa Timur,19.79,155,127.7,0.3375,0.6554,0.0028,40.11,73.36,11.98,0.06,1
Bali,14.76,142,103.96,0.7213,0.7032,0.0327,50.04,85.48,7.94,0.04,0
Sumatera Utara,47.27,166,284.77,0.6734,0.8879,0.0343,27.4,67.55,41.83,0.21,0
Jawa Barat,70.43,165,426.83,0.6629,0.983,0.001,42.16,78.92,51.69,0.26,0
Riau,29.77,182,163.58,0.7008,0.871,0.0388,28.62,64.55,19.28,0.1,0
DKI Jakarta,17.46,164,106.49,0.5896,0.787,0.0278,62.73,94.02,11.42,0.06,0
Bali,28.71,181,158.61,0.7339,0.6991,0.0369,49.67,84.11,24.52,0.12,0
Banten,13.3,153,86.9,0.5,0.7244,0.043,46.22,78.98,11.01,0.06,1
Bali,21.49,163,131.83,0.7169,0.8302,0.0356,45.18,85.98,15.58,0.08,0
Sulawesi Selatan,27.26,141,193.34,0.6608,0.8489,0.0359,28.95,69.37,17.15,0.09,0
Banten,33.55,164,204.56,0.7113,0.7801,0.0278,46.12,80.57,23.39,0.12,0
Jawa Barat,28.19,145,194.42,0.3885,0.8078,0.0494,40.35,81.05,22.17,0.11,0
DKI Jakarta,18.99,163,116.48,0.4767,0.6927,0.03,63.97,92.62,15.4,0.08,0
Jawa Timur,23.74,152,156.18,0.506,0.7111,0.0508,36.79,75.15,19.36,0.1,0
Jawa Barat,21.68,176,123.19,0.3557,0.8343,0.0161,38.96,78.18,8.67,0.04,0
Sumatera Selatan,34.32,149,230.35,0.5186,0.8364,0.0296,25.49,63.95,22.26,0.11,1
DKI Jakarta,27.83,154,180.69,0.5449,0.7133,0.0477,62.39,92.69,20.58,0.1,0
Sumatera Selatan,52.58,149,352.89,0.7202,0.7391,0.0156,24.19,63.9,35.57,0.18,0
Jawa Barat,29.7,172,172.65,0.4971,1.0,0.0269,42.47,76.87,19.61,0.1,0
Jawa Barat,16.01,164,97.61,0.3592,0.7373,0.0491,40.08,79.5,10.73,0.05,0
DKI Jakarta,13.14,157,83.68,0.5542,0.6532,0.0229,63.56,95.59,10.39,0.05,0
Bali,23.29,147,158.47,0.7079,0.686,0.0622,47.33,83.14,17.87,0.09,0
Sumatera Selatan,8.57,156,54.96,0.7637,0.7285,0.0385,26.57,62.66,5.09,0.03,0
Bali,19.33,161,120.08,0.7509,0.5485,0.0321,50.41,85.93,14.67,0.07,0
Sumatera Utara,19.32,175,110.42,0.442,0.8398,0.0499,30.71,69.87,10.84,0.05,0
Sumatera Utara,15.79,158,99.92,0.7538,0.8361,0.0396,29.1,66.49,13.92,0.07,0
DKI Jakarta,23.84,152,156.84,0.8105,0.6421,0.039,61.76,94.65,19.62,0.1,0
DKI Jakarta,13.24,147,90.1,0.7699,0.7901,0.0345,61.32,94.98,9.86,0.05,0
Riau,11.94,166,71.95,0.7216,0.7287,0.0353,24.93,65.39,10.48,0.05,0
Sumatera Utara,26.63,142,187.52,0.6529,0.7434,0.0173,28.14,69.92,19.32,0.1,0
Bali,19.18,157,122.18,0.5229,0.7238,0.0512,47.67,83.84,16.05,0.08,0
Sumatera Utara,29.24,169,173.01,0.4979,0.6098,0.0263,28.89,67.7,19.8,0.1,0
DKI Jakarta,24.87,156,159.4,0.4526,0.6866,0.058,61.19,93.41,19.56,0.1,1
Riau,29.47,154,191.37,0.6323,0.8815,0.0196,25.17,65.69,17.51,0.09,0
Jawa Barat,24.87,153,162.57,0.758,0.9522,0.0617,40.93,78.28,22.72,0.11,0
Bali,31.86,162,196.66,0.478,0.6647,0.023,47.54,85.55,16.98,0.08,0
Banten,52.5,146,359.57,0.4382,0.6038,0.053,43.59,79.38,31.45,0.16,1
Banten,25.05,145,172.75,0.3434,0.6699,0.0301,44.98,79.6,14.43,0.07,0
DKI Jakarta,29.35,151,194.37,0.3718,0.8094,0.0419,61.07,94.5,15.75,0.08,1
Jawa Timur,23.94,155,154.46,0.7148,0.7189,0.0265,34.99,74.47,18.09,0.09,0
DKI Jakarta,10.1,158,63.91,0.8309,0.7189,0.0226,62.13,95.48,8.7,0.04,0
Jawa Barat,19.41,142,136.7,0.6691,0.655,0.0311,39.79,79.49,12.34,0.06,0
Sumatera Utara,48.9,165,296.39,0.4242,0.6888,0.0511,30.4,69.05,35.32,0.18,0
Banten,30.52,163,187.21,0.5714,0.8124,0.0511,43.05,78.64,22.67,0.11,0
Sumatera Utara,17.82,154,115.72,0.5435,0.9542,0.049,28.47,70.12,9.3,0.05,0
Bali,29.31,166,176.55,0.6494,0.4508,0.043,49.38,82.34,28.33,0.14,0
Bali,15.09,173,87.25,0.5239,0.7142,0.0795,46.81,85.45,11.34,0.06,0
Bali,29.62,142,208.59,0.4819,0.7493,0.022,47.43,84.73,26.89,0.13,0
DKI Jakarta,18.97,164,115.64,0.6183,0.6189,0.0359,61.45,95.07,10.29,0.05,1
DKI Jakarta,24.39,153,159.44,0.6204,0.7199,0.001,63.57,94.01,16.08,0.08,0
Bali,13.36,147,90.88,0.6165,0.5045,0.0466,51.45,84.67,8.75,0.04,0
Bali,25.29,155,163.16,0.8186,0.8204,0.0207,51.48,85.41,17.64,0.09,0
DKI Jakarta,8.54,159,53.72,0.5799,0.732,0.0375,64.31,94.27,6.21,0.03,0
DKI Jakarta,17.56,148,118.65,0.5416,0.6616,0.0238,60.54,94.53,15.97,0.08,0
Jawa Timur,16.27,160,101.69,0.7231,0.6244,0.0351,35.49,75.76,12.35,0.06,0
Sumatera Utara,18.19,176,103.35,0.7462,0.7027,0.0412,30.48,70.9,16.41,0.08,0
DKI Jakarta,6.46,160,40.4,0.4487,0.7785,0.0243,64.69,92.35,4.23,0.02,0
Banten,13.78,131,105.19,0.5995,0.9119,0.0446,45.29,81.42,9.41,0.05,0
Jawa Tengah,23.85,143,166.81,0.6593,0.6358,0.0299,34.41,72.71,19.94,0.1,0
Sulawesi Selatan,16.21,169,95.91,0.5541,0.6992,0.0254,27.26,68.26,11.67,0.06,1
Bali,31.99,173,184.94,0.4772,0.6492,0.0512,51.27,83.04,18.1,0.09,1
Sumatera Utara,32.58,140,232.74,0.6155,0.7235,0.0427,27.3,69.65,26.17,0.13,0
Jawa Barat,23.56,139,169.46,0.7225,0.7721,0.0038,39.08,77.31,18.88,0.09,0
Jawa Tengah,25.56,144,177.49,0.561,0.6679,0.0318,34.4,73.93,21.68,0.11,0
Jawa Tengah,25.56,153,167.08,0.5704,0.6559,0.0188,32.33,71.51,15.11,0.08,1
Bali,34.14,177,192.88,0.428,0.8441,0.0647,46.75,86.33,21.28,0.11,0
Riau,17.56,166,105.78,0.3364,0.8121,0.0237,27.42,64.62,6.43,0.03,1
Jawa Timur,14.39,148,97.24,0.6716,0.5316,0.0259,34.06,74.35,12.76,0.06,1
DKI Jakarta,16.14,164,98.39,0.4982,0.7965,0.0393,63.08,94.15,9.44,0.05,0
Bali,32.53,158,205.91,0.4967,0.6898,0.0482,48.03,83.67,21.77,0.11,0
Riau,17.11,175,97.76,0.5478,0.844,0.0249,28.5,65.18,12.77,0.06,0
Jawa Tengah,19.05,151,126.13,0.7408,0.731,0.0415,33.89,74.19,12.43,0.06,0
Bali,19.29,163,118.33,0.5385,0.6773,0.0437,50.31,83.9,15.53,0.08,0
Sumatera Selatan,29.27,184,159.08,0.6737,0.7993,0.0059,22.67,63.37,17.64,0.09,0
DKI Jakarta,33.86,169,200.37,0.6204,0.7544,0.0476,59.86,96.17,28.25,0.14,0
DKI Jakarta,30.26,151,200.37,0.8953,0.6384,0.0284,61.86,94.55,20.22,0.1,0
DKI Jakarta,10.07,152,66.24,0.7417,0.7115,0.0157,63.32,95.61,8.53,0.04,0
Jawa Tengah,27.22,157,173.38,0.7716,0.8092,0.0739,33.31,72.83,24.29,0.12,0
Banten,22.05,155,142.25,0.4387,0.7477,0.0213,45.83,81.06,12.75,0.06,1
Sulawesi Selatan,25.4,160,158.78,0.5027,0.8747,0.0533,28.72,67.78,14.28,0.07,0
Bali,20.62,167,123.47,0.665,0.5454,0.0477,47.13,85.26,17.87,0.09,0
Sulawesi Selatan,17.03,171,99.58,0.7531,0.7943,0.0058,28.6,70.03,14.34,0.07,0
Sulawesi Selatan,38.93,162,240.33,0.8101,0.8372,0.0237,28.16,67.47,28.29,0.14,1
DKI Jakarta,20.54,156,131.66,0.5845,0.7715,0.0168,64.31,94.77,17.72,0.09,0
Bali,42.45,154,275.63,0.6108,0.8667,0.0562,47.31,83.75,32.68,0.16,0
Sulawesi Selatan,22.91,160,143.21,0.3775,0.6402,0.0539,26.91,69.11,14.18,0.07,1
Riau,23.79,164,145.06,0.6567,0.4428,0.0697,26.7,63.46,18.83,0.09,1
Sulawesi Selatan,15.57,149,104.53,0.7007,0.8899,0.0191,30.02,67.51,10.28,0.05,0
Banten,24.41,169,144.43,0.3193,0.6721,0.0849,43.8,81.07,13.73,0.07,1
Sumatera Selatan,43.47,185,234.98,0.4912,0.896,0.0568,25.19,62.98,36.0,0.18,0
Sumatera Selatan,24.34,178,136.74,0.4296,0.7066,0.0711,24.35,61.01,16.36,0.08,0
Jawa Tengah,28.97,179,161.85,0.5432,0.8179,0.0414,33.14,71.24,17.68,0.09,1
Sumatera Selatan,60.86,176,345.79,0.8184,0.7023,0.033,26.03,62.34,56.86,0.28,0
Banten,14.35,171,83.91,0.3921,0.7801,0.0218,44.26,81.75,7.27,0.04,0
Jawa Barat,14.31,152,94.14,0.6579,0.7751,0.0636,40.84,79.61,8.34,0.04,0
Jawa Barat,26.92,158,170.38,0.6586,0.7603,0.0361,40.75,79.73,20.55,0.1,0
Sumatera Selatan,11.63,170,68.42,0.511,0.5681,0.0364,23.84,61.68,7.97,0.04,1
Bali,30.21,159,190.0,0.6589,0.7869,0.061,47.66,84.56,25.32,0.13,0
Sumatera Selatan,15.71,157,100.09,0.4688,0.5281,0.055,23.94,65.03,11.23,0.06,1
Sulawesi Selatan,21.87,186,117.57,0.4141,0.591,0.0348,27.99,68.93,13.7,0.07,1
Sulawesi Selatan,34.48,152,226.82,0.6827,0.8378,0.0417,28.33,67.25,24.94,0.12,0
Jawa Barat,12.98,158,82.12,0.7934,0.6487,0.0446,40.02,79.6,12.84,0.06,0
Sumatera Selatan,8.52,138,61.72,0.5696,0.5214,0.0403,23.67,61.62,6.39,0.03,0
Jawa Tengah,9.21,156,59.05,0.4719,0.8473,0.0624,32.64,71.13,7.28,0.04,0
Sumatera Selatan,28.54,169,168.86,0.6665,0.7472,0.0494,23.15,60.9,20.78,0.1,0
Banten,36.83,163,225.98,0.5851,0.7987,0.0328,43.23,79.72,22.91,0.11,0
Sulawesi Selatan,14.73,166,88.72,0.759,0.8324,0.0647,29.25,68.62,13.45,0.07,0
Jawa Barat,47.35,186,254.58,0.5037,0.739,0.0269,43.55,77.5,32.63,0.16,0
Jawa Barat,22.78,161,141.48,0.7021,0.846,0.0372,41.03,78.55,12.85,0.06,0
Riau,24.42,164,148.91,0.4525,0.7179,0.0346,25.03,64.45,18.92,0.09,0
Sumatera Utara,32.98,140,235.58,0.8586,0.8164,0.0314,28.28,67.55,27.27,0.14,0
Bali,9.97,150,66.48,0.7645,0.6532,0.033,48.83,83.3,8.35,0.04,0
Bali,35.92,177,202.92,0.2324,0.6597,0.0583,49.74,86.05,16.31,0.08,1
Jawa Tengah,10.77,166,64.89,0.6681,0.8682,0.0406,32.61,71.33,8.99,0.04,0
Riau,11.54,164,70.37,0.7213,0.8067,0.0734,25.29,65.16,8.14,0.04,0
Sumatera Selatan,12.36,165,74.88,0.6564,0.6524,0.0292,27.98,62.53,9.17,0.05,0
Sulawesi Selatan,27.91,143,195.15,0.679,0.7273,0.0275,25.96,68.24,12.1,0.06,1
Jawa Timur,35.01,174,201.18,0.7012,0.8423,0.0135,38.15,78.45,18.72,0.09,0
DKI Jakarta,34.91,155,225.24,0.669,0.7102,0.0134,64.63,97.6,34.91,0.17,0
Jawa Timur,21.26,152,139.89,0.4039,0.7781,0.0242,36.42,75.2,11.83,0.06,0
Jawa Tengah,19.46,164,118.67,0.4485,0.9514,0.0234,33.86,72.66,13.77,0.07,0
DKI Jakarta,31.16,170,183.28,0.5566,0.8071,0.028,59.88,95.41,25.53,0.13,0
Jawa Tengah,21.53,163,132.1,0.4996,0.694,0.0425,33.24,73.67,14.46,0.07,0
Jawa Barat,27.37,174,157.27,0.6031,0.9982,0.0233,43.24,79.42,22.21,0.11,0
DKI Jakarta,24.46,179,136.66,0.8166,0.8949,0.0725,62.58,95.59,15.9,0.08,0
Sumatera Selatan,19.29,140,137.78,0.6543,0.4449,0.0374,24.36,63.66,13.81,0.07,0
Riau,69.29,165,419.93,0.3138,0.7287,0.0556,28.7,64.71,36.27,0.18,0
Jawa Barat,36.55,162,225.6,0.6699,0.7428,0.022,42.73,79.98,19.04,0.1,0
Banten,25.8,143,180.45,0.6803,0.664,0.0317,45.16,80.03,23.32,0.12,0
Bali,17.77,151,117.68,0.6133,0.8026,0.0456,47.48,84.96,16.2,0.08,0
Jawa Tengah,22.92,157,146.0,0.5926,0.8936,0.0479,29.53,70.54,14.99,0.07,0
Jawa Tengah,42.1,179,235.18,0.5222,0.772,0.0572,33.76,71.24,29.22,0.15,1
Sumatera Selatan,24.52,158,155.16,0.6694,0.8026,0.0135,24.31,62.7,18.64,0.09,0
Jawa Timur,18.56,159,116.71,0.4025,0.4965,0.0921,37.94,76.1,15.78,0.08,0
Riau,10.94,161,67.93,0.5614,0.7595,0.0715,26.29,67.62,9.44,0.05,0
Jawa Barat,19.44,164,118.56,0.2705,0.6917,0.044,41.57,79.6,10.82,0.05,0
DKI Jakarta,31.55,157,200.95,0.6518,0.6581,0.0464,62.45,94.04,30.96,0.15,0
Sumatera Utara,12.13,152,79.79,0.2151,0.6949,0.0439,26.74,67.08,7.87,0.04,1
Banten,50.19,164,306.03,0.6799,0.6581,0.0204,41.33,81.36,40.33,0.2,1
Bali,23.41,146,160.31,0.632,0.6959,0.0124,47.37,84.95,23.41,0.12,0
Sumatera Selatan,52.92,179,295.65,0.5996,0.5926,0.0167,22.65,59.32,38.17,0.19,0
Jawa Timur,22.21,163,136.23,0.452,0.6913,0.0141,36.73,76.71,14.41,0.07,1
Jawa Barat,9.6,171,56.14,0.518,0.8677,0.0733,39.05,79.11,6.6,0.03,0
Sumatera Utara,21.03,180,116.81,0.5252,0.7728,0.0299,27.69,65.68,13.37,0.07,1
Sumatera Selatan,15.55,151,103.01,0.6107,0.7274,0.0617,27.19,63.91,10.29,0.05,0
Jawa Timur,15.95,169,94.37,0.6161,0.7806,0.0348,36.69,75.56,10.99,0.05,0
Riau,28.54,159,179.51,0.6659,0.82,0.0372,26.17,63.88,28.54,0.14,0
DKI Jakarta,16.49,179,92.14,0.7867,0.6188,0.0349,62.42,96.71,13.78,0.07,1
Sumatera Selatan,10.76,146,73.71,0.6315,0.8303,0.0281,24.62,63.69,8.98,0.04,0
Bali,16.53,159,103.99,0.8451,0.6819,0.0747,47.91,83.98,12.49,0.06,0
Jawa Tengah,34.18,159,214.94,0.383,0.7294,0.0423,32.95,71.22,17.33,0.09,1
Riau,18.48,150,123.17,0.5987,0.5923,0.0677,25.29,65.23,12.9,0.06,0
Sumatera Selatan,18.35,200,91.76,0.7189,0.7188,0.0443,22.06,62.97,14.0,0.07,0
Jawa Tengah,16.66,145,114.91,0.7075,0.721,0.0681,34.96,72.85,15.63,0.08,0
Jawa Barat,39.79,162,245.59,0.4413,0.958,0.0416,40.18,78.37,27.11,0.14,1
Jawa Timur,28.33,159,178.15,0.8264,0.9554,0.0344,39.2,74.96,21.26,0.11,0
Bali,27.19,149,182.51,0.3162,0.7264,0.0103,47.55,84.75,17.37,0.09,1
Jawa Timur,30.94,175,176.78,0.6949,0.7287,0.0546,34.76,74.94,21.34,0.11,0
Jawa Tengah,10.99,163,67.41,0.7594,0.887,0.0705,36.1,72.02,6.28,0.03,0
Jawa Tengah,21.37,163,131.1,0.6736,0.7082,0.0597,30.98,73.82,12.82,0.06,1
Jawa Tengah,38.11,163,233.77,0.7054,0.7598,0.0313,29.8,71.58,25.72,0.13,0
Sumatera Utara,9.08,163,55.69,0.3016,0.5517,0.0558,26.23,68.05,5.85,0.03,0
Riau,9.44,156,60.5,0.2625,0.8277,0.0186,25.89,64.48,6.29,0.03,0
Jawa Tengah,13.97,165,84.64,0.6495,0.6101,0.0196,31.19,73.43,13.77,0.07,0
Jawa Timur,17.09,175,97.68,0.9666,0.598,0.026,35.96,73.37,10.42,0.05,0
Banten,22.92,162,141.49,0.4487,0.7889,0.0263,41.05,78.8,20.73,0.1,0
Jawa Timur,12.36,160,77.23,0.6797,0.6806,0.0516,38.43,76.26,8.02,0.04,0
Banten,28.77,161,178.72,0.6255,0.8244,0.0564,44.73,79.62,24.98,0.12,0
DKI Jakarta,72.96,159,458.87,0.5099,0.7663,0.0317,60.5,95.26,58.16,0.29,0
Jawa Timur,16.49,156,105.73,0.7455,0.9816,0.0717,33.33,75.17,11.56,0.06,0
Bali,11.59,157,73.81,0.5375,0.6127,0.0297,47.34,83.69,8.49,0.04,1
Banten,18.29,162,112.91,0.7531,0.8059,0.0633,45.08,79.65,16.16,0.08,0
Banten,29.21,160,182.53,0.6607,0.6955,0.0326,45.72,78.25,25.35,0.13,0
Riau,24.53,164,149.58,0.6633,0.61,0.0402,25.75,64.41,21.11,0.11,0
Jawa Timur,32.73,162,202.05,0.5262,0.6362,0.0413,36.05,76.5,19.62,0.1,1
Banten,16.98,140,121.26,0.6304,0.6858,0.0567,43.23,79.49,12.18,0.06,0
Jawa Tengah,28.28,173,163.5,0.882,0.59,0.036,33.66,72.06,22.96,0.11,0
Sumatera Selatan,92.78,167,555.55,0.7366,0.7568,0.0064,25.62,63.25,63.89,0.32,1
Sumatera Utara,19.7,172,114.53,0.6306,0.7968,0.0554,28.19,66.32,13.88,0.07,0
DKI Jakarta,22.23,161,138.09,0.726,0.7088,0.0399,61.84,92.33,17.47,0.09,0
Sumatera Utara,28.39,163,174.17,0.5157,0.6832,0.0748,29.57,68.66,17.35,0.09,0
Jawa Timur,83.94,157,534.62,0.719,0.882,0.0141,39.04,74.91,78.76,0.39,0
DKI Jakarta,38.11,177,215.32,0.4679,0.7809,0.0358,61.97,93.94,28.86,0.14,1
Sumatera Utara,19.01,130,146.26,0.7559,0.869,0.0078,28.53,68.94,17.55,0.09,0
DKI Jakarta,19.15,172,111.36,0.4446,0.6331,0.042,61.27,93.08,5.21,0.03,1
Jawa Barat,40.11,143,280.47,0.6384,0.6929,0.042,41.62,77.92,27.81,0.14,1
Riau,18.9,142,133.13,0.5878,0.7483,0.068,24.71,64.98,14.63,0.07,0
Sumatera Utara,51.03,165,309.26,0.6875,0.7532,0.0497,30.53,68.6,34.48,0.17,0
Jawa Tengah,19.32,158,122.27,0.7433,0.8739,0.0298,34.53,71.67,15.83,0.08,0
Bali,16.53,158,104.6,0.4637,0.4335,0.0418,51.31,83.74,10.03,0.05,0
Sulawesi Selatan,13.05,180,72.51,0.8467,1.0,0.0596,27.06,69.83,10.91,0.05,0
DKI Jakarta,29.15,162,179.92,0.5744,0.2948,0.0048,65.51,94.25,14.35,0.07,1
Jawa Tengah,10.52,166,63.39,0.795,0.6648,0.0508,33.57,72.89,7.57,0.04,0
DKI Jakarta,44.5,167,266.44,0.7987,0.6809,0.0257,62.2,92.03,37.18,0.19,0
Jawa Barat,12.64,173,73.05,0.6903,0.5917,0.0327,43.39,77.05,8.29,0.04,0
Jawa Timur,11.11,176,63.15,0.6185,0.7099,0.0403,35.27,76.1,8.4,0.04,0
DKI Jakarta,22.53,166,135.74,0.6194,0.7207,0.0096,62.45,93.91,17.02,0.09,0
Sulawesi Selatan,40.16,177,226.91,0.6988,0.8111,0.0098,27.67,67.34,28.86,0.14,0
Riau,20.05,153,131.03,0.6718,0.795,0.053,26.73,64.26,17.19,0.09,0
DKI Jakarta,35.47,173,205.05,0.4916,0.6063,0.0315,61.73,95.37,20.02,0.1,1
Jawa Tengah,24.76,152,162.9,0.8482,0.8579,0.0392,32.39,72.89,19.98,0.1,0
Sumatera Selatan,29.68,151,196.58,0.7577,0.5749,0.0445,23.73,63.02,22.97,0.11,1
Jawa Tengah,48.36,152,318.15,0.5342,0.7052,0.0151,32.76,72.39,23.84,0.12,1
Banten,13.44,135,99.59,0.9116,0.5465,0.0251,44.22,79.43,10.63,0.05,0
Jawa Barat,24.14,161,149.96,0.5703,0.7338,0.0221,43.43,77.78,19.42,0.1,0
Bali,10.55,175,60.3,0.6966,0.876,0.001,45.47,83.88,8.28,0.04,0
DKI Jakarta,44.28,156,283.85,0.3912,0.7217,0.036,63.55,95.12,31.55,0.16,1
DKI Jakarta,17.45,148,117.88,0.4497,0.6457,0.0367,61.69,93.73,12.54,0.06,0
Jawa Tengah,24.42,171,142.79,0.5726,0.6282,0.0495,32.93,72.17,18.48,0.09,1
Jawa Timur,21.03,177,118.8,0.3761,0.7142,0.047,35.17,74.88,12.42,0.06,1
Jawa Timur,15.52,154,100.81,0.7264,0.8714,0.0053,36.87,76.53,12.17,0.06,0
Riau,30.83,151,204.16,0.5929,0.6546,0.0057,25.51,64.62,27.02,0.14,0
Riau,30.93,167,185.18,0.7475,0.7176,0.0276,25.76,67.23,18.31,0.09,1
DKI Jakarta,15.8,148,106.75,0.8057,0.6545,0.0442,63.27,93.51,13.83,0.07,0
Jawa Barat,54.9,158,347.46,0.6378,0.6638,0.0296,42.45,77.91,43.72,0.22,0
Jawa Timur,32.73,152,215.33,0.72,0.5289,0.0244,38.93,77.8,23.85,0.12,0
Jawa Timur,56.5,174,324.68,0.2398,0.8722,0.0663,35.91,74.12,27.2,0.14,1
Sumatera Selatan,9.33,150,62.19,0.2952,0.6372,0.0515,25.32,63.06,4.59,0.02,0
Sulawesi Selatan,14.96,145,103.19,0.6659,0.5939,0.0541,28.85,69.01,10.32,0.05,0
Jawa Tengah,33.02,144,229.31,0.5015,0.7958,0.0469,33.33,70.25,15.8,0.08,1
Riau,13.95,175,79.74,0.6628,0.5734,0.0178,28.63,65.71,10.5,0.05,0
Jawa Tengah,18.02,158,114.05,0.3476,0.5332,0.0546,32.24,70.25,11.72,0.06,1
Sulawesi Selatan,14.03,162,86.6,0.4021,0.7445,0.0904,28.13,67.84,9.65,0.05,0
Riau,27.41,161,170.23,0.8066,0.7662,0.0521,26.56,67.84,19.17,0.1,1
DKI Jakarta,18.79,159,118.21,0.739,0.8542,0.038,60.6,91.38,14.95,0.07,0
DKI Jakarta,14.16,162,87.4,0.6889,0.7038,0.0093,64.3,94.11,10.32,0.05,1
Banten,55.18,158,349.25,0.4658,0.8812,0.0249,43.94,79.25,48.08,0.24,0
Banten,29.55,152,194.44,0.4002,0.6389,0.0539,44.76,78.59,14.79,0.07,1
Jawa Tengah,29.63,154,192.38,0.7235,0.5104,0.0529,35.57,70.26,21.64,0.11,0
DKI Jakarta,28.7,186,154.28,0.576,0.7278,0.0193,62.72,95.52,15.56,0.08,0
Sulawesi Selatan,37.53,173,216.92,0.3677,0.6211,0.0496,27.96,68.04,26.37,0.13,1
Riau,27.99,151,185.33,0.4715,0.6614,0.0207,26.2,63.17,13.76,0.07,0
Sulawesi Selatan,10.5,165,63.62,0.5785,0.8275,0.0573,26.39,66.67,5.92,0.03,1
Jawa Tengah,61.16,154,397.11,0.7914,0.7374,0.0522,32.63,71.44,53.72,0.27,0
Sumatera Utara,56.49,156,362.09,0.344,0.7289,0.0596,28.17,66.31,39.11,0.2,1
Riau,20.88,182,114.71,0.519,0.7479,0.0302,26.25,65.51,14.98,0.07,1
Jawa Timur,11.44,167,68.52,0.9254,0.5862,0.0545,38.87,75.71,7.81,0.04,1
Riau,14.54,168,86.54,0.4999,0.8004,0.0423,27.49,65.69,10.73,0.05,0
Sumatera Utara,13.87,158,87.76,0.5757,0.89,0.0479,27.52,70.62,12.9,0.06,0
Bali,28.66,172,166.63,0.7424,0.7513,0.0413,48.66,83.37,12.4,0.06,0
Bali,21.07,179,117.72,0.7076,0.7599,0.0227,50.8,83.93,19.46,0.1,0
Sulawesi Selatan,16.09,150,107.28,0.8197,0.8975,0.0465,25.31,67.17,10.7,0.05,0
Sumatera Utara,29.89,151,197.93,0.8404,0.7553,0.0491,28.06,69.23,26.24,0.13,0
DKI Jakarta,21.25,156,136.25,0.3294,0.728,0.0179,60.44,95.09,10.74,0.05,1
Sumatera Selatan,37.37,158,236.5,0.3472,0.6775,0.0514,27.97,61.74,21.25,0.11,0
Banten,20.24,144,140.58,0.5414,0.6946,0.0504,45.26,81.53,9.35,0.05,1
Riau,62.15,175,355.16,0.3556,0.7163,0.0265,25.36,64.31,35.48,0.18,1
Riau,83.33,172,484.46,0.6786,0.4916,0.0453,26.05,66.42,63.54,0.32,0
DKI Jakarta,25.62,157,163.2,0.8606,0.9124,0.0277,61.17,95.15,22.04,0.11,1
Jawa Barat,20.23,163,124.11,0.7262,0.6817,0.0517,44.49,79.08,12.76,0.06,0
Sumatera Selatan,23.01,164,140.32,0.5622,0.6328,0.0223,20.86,62.7,13.47,0.07,1
Sumatera Utara,42.51,169,251.52,0.5537,0.7212,0.0665,28.89,67.83,24.93,0.12,0
Jawa Tengah,36.62,161,227.47,0.5636,0.8963,0.0654,33.09,72.68,24.28,0.12,0
Bali,9.99,158,63.24,0.5131,0.6955,0.0563,47.16,85.13,5.05,0.03,1
Bali,30.79,160,192.46,0.6514,0.7874,0.079,48.32,85.35,23.18,0.12,0
Jawa Tengah,20.16,168,120.02,0.4659,0.8863,0.0686,30.77,72.95,16.15,0.08,0
Jawa Timur,26.33,158,166.63,0.6167,0.8087,0.0587,39.15,75.81,15.23,0.08,0
Jawa Barat,20.13,139,144.8,0.5787,0.6971,0.0713,41.54,80.3,14.13,0.07,0
Sumatera Utara,20.78,174,119.4,0.6638,0.6954,0.0375,29.77,67.48,11.59,0.06,0
Sumatera Selatan,10.09,146,69.11,0.7005,0.6612,0.0289,23.57,63.15,6.72,0.03,0
Jawa Tengah,12.19,171,71.27,0.5391,0.8147,0.0596,35.22,71.43,8.38,0.04,0
DKI Jakarta,21.75,172,126.42,0.681,0.7219,0.0378,62.45,97.13,13.25,0.07,0
DKI Jakarta,20.46,151,135.51,0.3242,0.7654,0.0584,64.01,95.12,14.38,0.07,1
Jawa Tengah,22.46,160,140.38,0.5654,0.7207,0.0246,34.05,73.32,14.9,0.07,1
Sumatera Selatan,28.62,173,165.45,0.4541,0.7823,0.0268,24.25,63.64,22.11,0.11,0
Jawa Timur,15.43,157,98.31,0.4998,0.688,0.0108,38.3,75.33,9.09,0.05,0
Sumatera Selatan,13.76,179,76.86,0.3537,0.6744,0.0178,30.58,66.3,6.02,0.03,1
Sulawesi Selatan,37.99,157,241.99,0.721,0.8192,0.0469,26.2,69.26,21.73,0.11,1
Sulawesi Selatan,28.74,149,192.89,0.6544,0.8217,0.0118,27.72,67.42,27.35,0.14,0
Jawa Timur,16.29,157,103.77,0.5227,0.6945,0.0202,34.86,75.07,9.15,0.05,0
Sumatera Utara,33.21,146,227.49,0.4247,0.516,0.024,29.02,68.47,19.89,0.1,0
Sumatera Selatan,13.51,149,90.7,0.6154,0.5108,0.0318,24.64,62.45,9.91,0.05,1
Jawa Barat,24.38,150,162.55,0.7746,0.8035,0.0418,44.41,78.18,22.61,0.11,0
Riau,24.37,149,163.58,0.3994,0.7829,0.0792,25.72,63.58,12.58,0.06,1
Jawa Barat,17.25,161,107.15,0.6446,0.6159,0.0559,42.93,75.73,15.17,0.08,0
Sumatera Utara,30.65,164,186.89,0.5649,0.7417,0.0282,25.28,70.57,24.1,0.12,1
Jawa Timur,14.12,176,80.21,0.7829,0.8657,0.0404,37.03,74.79,11.78,0.06,0
Jawa Timur,24.09,168,143.42,0.6772,0.6759,0.0292,35.5,75.04,17.78,0.09,0
Jawa Timur,25.0,174,143.66,0.9046,0.4539,0.0577,37.69,75.48,16.03,0.08,0
Banten,12.88,148,87.05,0.6993,0.8964,0.0512,45.83,80.64,10.17,0.05,0
Banten,32.02,159,201.36,0.395,0.7727,0.0292,43.2,80.73,18.75,0.09,0
Jawa Tengah,41.09,157,261.69,0.6697,0.4673,0.0477,34.01,73.33,29.14,0.15,0
Jawa Tengah,24.57,174,141.23,0.2821,0.7135,0.0491,32.66,72.79,13.61,0.07,1
Banten,23.97,158,151.69,0.8979,0.7896,0.0411,44.17,79.48,17.53,0.09,0
Sulawesi Selatan,22.22,175,126.95,0.5707,0.5178,0.0478,28.52,69.32,18.86,0.09,0
Riau,22.8,164,139.01,0.5852,0.6533,0.0516,24.59,65.19,18.35,0.09,0
DKI Jakarta,17.62,155,113.65,0.7466,0.8119,0.0826,60.9,95.44,10.73,0.05,0
DKI Jakarta,25.99,178,146.01,0.6875,0.6548,0.064,63.7,92.35,19.03,0.1,0
Sumatera Selatan,19.72,154,128.06,0.5498,0.7912,0.0208,23.28,64.66,17.45,0.09,0
Sumatera Utara,54.96,159,345.67,0.5161,0.6541,0.045,30.32,67.13,39.49,0.2,1
Sumatera Utara,20.12,155,129.8,0.5329,0.7499,0.0826,25.74,66.46,13.33,0.07,0
Jawa Timur,16.11,174,92.59,0.7324,0.5667,0.0473,38.2,73.84,12.39,0.06,1
Sumatera Utara,10.04,149,67.35,0.5446,0.6346,0.0769,28.41,68.44,5.3,0.03,0
Sumatera Utara,42.35,174,243.41,0.6127,0.7793,0.0924,28.26,70.94,33.87,0.17,0
Riau,49.37,160,308.55,0.4683,0.8186,0.0214,26.32,65.16,28.73,0.14,0
Sulawesi Selatan,13.7,163,84.06,0.7956,0.8255,0.0386,25.73,67.67,9.34,0.05,0
Sulawesi Selatan,30.75,156,197.11,0.6493,0.8235,0.0415,29.58,68.72,21.33,0.11,1
Bali,30.19,160,188.71,0.5546,0.6959,0.0139,48.05,83.81,19.35,0.1,0
Riau,20.62,142,145.22,0.4862,0.8172,0.0678,24.85,65.22,17.96,0.09,0
Riau,13.07,152,85.96,0.5183,0.7982,0.0469,29.35,64.98,8.91,0.04,0
Jawa Tengah,26.66,143,186.42,0.7362,0.5713,0.007,32.68,74.46,19.72,0.1,0
Bali,48.06,167,287.79,0.7452,0.4678,0.0465,47.4,84.59,43.4,0.22,1
Jawa Tengah,53.47,177,302.11,0.7041,0.554,0.0242,34.42,73.0,47.48,0.24,1
Jawa Barat,27.24,145,187.85,0.543,0.7435,0.0395,41.9,77.75,18.62,0.09,0
Bali,35.51,157,226.18,0.4936,0.783,0.001,50.21,83.13,21.96,0.11,0
Banten,10.56,162,65.17,0.5735,0.6967,0.0363,44.23,80.6,7.53,0.04,0
Banten,28.34,144,196.83,0.7985,0.6455,0.0568,45.53,80.1,21.98,0.11,0
Riau,35.9,181,198.33,0.775,0.8614,0.0316,29.18,66.64,21.23,0.11,0
Sumatera Selatan,18.01,146,123.37,0.5764,0.6136,0.0045,23.16,62.04,15.35,0.08,0
DKI Jakarta,21.49,142,151.33,0.5497,0.8486,0.0388,61.71,94.09,13.29,0.07,0
Jawa Timur,17.29,154,112.28,0.6798,0.6592,0.036,34.4,73.85,11.29,0.06,0
Sumatera Selatan,12.42,172,72.21,0.899,0.8536,0.0714,24.87,62.51,10.77,0.05,0
Sumatera Selatan,32.54,164,198.4,0.4912,0.799,0.0488,24.49,61.37,28.49,0.14,0
Riau,60.08,151,397.85,0.4769,0.8489,0.0354,27.99,65.06,32.53,0.16,0
Banten,14.13,147,96.12,0.7083,0.7608,0.016,44.06,81.37,10.2,0.05,0
Jawa Timur,23.21,154,150.7,0.606,0.7569,0.0391,36.67,74.37,20.52,0.1,1
Banten,12.27,155,79.18,0.6193,0.5823,0.0787,44.39,78.76,9.64,0.05,0
Jawa Barat,26.22,161,162.86,0.4145,0.8952,0.0476,41.15,78.4,14.59,0.07,0
Sulawesi Selatan,16.7,156,107.06,0.471,0.6464,0.0531,28.45,67.58,7.56,0.04,1
Jawa Barat,21.56,159,135.58,0.4989,0.6174,0.001,41.84,79.52,16.19,0.08,0
Banten,41.12,169,243.31,0.6751,0.9365,0.0583,44.91,78.24,30.25,0.15,0
Sumatera Selatan,27.16,161,168.71,0.6176,0.6937,0.0419,23.96,60.1,22.47,0.11,0
Jawa Tengah,22.52,164,137.29,0.8312,0.5073,0.0405,34.03,72.18,22.22,0.11,0
Sulawesi Selatan,14.01,149,94.02,0.6094,0.8689,0.0435,28.83,69.83,10.57,0.05,0
Sumatera Utara,31.43,151,208.13,0.8192,0.6356,0.044,27.91,67.97,22.72,0.11,0
Jawa Barat,13.65,157,86.93,0.6293,0.522,0.0348,41.38,79.08,6.98,0.03,0
DKI Jakarta,49.56,169,293.25,0.4141,0.8194,0.0301,62.14,94.1,30.16,0.15,1
Jawa Timur,22.08,143,154.38,0.6101,0.8096,0.0119,34.96,76.29,14.53,0.07,0
Jawa Tengah,12.0,133,90.24,0.5158,0.6484,0.0326,32.47,71.75,8.8,0.04,0
DKI Jakarta,10.64,144,73.91,0.6639,0.6252,0.0622,63.54,94.11,7.49,0.04,0
Riau,19.31,155,124.56,0.4735,0.9382,0.0288,27.37,67.37,12.73,0.06,1
Sumatera Utara,19.29,157,122.86,0.5692,0.7426,0.0559,28.91,69.57,17.49,0.09,0
DKI Jakarta,29.72,161,184.61,0.8058,0.5437,0.0186,60.88,93.37,28.38,0.14,0
Bali,17.3,191,90.59,0.3452,0.8396,0.0129,50.17,83.7,12.32,0.06,0
Banten,36.48,166,219.75,0.6025,0.8343,0.0314,46.88,79.08,24.66,0.12,0
Sumatera Utara,8.97,174,51.57,0.375,0.6126,0.0585,29.29,66.85,5.57,0.03,0
Sumatera Utara,23.96,157,152.62,0.73,0.75,0.0106,28.4,67.54,23.96,0.12,0
Bali,16.18,156,103.69,0.6256,0.5539,0.0755,47.4,84.35,11.81,0.06,0
Jawa Tengah,25.62,167,153.43,0.3791,0.7152,0.0828,33.18,71.17,17.5,0.09,1
DKI Jakarta,40.74,148,275.3,0.4835,0.8238,0.0541,61.66,94.81,28.24,0.14,0
Jawa Tengah,37.91,162,234.03,0.0973,0.7165,0.0293,32.9,70.09,21.01,0.11,1
Riau,30.18,174,173.44,0.6317,0.8855,0.0305,28.03,63.98,19.77,0.1,0
Riau,42.13,143,294.64,0.3193,0.6729,0.0262,27.42,66.19,36.79,0.18,0
Jawa Timur,49.42,164,301.32,0.5931,0.8599,0.0262,36.29,77.68,32.49,0.16,0
Sulawesi Selatan,51.53,156,330.34,0.6001,0.7828,0.0356,28.03,68.1,40.09,0.2,0
Riau,15.53,142,109.36,0.6974,0.587,0.0034,26.09,64.4,11.9,0.06,1
Jawa Timur,37.63,175,215.01,0.8024,0.7273,0.047,36.15,74.06,24.42,0.12,1
Sulawesi Selatan,32.62,150,217.46,0.365,0.476,0.0174,25.88,67.35,20.83,0.1,0
Jawa Tengah,22.95,156,147.12,0.4325,0.7192,0.0228,34.44,73.62,10.81,0.05,1
DKI Jakarta,42.64,170,250.84,0.6373,0.6601,0.0248,64.17,94.82,29.19,0.15,1
Sulawesi Selatan,24.61,165,149.16,0.6418,0.9125,0.0472,26.99,66.32,14.39,0.07,0
Banten,12.4,166,74.71,0.2979,0.7328,0.0621,43.12,80.23,7.13,0.04,0
Bali,48.78,171,285.27,0.706,0.6963,0.0197,50.06,86.22,33.42,0.17,0
Bali,16.48,151,109.17,0.3853,0.781,0.0641,47.7,85.92,9.66,0.05,1
Sulawesi Selatan,10.92,162,67.39,0.3005,0.573,0.0175,25.82,69.4,8.42,0.04,1
Sumatera Selatan,132.4,156,848.73,0.2951,0.8106,0.0254,23.63,64.06,58.9,0.29,1
DKI Jakarta,13.45,152,88.49,0.793,0.7984,0.0579,64.43,92.66,11.46,0.06,0
Sumatera Utara,32.73,161,203.28,0.5534,0.7477,0.0068,27.61,67.23,30.53,0.15,1
Sulawesi Selatan,13.4,150,89.36,0.5669,0.7596,0.029,26.93,69.89,11.82,0.06,0
Sumatera Selatan,18.6,156,119.24,0.7875,0.9731,0.0214,23.59,62.69,18.6,0.09,0
Bali,18.04,172,104.87,0.7936,0.7042,0.0308,46.97,82.22,16.3,0.08,0
Sumatera Selatan,13.5,147,91.84,0.7713,0.6008,0.0263,22.32,63.83,10.1,0.05,1
Jawa Tengah,37.4,163,229.45,0.5393,0.8176,0.0052,32.81,73.37,36.74,0.18,0
Sumatera Selatan,81.46,163,499.74,0.6294,0.7177,0.0521,22.2,63.0,51.01,0.26,0
Riau,21.89,149,146.93,0.4299,0.8858,0.0469,25.5,66.06,15.61,0.08,0
Sumatera Utara,10.03,150,66.87,0.8537,0.7337,0.0579,28.8,67.21,9.16,0.05,0
Jawa Barat,14.83,165,89.9,0.3537,0.6561,0.0318,42.07,78.04,9.99,0.05,0
Jawa Barat,15.78,160,98.6,0.7026,0.5518,0.0381,41.29,76.43,14.81,0.07,0
Banten,24.66,160,154.11,0.7721,0.5843,0.0579,42.3,78.51,17.61,0.09,0
Jawa Tengah,17.83,149,119.65,0.5453,0.7349,0.0445,32.58,73.82,14.9,0.07,1
Riau,80.5,176,457.41,0.6186,0.7276,0.0581,26.62,61.42,48.42,0.24,0
Jawa Timur,21.36,153,139.63,0.8854,0.7604,0.0567,37.73,74.94,19.52,0.1,0
Jawa Barat,37.33,168,222.19,0.6929,0.6765,0.0409,41.09,77.96,28.07,0.14,0
DKI Jakarta,23.43,174,134.66,0.5681,0.7108,0.0419,61.34,94.91,18.58,0.09,0
Sulawesi Selatan,25.84,180,143.56,0.5392,0.8283,0.0386,28.02,65.24,14.21,0.07,0
Jawa Barat,19.43,158,122.95,0.4157,0.9237,0.0419,40.97,77.68,14.81,0.07,1
Sulawesi Selatan,26.01,178,146.12,0.914,0.8715,0.0291,26.37,67.09,16.19,0.08,0
Sumatera Utara,19.01,165,115.21,0.609,0.893,0.0468,28.86,68.69,6.22,0.03,1
Bali,22.09,148,149.25,0.4799,0.6478,0.0437,48.73,84.49,18.25,0.09,0
Sulawesi Selatan,16.25,145,112.04,0.7119,0.7279,0.0279,26.24,65.81,16.25,0.08,0
Jawa Barat,72.84,146,498.92,0.6585,0.6379,0.0477,40.55,78.19,59.29,0.3,1
Sumatera Utara,25.04,140,178.83,0.4516,0.7695,0.0647,28.12,67.27,14.59,0.07,1
Riau,35.27,179,197.02,0.5124,0.6859,0.0402,23.81,65.96,27.06,0.14,0
Riau,21.7,161,134.77,0.5638,0.6343,0.0414,25.01,65.1,16.07,0.08,0
Bali,11.57,154,75.14,0.6589,0.7999,0.0437,49.65,86.6,7.6,0.04,1
Jawa Barat,13.52,171,79.07,0.5505,0.7008,0.0019,40.77,77.8,7.3,0.04,1
Jawa Barat,23.39,174,134.45,0.5264,0.6531,0.0327,40.3,77.92,22.35,0.11,0
Bali,22.62,171,132.3,0.5779,0.791,0.0863,50.32,83.86,18.13,0.09,0
Riau,28.93,162,178.61,0.3618,0.6894,0.0409,26.62,65.17,16.36,0.08,0
Sulawesi Selatan,24.93,155,160.82,0.545,0.7843,0.022,28.94,68.81,14.17,0.07,1
Jawa Tengah,19.48,167,116.62,0.6634,0.6224,0.0392,32.02,71.57,15.51,0.08,0
DKI Jakarta,115.52,186,621.06,0.8323,0.6815,0.0287,61.97,93.73,110.1,0.55,0
Riau,24.11,138,174.69,0.3921,0.6363,0.0434,26.08,65.83,16.33,0.08,0
Sumatera Selatan,19.63,166,118.23,0.4591,0.652,0.0437,24.64,61.96,15.61,0.08,0
Riau,20.0,164,121.98,0.6419,0.739,0.0387,29.53,66.16,17.67,0.09,0
DKI Jakarta,38.22,180,212.31,0.7779,0.9346,0.0578,62.53,93.75,27.49,0.14,0
Bali,21.78,166,131.2,0.6247,0.5281,0.0158,50.33,83.42,15.19,0.08,1
Jawa Tengah,37.48,156,240.25,0.7503,0.6913,0.0466,36.63,69.89,27.09,0.14,0
Banten,21.62,154,140.38,0.6353,0.4236,0.0609,46.67,78.48,16.54,0.08,0
DKI Jakarta,17.61,145,121.42,0.6179,0.6787,0.0345,62.64,93.95,10.76,0.05,0
Sumatera Selatan,12.97,170,76.28,0.2326,0.7868,0.0562,26.02,62.99,7.56,0.04,0
Bali,42.03,167,251.66,0.7507,0.8699,0.0354,48.89,84.16,29.03,0.15,0
Jawa Barat,14.31,162,88.32,0.3803,0.7439,0.0182,41.44,76.82,12.13,0.06,1
DKI Jakarta,36.01,167,215.61,0.7214,0.5662,0.002,63.66,93.95,29.94,0.15,1
Riau,18.35,167,109.91,0.6088,0.9178,0.0289,27.43,63.54,16.54,0.08,0
Sumatera Utara,39.78,174,228.62,0.8339,0.6038,0.0337,29.16,66.68,33.19,0.17,0
Bali,46.56,162,287.41,0.3583,0.9381,0.0839,48.45,85.8,23.54,0.12,0
Jawa Tengah,15.04,147,102.33,0.6004,0.69,0.0409,32.48,71.94,14.74,0.07,0
Sumatera Selatan,15.84,161,98.38,0.5078,0.5534,0.0287,22.49,63.61,9.26,0.05,0
Bali,71.77,148,484.92,0.674,0.6293,0.0506,48.94,86.18,57.42,0.29,1
Bali,28.12,152,185.02,0.6653,0.6074,0.0322,49.05,84.39,25.09,0.13,0
DKI Jakarta,33.14,156,212.45,0.4728,0.7852,0.0607,63.65,95.31,17.47,0.09,0
Riau,12.48,158,78.97,0.4439,0.7783,0.0708,23.91,65.83,11.17,0.06,1
Jawa Timur,14.1,155,90.97,0.6926,0.9334,0.0432,36.96,74.5,9.44,0.05,0
Sumatera Utara,27.05,166,162.97,0.4229,0.5953,0.0044,28.1,67.99,13.34,0.07,1
Riau,22.65,186,121.76,0.6961,0.5446,0.038,26.01,64.46,21.68,0.11,0
Sulawesi Selatan,15.1,165,91.5,0.3993,0.7992,0.0368,29.77,68.49,12.4,0.06,0
Banten,29.68,176,168.66,0.6377,0.8189,0.0727,46.02,80.96,18.42,0.09,0
Jawa Timur,8.85,129,68.6,0.7948,0.8397,0.0489,38.32,73.72,6.69,0.03,0
Jawa Barat,26.13,153,170.78,0.7895,0.6822,0.0322,41.64,77.51,20.35,0.1,0
Sumatera Selatan,16.09,168,95.79,0.5287,0.6201,0.068,24.02,62.63,10.25,0.05,0
Jawa Timur,30.16,143,210.89,0.3041,0.5793,0.0376,38.61,74.38,17.19,0.09,1
Riau,22.81,148,154.11,0.5495,0.6087,0.0374,28.67,65.08,17.95,0.09,1
Jawa Tengah,31.26,163,191.8,0.7551,0.946,0.03,35.6,72.5,22.49,0.11,0
Bali,51.0,172,296.49,0.673,0.4876,0.0632,49.43,86.0,30.7,0.15,1
Riau,17.56,165,106.4,0.487,0.9839,0.0293,26.16,64.75,12.82,0.06,0
Banten,15.73,170,92.54,0.5286,0.6938,0.053,45.14,79.1,15.51,0.08,0
Sulawesi Selatan,49.47,180,274.86,0.637,0.5267,0.048,29.03,68.21,44.39,0.22,0
Banten,64.17,178,360.5,0.443,0.8565,0.0414,43.5,79.7,47.88,0.24,0
Sumatera Utara,43.07,150,287.13,0.8082,0.8755,0.0583,28.11,66.29,31.13,0.16,0
DKI Jakarta,9.9,180,55.01,0.6699,0.7452,0.0708,66.97,93.12,7.42,0.04,0
Riau,31.1,156,199.37,0.556,0.6137,0.0154,25.5,64.94,26.72,0.13,0
Sulawesi Selatan,15.67,166,94.38,0.8424,0.5255,0.0367,29.18,68.69,12.66,0.06,0
Sumatera Utara,37.05,159,233.0,0.8407,0.7554,0.0351,27.63,69.49,29.62,0.15,0
Jawa Timur,21.35,165,129.41,0.6668,0.923,0.0421,36.61,74.08,17.51,0.09,0
Riau,20.89,168,124.32,0.5807,0.7465,0.0284,24.72,64.43,17.22,0.09,0
Sumatera Utara,18.63,154,121.0,0.543,0.8607,0.0194,27.02,69.19,16.86,0.08,0
Jawa Tengah,17.78,162,109.78,0.2628,0.8086,0.0378,34.13,71.5,10.31,0.05,1
Jawa Barat,11.23,138,81.4,0.6623,0.6729,0.0603,42.25,78.98,10.4,0.05,0
Bali,19.7,162,121.59,0.4586,0.6087,0.036,51.46,84.22,15.09,0.08,0
Riau,27.23,174,156.47,0.8267,0.7495,0.0483,26.14,65.39,16.65,0.08,0
Bali,44.58,138,323.03,0.7483,0.7011,0.0706,48.93,83.96,40.19,0.2,0
Jawa Timur,31.39,165,190.23,0.5829,0.6924,0.0433,36.74,76.69,23.02,0.12,0
Sulawesi Selatan,19.32,152,127.12,0.6708,0.5172,0.0598,26.44,65.89,13.8,0.07,0
Sumatera Utara,17.91,146,122.69,0.6826,0.7051,0.0617,29.28,67.68,11.4,0.06,0
Bali,7.51,166,45.25,0.5953,0.6582,0.0648,48.45,85.68,5.27,0.03,0
Sumatera Selatan,17.92,148,121.05,0.5011,0.6798,0.0816,22.15,62.8,8.92,0.04,0
Sulawesi Selatan,24.45,156,156.71,0.6174,0.6365,0.0375,29.56,67.61,16.81,0.08,1
Riau,18.56,170,109.18,0.5973,0.7737,0.0583,25.24,66.49,11.49,0.06,1
Sumatera Selatan,17.15,151,113.58,0.5982,0.8251,0.0443,24.8,63.6,13.11,0.07,0
DKI Jakarta,8.91,170,52.41,0.6857,0.6775,0.05,62.95,95.16,6.9,0.03,0
Sumatera Utara,12.36,159,77.76,0.5657,0.6497,0.0482,28.72,69.58,9.5,0.05,0
Bali,14.05,160,87.8,0.6466,0.8395,0.0639,47.19,82.71,10.49,0.05,0
Bali,14.21,137,103.74,0.6557,0.8447,0.0299,50.79,83.89,9.29,0.05,0
Sumatera Utara,8.52,191,44.6,0.6871,0.6077,0.0479,27.31,67.15,6.59,0.03,0
Sulawesi Selatan,20.01,150,133.43,0.6221,0.7154,0.0146,24.22,68.12,18.47,0.09,0
Jawa Tengah,23.54,168,140.12,0.6688,0.8322,0.024,34.47,73.28,18.96,0.09,1
Sumatera Selatan,26.35,146,180.49,0.7063,0.3818,0.0285,25.52,60.03,18.39,0.09,1
Jawa Timur,19.14,161,118.88,0.6273,0.3973,0.0518,35.01,73.43,18.82,0.09,0
Jawa Tengah,31.63,141,224.31,0.5883,0.6685,0.0484,33.19,69.54,28.45,0.14,0
Bali,55.02,145,379.48,0.3641,0.6987,0.068,50.32,83.39,29.99,0.15,0
Bali,12.9,167,77.22,0.38,0.5655,0.0597,50.82,84.46,8.47,0.04,1
Sulawesi Selatan,15.17,184,82.47,0.7549,0.5005,0.0397,28.82,69.65,11.83,0.06,0
Banten,26.9,155,173.57,0.7851,0.83,0.1002,45.34,78.13,19.44,0.1,0
Bali,31.04,157,197.71,0.4468,0.6436,0.0438,49.78,87.27,20.15,0.1,0
Sumatera Selatan,12.44,149,83.48,0.7647,0.6848,0.012,24.09,63.62,11.42,0.06,0
Bali,58.21,162,359.32,0.6044,0.7948,0.0147,47.07,85.07,33.44,0.17,1
Jawa Timur,13.16,140,94.02,0.5629,0.6517,0.0539,36.41,76.15,6.75,0.03,0
Banten,19.09,147,129.88,0.7753,0.7429,0.0087,45.79,78.0,18.25,0.09,1
Sumatera Selatan,35.49,172,206.36,0.6392,0.7138,0.0436,25.97,62.28,29.77,0.15,0
Banten,51.55,165,312.45,0.5111,0.8122,0.0333,44.41,78.46,37.49,0.19,0
Sulawesi Selatan,14.97,163,91.86,0.8421,0.7367,0.0782,27.4,68.46,9.94,0.05,0
Bali,36.9,172,214.54,0.7502,1.0,0.0167,51.3,83.3,33.18,0.17,0
DKI Jakarta,22.2,160,138.76,0.5485,0.5563,0.0599,62.59,93.83,11.56,0.06,1
Jawa Timur,14.32,190,75.37,0.8386,0.8075,0.033,37.76,74.48,8.81,0.04,0
Sumatera Utara,15.39,141,109.14,0.6814,0.8297,0.0312,26.59,69.79,12.64,0.06,0
Sumatera Selatan,13.02,155,83.98,0.6975,0.9054,0.0705,24.22,62.25,11.65,0.06,0
Sumatera Utara,32.86,158,207.97,0.4621,0.7512,0.0297,30.03,66.76,17.94,0.09,0
Riau,11.35,148,76.71,0.5273,0.5916,0.022,24.05,65.86,7.88,0.04,1
Sumatera Utara,29.07,159,182.82,0.5435,0.5399,0.0306,28.34,68.0,16.93,0.08,1
Jawa Barat,17.29,119,145.33,0.6187,0.912,0.0198,42.11,80.16,10.55,0.05,0
Jawa Timur,26.67,154,173.21,0.8403,0.9762,0.0094,38.94,75.65,22.2,0.11,0
Jawa Timur,22.79,156,146.08,0.5953,0.9454,0.0244,38.26,75.61,15.25,0.08,0
Jawa Timur,15.35,159,96.54,0.6006,0.7788,0.0078,39.34,76.33,9.75,0.05,0
Jawa Tengah,29.25,165,177.28,0.4911,0.8337,0.0227,34.45,72.53,15.21,0.08,1
Sulawesi Selatan,24.15,155,155.83,0.651,0.6779,0.0222,29.23,68.63,16.28,0.08,0
Jawa Barat,19.01,167,113.86,0.8395,0.3913,0.045,40.07,79.33,13.44,0.07,0
Jawa Timur,87.64,149,588.18,0.5519,0.7823,0.0141,35.32,74.89,57.12,0.29,0
Banten,15.22,180,84.56,0.4549,0.7769,0.0519,46.62,78.24,9.39,0.05,0
Riau,27.03,143,189.05,0.3778,0.7874,0.001,25.42,65.07,16.43,0.08,0
Jawa Barat,32.45,164,197.87,0.699,0.7563,0.0214,40.69,76.07,25.88,0.13,0
Sumatera Selatan,20.56,162,126.9,0.5532,0.6859,0.0357,20.84,62.1,7.18,0.04,0
DKI Jakarta,28.81,174,165.6,0.5758,0.8296,0.0319,63.99,93.61,19.91,0.1,1
DKI Jakarta,26.96,147,183.37,0.5042,0.7145,0.0411,60.72,95.64,20.98,0.1,0
Jawa Tengah,26.07,185,140.94,0.418,0.7185,0.0131,31.97,71.8,11.6,0.06,0
Jawa Tengah,17.42,156,111.68,0.7673,0.7265,0.078,34.84,74.09,13.72,0.07,0
Riau,24.59,175,140.51,0.8992,0.5481,0.0724,22.79,65.85,19.13,0.1,0
Bali,17.92,164,109.26,0.5662,0.8192,0.001,50.74,82.43,14.13,0.07,0
Bali,47.56,158,301.02,0.6482,0.6439,0.052,47.46,85.76,33.97,0.17,0
Jawa Barat,30.35,132,229.95,0.5059,0.7537,0.0329,41.28,79.73,19.15,0.1,0
Banten,22.63,149,151.88,0.73,0.8829,0.0375,42.94,77.67,18.73,0.09,0
Jawa Barat,16.51,161,102.57,0.6435,0.7098,0.0379,39.51,79.35,13.29,0.07,0
Riau,17.28,138,125.21,0.6097,0.7324,0.024,24.96,67.02,11.25,0.06,0
Jawa Tengah,18.16,165,110.08,0.355,0.5956,0.0376,31.96,69.41,11.8,0.06,1
Riau,22.56,162,139.26,0.5802,0.649,0.0705,24.25,63.99,12.55,0.06,0
Sumatera Selatan,11.4,160,71.24,0.5187,0.5662,0.0764,26.61,64.12,9.04,0.05,0
Riau,16.76,150,111.72,0.7245,0.8597,0.0375,24.65,65.07,16.29,0.08,0
DKI Jakarta,14.04,160,87.72,0.5532,0.7184,0.0074,59.57,95.86,9.4,0.05,0
Sulawesi Selatan,15.46,148,104.49,0.7045,0.7019,0.0348,24.8,68.83,10.96,0.05,0
Banten,59.75,154,387.97,0.5314,0.9197,0.0337,44.75,80.69,39.7,0.2,0
Riau,19.47,156,124.79,0.7515,0.746,0.0686,23.5,66.7,19.29,0.1,0
Riau,22.23,138,161.07,0.2112,0.6717,0.0157,25.83,64.32,10.24,0.05,1
Sumatera Utara,19.37,148,130.89,0.8604,0.8752,0.0022,31.35,67.73,15.67,0.08,0
Sulawesi Selatan,33.48,166,201.68,0.687,0.6712,0.0257,28.17,70.04,25.28,0.13,1
Bali,19.22,159,120.91,0.7922,0.6498,0.0529,49.19,83.98,12.43,0.06,1
Riau,17.38,155,112.15,0.5602,0.6965,0.021,25.31,66.61,12.47,0.06,1
Riau,16.01,152,105.35,0.6078,0.7096,0.0347,26.08,65.06,11.38,0.06,0
Jawa Timur,19.0,185,102.7,0.5133,0.7048,0.0546,36.48,74.38,14.2,0.07,0
Banten,47.0,145,324.12,0.5577,0.6745,0.0088,44.56,78.52,31.48,0.16,0
DKI Jakarta,29.14,164,177.67,0.7401,0.5609,0.0375,64.89,94.76,21.54,0.11,1
Sumatera Selatan,17.75,163,108.88,0.67,0.5469,0.0444,23.66,64.57,11.21,0.06,0
Jawa Barat,37.96,168,225.94,0.5798,0.6673,0.0525,40.32,79.09,25.99,0.13,0
Jawa Tengah,46.45,174,266.98,0.5514,0.6673,0.0313,33.09,72.31,26.48,0.13,1
Sumatera Utara,14.48,139,104.16,0.7288,0.493,0.0704,29.84,66.72,12.84,0.06,0
Riau,18.78,148,126.87,0.5523,0.9271,0.0298,25.59,65.3,13.17,0.07,0
DKI Jakarta,27.51,187,147.1,0.7518,0.8406,0.0558,62.8,94.32,20.68,0.1,0
Sumatera Selatan,16.35,161,101.54,0.4243,0.9022,0.0621,25.07,61.95,7.45,0.04,1
Jawa Barat,16.6,144,115.28,0.5999,0.752,0.001,44.73,79.02,13.22,0.07,0
Riau,20.3,176,115.33,0.3186,0.5885,0.0704,27.48,64.48,15.76,0.08,0
Sumatera Selatan,21.93,161,136.23,0.7948,0.6173,0.0178,22.99,62.53,17.82,0.09,0
Jawa Barat,121.97,155,786.91,0.7986,0.8599,0.0308,38.21,79.43,97.02,0.49,0
Jawa Timur,15.21,159,95.69,0.4767,0.7363,0.0614,37.03,77.22,11.06,0.06,0
Sumatera Utara,11.59,154,75.26,0.4566,0.4673,0.0309,27.34,69.92,8.89,0.04,1
Sumatera Utara,37.27,153,243.57,0.5956,0.8605,0.0379,27.67,67.93,20.4,0.1,1
Bali,27.15,169,160.64,0.7672,0.7104,0.0581,47.21,85.06,15.97,0.08,0
Sulawesi Selatan,25.21,200,126.06,0.6492,0.5394,0.043,27.14,68.47,20.56,0.1,1
Banten,39.21,171,229.27,0.4248,0.7377,0.0195,43.31,80.46,30.32,0.15,0
Sumatera Utara,11.75,141,83.31,0.5913,0.8457,0.0635,28.23,68.26,8.52,0.04,0
Sulawesi Selatan,27.14,158,171.77,0.5787,0.5531,0.0465,26.89,69.26,16.55,0.08,1
Riau,24.44,183,133.54,0.6368,0.793,0.0083,25.02,64.57,16.16,0.08,0
DKI Jakarta,24.15,162,149.05,0.72,0.8808,0.0372,63.2,92.74,18.64,0.09,0
Jawa Timur,24.18,161,150.22,0.7446,0.7165,0.0463,36.8,75.73,15.41,0.08,0
Riau,85.26,160,532.91,0.605,0.8283,0.0316,26.11,64.93,74.67,0.37,0
Sulawesi Selatan,17.11,149,114.83,0.5345,0.8376,0.007,27.83,70.01,13.76,0.07,0
Jawa Tengah,15.92,162,98.27,0.4459,0.635,0.0119,31.86,71.45,10.27,0.05,1
Jawa Tengah,28.7,149,192.6,0.4642,0.8075,0.0262,35.36,73.25,18.37,0.09,0
Riau,41.63,167,249.31,0.4558,0.5915,0.0468,29.15,65.88,30.25,0.15,0
Jawa Barat,12.64,160,79.01,0.6813,0.6709,0.0628,43.36,76.83,7.7,0.04,0
Sulawesi Selatan,24.64,138,178.57,0.6352,0.6333,0.0115,25.25,68.42,23.14,0.12,0
Sulawesi Selatan,13.82,162,85.33,0.5072,0.6531,0.0279,26.91,66.93,10.53,0.05,0
Sumatera Utara,13.18,167,78.91,0.5741,0.7845,0.001,29.46,70.99,13.18,0.07,0
Jawa Timur,20.62,157,131.36,0.5634,0.784,0.0388,35.67,74.36,14.45,0.07,0
Banten,16.31,153,106.61,0.3803,0.7407,0.0697,43.05,78.6,12.97,0.06,0
Sumatera Utara,12.48,154,81.06,0.8417,0.6866,0.06,26.34,65.49,10.42,0.05,1
Bali,15.86,162,97.92,0.8062,0.5332,0.0341,48.16,83.49,12.45,0.06,0
Sumatera Selatan,19.03,167,113.96,0.8712,0.6705,0.0328,23.07,63.88,16.31,0.08,1
Banten,34.43,171,201.33,0.5694,0.7224,0.0322,40.51,78.47,24.52,0.12,0
Riau,14.23,154,92.42,0.6619,0.8206,0.0335,27.83,65.93,9.97,0.05,0
Sumatera Utara,23.85,157,151.9,0.793,0.8035,0.0399,29.03,68.42,14.19,0.07,0
Jawa Barat,11.21,172,65.19,0.4977,0.3377,0.0322,39.5,77.34,8.66,0.04,1
Jawa Timur,20.38,155,131.51,0.2634,0.7657,0.0393,38.1,75.17,11.46,0.06,0
Jawa Tengah,29.71,139,213.75,0.7603,0.8859,0.0169,33.39,70.88,25.24,0.13,0
Sumatera Utara,18.71,161,116.2,0.356,0.722,0.0484,30.14,69.14,12.15,0.06,1
Sulawesi Selatan,33.68,175,192.46,0.5863,0.5383,0.0518,29.0,65.52,23.44,0.12,0
Sumatera Selatan,10.28,162,63.45,0.402,0.7873,0.0891,23.14,63.9,5.05,0.03,0
Riau,12.91,148,87.2,0.4259,0.6863,0.0494,27.1,64.44,7.02,0.04,0
Sumatera Utara,28.31,145,195.23,0.564,0.8136,0.0364,29.47,68.25,16.95,0.08,1
Jawa Timur,34.83,172,202.48,0.5203,0.7142,0.0716,38.38,75.87,27.49,0.14,0
Jawa Tengah,60.07,151,397.82,0.7535,0.5664,0.0676,34.7,72.18,38.21,0.19,1
Sulawesi Selatan,31.36,149,210.49,0.5402,0.8533,0.0252,31.02,70.19,28.1,0.14,0
DKI Jakarta,44.58,166,268.55,0.649,0.8351,0.0744,63.83,93.61,36.78,0.18,1
Sulawesi Selatan,17.36,186,93.35,0.4457,0.6072,0.0464,26.72,66.07,10.77,0.05,0
Jawa Tengah,23.24,159,146.14,0.624,0.733,0.0117,33.47,74.62,15.99,0.08,0
Bali,10.23,131,78.1,0.4434,0.5575,0.0252,47.13,84.86,6.1,0.03,1
Bali,44.14,171,258.12,0.6347,0.5299,0.0273,50.51,84.6,35.23,0.18,0
Sulawesi Selatan,17.92,141,127.09,0.6493,0.6767,0.0695,26.62,70.4,13.7,0.07,0
Sulawesi Selatan,32.45,173,187.56,0.5003,0.7142,0.0434,31.25,66.15,17.78,0.09,0
Sumatera Utara,8.79,158,55.61,0.6117,0.6597,0.0419,27.96,68.02,6.45,0.03,0
Sumatera Utara,8.86,171,51.81,0.6461,0.6938,0.0387,28.33,66.82,8.67,0.04,0
DKI Jakarta,57.35,153,374.82,0.3952,0.795,0.0795,61.7,93.99,40.19,0.2,0
Bali,141.82,143,991.74,0.8861,0.7434,0.0357,47.62,82.7,87.96,0.44,0
Sumatera Utara,27.5,157,175.19,0.2954,0.701,0.0316,27.6,68.23,18.14,0.09,1
DKI Jakarta,55.89,168,332.7,0.9407,0.6133,0.0636,62.75,94.14,43.04,0.22,1
Jawa Timur,17.64,171,103.14,0.5755,0.6816,0.0432,36.83,75.28,11.8,0.06,0
Bali,12.64,175,72.22,0.6071,0.7264,0.0681,48.06,81.7,8.08,0.04,0
Jawa Timur,59.53,169,352.25,0.777,0.8983,0.0316,37.26,76.25,37.86,0.19,1
Jawa Tengah,22.76,166,137.1,0.4011,0.7316,0.0435,32.39,71.75,15.01,0.08,0
Jawa Tengah,21.25,161,131.97,0.8065,0.794,0.0758,33.19,75.18,16.68,0.08,0
Jawa Barat,55.35,156,354.82,0.5893,0.6187,0.03,44.15,77.97,42.9,0.21,1
Sumatera Utara,20.54,166,123.76,0.6138,0.7445,0.0594,27.54,67.37,14.04,0.07,0
Jawa Tengah,12.99,153,84.93,0.5401,0.4335,0.009,32.74,72.23,8.64,0.04,1
Sumatera Utara,12.93,166,77.87,0.6562,0.6384,0.0547,26.67,66.65,8.73,0.04,0
Banten,22.67,155,146.23,0.5253,0.733,0.0269,43.59,81.2,14.46,0.07,0
Riau,33.82,147,230.07,0.5606,0.7281,0.0576,26.66,64.21,24.85,0.12,1
Sumatera Utara,19.72,155,127.23,0.4529,0.8454,0.0174,27.61,67.14,14.9,0.07,0
DKI Jakarta,25.63,185,138.54,0.6912,0.8719,0.0603,60.7,95.15,21.53,0.11,0
DKI Jakarta,16.8,166,101.19,0.4752,0.7595,0.0385,62.94,94.45,9.91,0.05,0
Jawa Timur,21.22,186,114.09,0.3704,0.7529,0.0479,37.5,75.63,13.75,0.07,1
Jawa Timur,51.21,152,336.91,0.512,0.7108,0.0422,37.72,73.77,48.93,0.24,1
Banten,24.5,179,136.86,0.4505,0.6708,0.0376,42.24,80.97,16.99,0.08,0
Sumatera Selatan,17.63,174,101.32,0.7322,0.545,0.0265,26.36,61.86,11.23,0.06,0
Sulawesi Selatan,58.21,166,350.68,0.3854,0.7202,0.0204,27.17,65.73,35.29,0.18,1
Sumatera Selatan,20.29,159,127.58,0.5805,0.7183,0.0536,22.79,63.54,18.94,0.09,0
Jawa Timur,23.49,175,134.23,0.4871,0.6191,0.0169,38.34,75.14,16.62,0.08,0
Jawa Tengah,22.05,171,128.97,0.6121,0.5535,0.0365,35.2,71.81,16.02,0.08,0
Jawa Timur,10.67,151,70.67,0.5997,0.5482,0.0194,36.33,76.2,7.9,0.04,1
Jawa Tengah,18.21,153,119.04,0.5081,0.7086,0.0327,31.95,71.72,12.53,0.06,0
Sumatera Utara,26.55,164,161.86,0.5846,0.7025,0.0019,29.06,66.1,17.51,0.09,0
Riau,19.91,168,118.53,0.373,0.815,0.0632,24.1,64.99,9.09,0.05,1
Jawa Tengah,40.79,168,242.8,0.6109,0.7324,0.054,37.03,72.45,27.27,0.14,0
Riau,14.41,158,91.2,0.6633,0.8205,0.0386,24.55,65.61,10.84,0.05,0
Jawa Timur,28.9,172,168.01,0.6131,0.7108,0.0432,37.33,75.19,23.17,0.12,0
Banten,17.23,152,113.35,0.545,0.825,0.0632,43.86,82.69,10.7,0.05,0
Jawa Tengah,34.51,146,236.34,0.4687,0.6682,0.0289,31.82,74.09,21.11,0.11,0
Sumatera Utara,48.69,149,326.79,0.6986,0.731,0.0658,27.0,66.76,32.72,0.16,1
DKI Jakarta,43.57,158,275.77,0.6668,0.7392,0.0255,64.09,92.56,33.89,0.17,0
Banten,26.4,175,150.88,0.3347,0.7223,0.0389,44.65,81.39,17.38,0.09,1
Banten,23.31,163,142.99,0.7033,0.9218,0.0118,43.06,81.08,17.07,0.09,0
Banten,20.88,151,138.29,0.7303,0.551,0.0672,43.26,81.58,15.41,0.08,0
Sulawesi Selatan,12.34,140,88.15,0.7021,0.5998,0.0339,26.68,67.27,9.03,0.05,0
Sumatera Selatan,37.07,160,231.66,0.3386,0.5457,0.0464,25.62,62.91,24.82,0.12,1
Sumatera Utara,9.5,162,58.65,0.7127,0.9961,0.0243,29.78,66.07,7.22,0.04,0
Bali,20.01,167,119.85,0.6251,0.782,0.0355,49.49,84.67,14.12,0.07,0
Riau,57.14,167,342.15,0.6567,0.7493,0.0195,26.48,64.63,43.89,0.22,0
Riau,11.86,169,70.18,0.6427,0.6908,0.0227,27.04,64.46,10.3,0.05,1
Banten,28.93,156,185.42,0.609,0.6669,0.007,41.63,80.91,17.47,0.09,0
Jawa Tengah,32.64,152,214.71,0.6731,0.6432,0.0343,33.61,71.91,26.78,0.13,0
Jawa Tengah,17.11,155,110.37,0.4356,0.8046,0.0253,34.8,73.09,12.7,0.06,0
Sulawesi Selatan,13.47,151,89.18,0.4254,0.7269,0.0836,28.25,67.67,10.53,0.05,1
Riau,10.39,151,68.79,0.4928,0.7253,0.0169,26.18,66.06,7.29,0.04,0
DKI Jakarta,17.8,154,115.55,0.4303,0.7647,0.0254,61.45,92.62,10.0,0.05,0
Jawa Tengah,13.89,139,99.92,0.4404,0.6567,0.0544,32.35,70.92,5.61,0.03,1
Sulawesi Selatan,11.54,153,75.42,0.6506,0.7476,0.0192,27.12,68.34,6.9,0.03,0
Jawa Tengah,36.39,150,242.57,0.7184,0.7813,0.0362,33.53,74.13,30.26,0.15,0
Sumatera Utara,16.85,175,96.31,0.6516,0.722,0.0532,27.67,68.76,9.53,0.05,0
Jawa Timur,31.39,172,182.52,0.7868,0.9496,0.0517,34.06,75.42,31.07,0.16,0
Sumatera Selatan,14.92,155,96.26,0.4599,0.7743,0.0396,25.5,64.9,10.17,0.05,0
Bali,31.01,163,190.22,0.7305,0.6968,0.0367,49.48,84.24,17.17,0.09,0
Banten,25.24,157,160.77,0.6612,0.7905,0.0579,44.63,78.84,20.68,0.1,0
DKI Jakarta,40.97,165,248.29,0.686,0.7201,0.0629,60.99,94.21,28.78,0.14,1
Jawa Timur,11.64,164,70.99,0.5754,0.7819,0.0399,36.06,75.85,7.05,0.04,0
DKI Jakarta,15.52,154,100.79,0.6063,0.9492,0.0488,63.18,92.68,10.69,0.05,0
Jawa Tengah,36.19,155,233.5,0.5829,0.5559,0.0281,33.24,72.25,21.15,0.11,1
Jawa Timur,15.72,148,106.22,0.3807,0.8174,0.0613,35.75,73.33,7.49,0.04,1
Jawa Barat,18.22,152,119.84,0.4831,0.7732,0.0539,43.45,78.24,15.44,0.08,1
DKI Jakarta,34.46,180,191.43,0.6517,0.8033,0.032,61.13,94.01,30.75,0.15,0
Jawa Timur,21.92,175,125.25,0.8341,0.7331,0.0279,32.32,75.36,17.39,0.09,0
DKI Jakarta,23.43,153,153.12,0.7694,0.7848,0.0745,62.53,91.85,19.91,0.1,0
Jawa Tengah,21.16,155,136.53,0.4289,0.5798,0.0283,33.39,72.22,11.41,0.06,1
Jawa Barat,16.47,134,122.93,0.6541,0.7448,0.0342,41.59,79.65,12.77,0.06,0
Sumatera Utara,13.72,177,77.49,0.737,0.7365,0.0134,29.0,69.89,13.72,0.07,0
Sumatera Selatan,18.15,157,115.62,0.5603,0.8807,0.0589,23.46,64.84,13.02,0.07,0
Bali,29.79,156,190.94,0.6711,0.8014,0.0281,50.24,84.53,25.61,0.13,0
Riau,18.23,147,124.03,0.6123,0.7129,0.0389,24.05,68.37,11.71,0.06,0
DKI Jakarta,29.23,157,186.17,0.6984,0.9172,0.0371,62.37,93.29,21.62,0.11,0
DKI Jakarta,18.66,151,123.56,0.352,0.8059,0.0859,61.46,93.33,11.29,0.06,0
Sumatera Selatan,31.15,168,185.4,0.5128,0.7158,0.0744,25.81,63.12,22.07,0.11,1
Sumatera Selatan,16.82,156,107.84,0.4147,0.7884,0.0452,23.11,64.09,9.81,0.05,0
Jawa Tengah,12.52,148,84.58,0.7336,0.8485,0.0258,33.31,72.87,11.43,0.06,0
Sulawesi Selatan,34.93,154,226.82,0.276,0.6533,0.0414,28.03,64.96,24.14,0.12,1
Riau,15.31,176,87.02,0.9876,0.7745,0.0375,26.39,64.24,15.31,0.08,0
Banten,19.06,183,104.13,0.8965,0.743,0.0707,43.01,80.72,14.56,0.07,0
Riau,26.5,182,145.62,0.623,0.8512,0.0904,26.65,64.33,20.36,0.1,0
DKI Jakarta,9.32,142,65.66,0.6011,0.7929,0.0455,62.44,94.05,6.84,0.03,0
Sumatera Selatan,17.6,160,110.01,0.4575,0.6672,0.055,24.82,63.53,11.55,0.06,1
Jawa Tengah,17.98,170,105.78,0.7727,0.7186,0.0782,35.56,72.68,13.03,0.07,0
DKI Jakarta,20.81,164,126.88,0.6944,0.712,0.0496,62.57,95.23,14.49,0.07,0
Riau,19.07,148,128.86,0.5718,0.5827,0.023,24.61,66.93,18.53,0.09,0
DKI Jakarta,16.82,146,115.21,0.4786,0.6478,0.037,65.34,94.96,12.88,0.06,0
DKI Jakarta,23.54,177,132.99,0.8117,0.8317,0.0391,63.87,92.73,20.92,0.1,0
Jawa Barat,60.07,192,312.86,0.457,0.6607,0.0248,42.48,79.3,42.66,0.21,0
Sulawesi Selatan,78.27,152,514.94,0.7793,0.7597,0.0402,27.63,69.1,56.76,0.28,0
Sulawesi Selatan,29.56,158,187.07,0.5003,0.7461,0.0089,29.01,68.34,22.25,0.11,0
Banten,20.03,162,123.62,0.6108,0.7853,0.001,41.01,81.35,15.36,0.08,1
Jawa Timur,14.3,151,94.71,0.5719,0.652,0.0382,39.12,75.69,11.21,0.06,0
Banten,15.29,150,101.95,0.5006,0.8834,0.035,45.44,79.65,10.81,0.05,0
Riau,19.85,154,128.92,0.6509,0.5974,0.0752,25.83,64.38,17.18,0.09,1
Sumatera Utara,39.19,150,261.28,0.4855,0.8404,0.03,29.71,70.64,28.59,0.14,1
Jawa Timur,14.43,161,89.63,0.5201,0.9107,0.0457,37.73,74.15,11.36,0.06,0
Jawa Tengah,31.04,179,173.42,0.532,0.5607,0.0312,31.69,72.09,23.72,0.12,1
Banten,18.67,166,112.46,0.5293,0.8506,0.003,44.37,79.37,11.33,0.06,0
Jawa Tengah,41.88,176,237.94,0.5864,0.7116,0.0387,33.76,70.5,27.67,0.14,0
Banten,17.82,148,120.43,0.5921,0.6236,0.0442,43.9,80.87,13.64,0.07,0
DKI Jakarta,16.53,164,100.81,0.5904,0.6676,0.0288,62.07,94.8,10.99,0.05,0
Jawa Barat,14.44,139,103.89,0.8184,0.848,0.0358,42.85,78.89,13.11,0.07,0
Sulawesi Selatan,55.27,152,363.62,0.5755,0.5514,0.0587,28.16,67.05,28.6,0.14,1
Jawa Timur,20.45,145,141.01,0.6682,0.7685,0.0344,39.62,76.08,15.15,0.08,0
Banten,36.16,142,254.63,0.6393,0.6891,0.0654,43.12,79.49,29.11,0.15,0
Jawa Barat,23.9,139,171.97,0.7263,0.7476,0.0442,42.11,79.18,14.44,0.07,0
Bali,30.07,153,196.56,0.4551,0.7266,0.0611,47.32,86.22,17.97,0.09,1
Jawa Tengah,20.31,169,120.18,0.8244,0.505,0.0716,34.22,69.17,18.5,0.09,0
Jawa Tengah,22.09,162,136.36,0.8783,0.773,0.0219,31.53,73.3,17.03,0.09,0
Banten,15.59,177,88.09,0.8027,0.7853,0.0615,44.53,82.65,11.04,0.06,0
Bali,14.24,158,90.11,0.6107,0.2891,0.0664,50.47,86.57,13.96,0.07,0
Sumatera Selatan,22.58,176,128.27,0.7111,0.804,0.0615,24.38,64.03,18.43,0.09,1
Jawa Barat,17.45,143,122.04,0.444,0.4761,0.0347,40.01,80.07,10.46,0.05,1
Jawa Barat,21.31,159,134.02,0.5147,0.7066,0.001,42.92,77.58,12.04,0.06,1
Jawa Tengah,33.58,157,213.9,0.6309,0.9301,0.089,33.74,72.39,26.37,0.13,0
Jawa Barat,58.4,151,386.76,0.6984,0.8215,0.0086,41.37,78.42,31.09,0.16,1
Sumatera Utara,14.95,165,90.59,0.7462,0.6169,0.0799,26.95,67.64,8.86,0.04,0
Jawa Tengah,29.43,169,174.15,0.8272,0.8053,0.0167,30.78,73.29,24.97,0.12,0
DKI Jakarta,17.23,159,108.39,0.7334,0.7525,0.0149,65.78,93.96,12.86,0.06,0
Sumatera Selatan,11.03,160,68.93,0.5902,0.7007,0.0416,23.44,60.87,8.38,0.04,1
Jawa Timur,82.29,160,514.29,0.7344,0.4681,0.0387,35.31,75.93,69.43,0.35,0
Jawa Tengah,22.46,162,138.65,0.7511,0.5511,0.0837,33.67,72.07,18.65,0.09,0
Jawa Barat,18.88,158,119.49,0.7718,0.7955,0.0269,39.97,79.43,14.97,0.07,0
Bali,31.4,138,227.54,0.4874,0.6977,0.0584,49.45,84.01,21.62,0.11,0
Riau,84.91,161,527.4,0.7578,0.6662,0.0502,28.13,63.33,58.49,0.29,0
Jawa Timur,28.66,171,167.6,0.7084,0.6825,0.0223,35.21,74.23,23.78,0.12,0
Bali,96.23,169,569.43,0.5303,0.5748,0.0512,48.25,83.4,59.67,0.3,0
Jawa Timur,22.12,155,142.68,0.6516,0.8004,0.0385,37.45,74.17,20.06,0.1,0
Jawa Tengah,38.09,156,244.16,0.7001,0.6203,0.0637,31.37,71.42,28.46,0.14,0
Jawa Timur,14.44,147,98.26,0.5411,0.8004,0.0358,35.43,76.27,10.39,0.05,0
DKI Jakarta,14.52,147,98.8,0.7786,0.8209,0.0698,62.22,92.54,12.02,0.06,0
Banten,25.95,154,168.51,0.5048,0.7339,0.0476,47.04,80.86,14.93,0.07,1
Sumatera Selatan,45.12,156,289.24,0.6856,0.714,0.016,23.02,61.58,37.17,0.19,0
Banten,18.86,166,113.62,0.796,0.5483,0.0046,43.68,79.34,16.97,0.08,0
Sumatera Utara,40.56,173,234.48,0.2618,0.564,0.0768,32.12,68.16,23.22,0.12,1
Jawa Timur,25.09,143,175.45,0.4727,0.7077,0.039,37.99,75.04,16.8,0.08,1
Bali,18.39,145,126.82,0.7652,0.7206,0.0389,46.16,85.25,13.73,0.07,0
Sulawesi Selatan,32.67,155,210.8,0.5862,0.7192,0.0452,27.55,67.67,27.62,0.14,1
Sumatera Utara,16.49,165,99.92,0.4686,0.543,0.0394,29.28,68.01,9.93,0.05,0
Riau,37.3,150,248.67,0.7558,0.7179,0.0425,28.27,62.55,32.65,0.16,0
Riau,17.2,132,130.29,0.5395,0.9111,0.0075,28.19,65.88,12.89,0.06,0
Bali,36.7,173,212.14,0.3034,0.3928,0.0589,49.54,86.75,27.85,0.14,0
Sulawesi Selatan,23.9,147,162.57,0.5634,0.7034,0.0436,28.98,67.21,12.29,0.06,0
Bali,25.27,165,153.14,0.6235,0.793,0.0541,46.75,85.29,20.68,0.1,1
DKI Jakarta,6.02,147,40.92,0.5753,0.7848,0.0291,61.36,93.21,4.71,0.02,1
Banten,15.93,143,111.41,0.3618,0.5725,0.04,42.15,80.98,8.24,0.04,1
Sumatera Utara,16.17,176,91.86,0.5376,0.7572,0.0115,29.95,68.82,11.02,0.06,0
Sumatera Selatan,33.2,171,194.15,0.6632,0.6954,0.0624,24.86,62.66,20.93,0.1,1
Sumatera Utara,20.53,157,130.76,0.4252,0.6515,0.0377,28.56,67.68,11.62,0.06,0
Banten,11.27,162,69.55,0.8733,0.7348,0.001,46.42,80.57,7.49,0.04,0
Sumatera Utara,33.44,171,195.57,0.5312,0.8198,0.033,29.21,68.25,21.2,0.11,0
Sumatera Utara,22.95,170,135.0,0.7396,0.7576,0.0478,30.11,66.72,21.64,0.11,0
Riau,21.48,151,142.26,0.5851,0.7954,0.0696,27.23,63.57,13.4,0.07,0
Sumatera Selatan,29.25,158,185.15,0.583,0.5703,0.0109,25.58,63.81,22.15,0.11,0
Banten,27.46,165,166.41,0.5859,0.8166,0.0663,42.54,78.88,21.71,0.11,1
Sumatera Utara,72.95,169,431.65,0.5543,0.7401,0.0544,29.86,68.24,48.9,0.24,0
Jawa Barat,42.28,180,234.86,0.7088,0.7087,0.0311,42.21,79.31,32.14,0.16,1
Sumatera Utara,25.04,165,151.74,0.5293,0.6669,0.058,27.79,66.76,17.77,0.09,1
Jawa Timur,32.37,187,173.12,0.5726,0.8185,0.0464,37.83,74.18,22.89,0.11,0
DKI Jakarta,20.68,157,131.73,0.7224,0.7453,0.029,64.33,96.15,15.46,0.08,0
Jawa Tengah,19.22,166,115.77,0.5435,0.7379,0.0622,33.05,71.61,15.25,0.08,0
Sulawesi Selatan,40.03,173,231.37,0.7147,0.7422,0.068,26.78,69.02,33.19,0.17,0
Sumatera Utara,56.97,165,345.29,0.6735,0.6547,0.0119,27.34,71.21,29.4,0.15,1
DKI Jakarta,22.01,163,135.04,0.6786,0.5301,0.0473,60.31,94.49,17.01,0.09,0
Bali,31.94,165,193.55,0.511,0.7054,0.0369,48.45,83.47,25.95,0.13,0
Jawa Barat,15.95,167,95.48,0.5867,0.9003,0.0495,42.39,78.75,12.79,0.06,0
Riau,31.45,154,204.22,0.5144,0.886,0.0335,28.7,65.17,22.18,0.11,0
DKI Jakarta,14.4,152,94.73,0.4439,0.7067,0.0703,61.19,94.28,10.62,0.05,0
Bali,24.69,152,162.44,0.6797,0.7049,0.0025,49.24,85.36,14.15,0.07,0
Riau,28.67,156,183.77,0.5752,0.7699,0.0436,26.13,66.4,20.25,0.1,1
Bali,44.6,152,293.43,0.6921,0.7465,0.0294,48.69,82.09,38.25,0.19,0
Jawa Timur,8.94,148,60.38,0.6127,0.6986,0.0353,34.51,76.83,7.83,0.04,0
Bali,48.09,140,343.51,0.5544,0.6479,0.0014,47.18,84.83,36.35,0.18,0
Bali,44.33,160,277.04,0.4821,0.6601,0.0655,51.42,83.81,27.18,0.14,0
Banten,32.86,171,192.17,0.4301,0.7081,0.012,45.61,80.68,18.08,0.09,0
Sumatera Utara,20.43,162,126.14,0.7238,0.5274,0.0491,28.82,66.94,15.03,0.08,0
Jawa Timur,38.39,150,255.9,0.624,0.3955,0.0289,37.49,74.2,28.86,0.14,0
Sumatera Selatan,63.23,157,402.72,0.3962,0.7407,0.0344,25.42,64.37,63.23,0.32,0
Riau,19.82,154,128.7,0.6299,0.7501,0.0517,25.43,65.48,13.66,0.07,0
Jawa Barat,56.36,178,316.64,0.4791,0.6479,0.0647,40.89,80.48,20.66,0.1,1
Banten,38.78,158,245.45,0.4928,0.6994,0.0134,43.18,78.98,31.19,0.16,1
Banten,47.24,167,282.86,0.471,0.6901,0.0317,44.35,80.15,33.85,0.17,1
Banten,36.3,165,220.01,0.6247,0.8338,0.0456,42.37,80.26,26.34,0.13,0
Riau,24.78,167,148.37,0.4841,0.5878,0.0391,25.1,65.89,15.35,0.08,1
Jawa Tengah,14.37,169,85.05,0.4231,0.8307,0.057,33.96,72.84,10.97,0.05,0
Jawa Barat,19.66,169,116.33,0.9453,0.8595,0.0701,40.97,79.15,15.6,0.08,0
Banten,33.88,162,209.11,0.5716,0.5595,0.0266,41.47,79.82,30.76,0.15,0
Jawa Timur,20.41,153,133.38,0.7442,0.7087,0.0233,36.23,73.07,13.38,0.07,1
Sulawesi Selatan,10.03,157,63.89,0.7514,0.629,0.051,28.72,68.84,8.91,0.04,0
Sumatera Selatan,19.57,177,110.57,0.638,0.5014,0.0162,24.47,60.25,14.15,0.07,0
Jawa Tengah,14.03,160,87.7,0.5097,0.9113,0.0495,30.67,70.62,11.96,0.06,0
Riau,26.11,156,167.39,0.5779,0.5623,0.0389,27.65,64.55,21.75,0.11,0
Riau,34.71,151,229.87,0.7731,0.6588,0.0367,25.73,66.48,28.81,0.14,0
Sulawesi Selatan,24.15,147,164.27,0.9686,0.7712,0.0542,28.41,67.53,23.01,0.12,0
Sumatera Selatan,13.0,173,75.12,0.6738,0.734,0.0303,25.87,65.35,10.14,0.05,0
Sumatera Utara,18.81,154,122.12,0.4482,0.6602,0.1057,28.21,66.54,14.31,0.07,0
Jawa Tengah,14.35,159,90.27,0.8741,0.9055,0.0341,30.34,70.78,10.71,0.05,0
Jawa Tengah,19.66,143,137.47,0.7791,0.6704,0.0251,35.83,69.4,15.85,0.08,0
Jawa Timur,31.89,146,218.41,0.4401,0.7715,0.0854,33.49,74.02,22.91,0.11,0
Bali,22.0,142,154.92,0.7189,0.8333,0.0395,48.2,83.74,17.68,0.09,0
Bali,25.66,171,150.04,0.8005,0.7733,0.0187,50.64,86.26,15.15,0.08,0
Sulawesi Selatan,52.89,155,341.25,0.7195,0.8038,0.0367,26.85,69.05,44.39,0.22,0
Sulawesi Selatan,14.52,150,96.77,0.8516,0.6289,0.0765,26.94,68.09,11.68,0.06,0
Banten,40.86,154,265.3,0.6926,0.6492,0.0451,43.77,79.43,26.39,0.13,0
Riau,24.78,194,127.72,0.5169,0.5562,0.0216,25.83,66.32,17.98,0.09,1
DKI Jakarta,94.84,164,578.32,0.6751,0.9023,0.0591,61.11,95.73,85.59,0.43,0
Jawa Barat,26.73,157,170.26,0.6905,0.7089,0.0526,40.55,77.82,14.83,0.07,0
Jawa Tengah,10.73,161,66.67,0.8184,0.73,0.0521,34.81,71.44,8.21,0.04,0
Jawa Barat,20.39,166,122.85,0.5243,0.6545,0.0072,40.7,78.08,12.49,0.06,1
Sumatera Selatan,14.38,175,82.2,0.6783,0.7336,0.0189,25.05,61.02,11.44,0.06,0
Bali,78.76,169,466.02,0.4345,0.54,0.009,47.33,85.95,30.47,0.15,1
DKI Jakarta,17.62,168,104.89,0.797,0.8104,0.0332,64.48,93.5,14.6,0.07,0
Riau,43.79,154,284.34,0.5535,0.7552,0.0692,27.51,65.05,32.21,0.16,0
Jawa Tengah,37.24,154,241.81,0.8043,0.7881,0.0027,33.07,73.85,28.59,0.14,0
Banten,13.39,156,85.82,0.5657,0.6971,0.0161,45.06,79.15,8.04,0.04,0
Jawa Timur,13.04,176,74.07,0.4957,0.7979,0.0056,39.08,76.92,8.99,0.04,0
Jawa Barat,33.47,136,246.08,0.5102,0.6006,0.0556,40.0,76.5,28.42,0.14,0
Sumatera Selatan,20.05,161,124.51,0.5675,0.746,0.0774,22.72,63.77,18.37,0.09,1
Jawa Timur,25.74,174,147.93,0.8574,0.811,0.0451,37.36,74.87,19.37,0.1,0
Banten,24.25,152,159.55,0.4686,0.7083,0.0494,42.16,77.9,13.62,0.07,0
Sumatera Utara,6.69,145,46.12,0.4696,0.939,0.0392,26.07,66.84,5.22,0.03,0
Sumatera Utara,21.94,155,141.55,0.422,0.6574,0.0363,26.0,68.37,14.35,0.07,1
Jawa Barat,42.72,160,266.99,0.7603,0.769,0.0539,41.72,77.45,27.61,0.14,0
Riau,10.57,157,67.31,0.6612,0.8116,0.0217,23.05,65.86,7.93,0.04,0
Jawa Barat,32.85,147,223.45,0.6075,0.7913,0.0527,40.89,77.71,24.69,0.12,0
Sumatera Selatan,24.49,186,131.68,0.5407,0.6997,0.0336,19.15,61.16,11.78,0.06,1
Riau,14.52,168,86.42,0.4225,0.4938,0.0391,26.76,66.56,6.16,0.03,1
Jawa Timur,21.65,124,174.59,0.3382,0.8388,0.0287,37.56,75.75,16.23,0.08,0
Jawa Timur,24.26,167,145.26,0.3247,0.8207,0.001,36.48,73.24,15.73,0.08,0
Jawa Barat,48.95,163,300.28,0.7036,0.738,0.0548,43.27,79.38,37.42,0.19,0
Banten,16.23,145,111.92,0.561,0.6924,0.0375,45.29,79.95,10.05,0.05,1
Jawa Barat,46.43,161,288.39,0.5647,0.7004,0.0386,40.31,78.08,30.64,0.15,0
Sumatera Utara,24.17,168,143.85,0.5534,0.5834,0.0778,27.08,67.73,20.38,0.1,0
Jawa Barat,26.28,144,182.52,0.6971,0.83,0.0427,42.83,80.21,19.37,0.1,0
Bali,19.12,155,123.38,0.6461,0.659,0.0249,49.73,84.88,17.52,0.09,0
Jawa Barat,15.11,162,93.26,0.7338,0.7981,0.0089,41.1,80.27,12.33,0.06,0
Sumatera Selatan,36.35,152,239.14,0.4827,0.6162,0.0334,21.66,63.67,26.18,0.13,0
Banten,19.76,138,143.19,0.3311,0.5416,0.048,45.49,80.08,11.2,0.06,1
Jawa Timur,17.71,142,124.72,0.7348,0.8018,0.0108,36.9,74.49,13.29,0.07,0
Jawa Barat,38.83,158,245.76,0.697,0.6084,0.0614,41.41,78.79,31.6,0.16,0
Riau,56.94,176,323.53,0.5152,0.674,0.0318,21.84,66.63,25.65,0.13,0
Sumatera Selatan,18.81,166,113.33,0.893,0.6436,0.0364,25.1,63.2,13.19,0.07,0
Riau,49.43,141,350.55,0.664,0.8239,0.0393,26.01,67.72,41.04,0.21,0
DKI Jakarta,15.86,157,101.02,0.6047,0.592,0.0112,61.59,95.42,8.47,0.04,1
Bali,24.62,151,163.02,0.5504,0.8618,0.0291,47.45,83.06,22.45,0.11,0
Sulawesi Selatan,38.2,167,228.77,0.5142,0.6942,0.0478,28.07,67.22,21.54,0.11,0
Sumatera Selatan,6.67,165,40.41,0.7516,0.8395,0.038,25.0,63.91,5.53,0.03,0
DKI Jakarta,15.84,171,92.61,0.6173,0.4956,0.0296,61.83,92.37,10.35,0.05,0
Sumatera Utara,18.79,158,118.91,0.717,0.7527,0.0329,29.24,68.06,11.79,0.06,0
Jawa Timur,23.79,142,167.56,0.5575,0.9127,0.0506,35.07,74.28,16.26,0.08,0
Riau,24.47,167,146.5,0.4971,0.6849,0.0677,25.12,65.45,17.07,0.09,0
Sumatera Selatan,7.62,145,52.59,0.5656,0.8024,0.036,25.33,61.99,6.39,0.03,0
Bali,18.74,155,120.88,0.5418,0.8615,0.0219,48.09,85.76,12.67,0.06,0
Bali,9.99,138,72.36,0.5219,0.5722,0.0888,51.28,83.89,6.26,0.03,1
Sulawesi Selatan,18.57,171,108.58,0.5627,0.4414,0.06,28.32,68.6,14.77,0.07,0
DKI Jakarta,20.84,169,123.34,0.6384,0.6368,0.0372,60.65,92.41,12.93,0.06,0
Jawa Barat,26.79,165,162.38,0.5578,0.7209,0.0276,39.15,78.23,18.41,0.09,0
Bali,20.75,177,117.25,0.7436,0.8089,0.074,49.88,82.96,13.57,0.07,0
Sumatera Selatan,24.13,163,148.02,0.5661,0.7106,0.0227,23.39,64.53,16.96,0.08,1
Sumatera Selatan,18.96,169,112.18,0.7382,0.7187,0.04,25.68,62.17,14.02,0.07,0
Jawa Tengah,26.19,152,172.31,0.7027,0.7518,0.0536,32.39,72.0,18.86,0.09,0
Banten,11.86,148,80.14,0.4984,0.8111,0.0437,44.46,80.22,7.67,0.04,0
Riau,24.07,171,140.77,0.5082,0.7316,0.0207,25.6,64.5,18.91,0.09,0
Riau,13.63,159,85.73,0.5661,0.7682,0.0318,26.48,63.96,9.75,0.05,0
Bali,18.08,151,119.73,0.5899,0.5939,0.0396,49.79,84.72,13.83,0.07,1
Jawa Timur,22.61,140,161.5,0.65,0.6534,0.0164,36.83,73.08,22.24,0.11,0
Bali,15.24,160,95.28,0.6527,0.6781,0.0363,49.69,86.11,13.56,0.07,0
Jawa Timur,21.29,156,136.48,0.8258,0.7352,0.0692,34.25,75.24,16.76,0.08,0
Sumatera Selatan,21.76,178,122.24,0.5474,0.865,0.0759,24.92,61.33,13.35,0.07,1
DKI Jakarta,75.34,172,438.01,0.8032,0.6998,0.0354,62.43,93.88,56.9,0.28,0
Jawa Tengah,25.68,148,173.52,0.6713,0.5476,0.0385,32.81,72.79,20.73,0.1,0
DKI Jakarta,31.45,168,187.18,0.4103,0.6893,0.0357,58.81,93.22,19.17,0.1,1
Jawa Tengah,17.87,186,96.05,0.5944,0.7575,0.001,30.7,69.77,12.88,0.06,0
Sumatera Utara,8.37,162,51.66,0.3817,0.7058,0.0488,28.74,68.05,5.76,0.03,1
Bali,15.05,139,108.29,0.8685,0.7929,0.0449,49.23,85.41,11.35,0.06,0
DKI Jakarta,10.25,146,70.2,0.3617,0.8157,0.0603,63.01,94.48,7.24,0.04,1
Sumatera Utara,23.77,147,161.72,0.7542,0.8105,0.0609,28.39,68.68,18.5,0.09,0
Jawa Barat,27.23,164,166.04,0.4089,0.7131,0.052,39.7,79.75,12.68,0.06,1
Jawa Barat,25.18,157,160.36,0.654,0.7621,0.0523,39.96,80.5,15.39,0.08,0
DKI Jakarta,22.02,158,139.35,0.4283,0.7665,0.0189,59.24,90.97,14.13,0.07,1
Sumatera Utara,15.22,160,95.13,0.6022,0.6442,0.0432,28.59,66.61,11.14,0.06,0
Riau,15.82,155,102.05,0.6848,0.7588,0.0115,28.96,65.6,9.47,0.05,1
Jawa Tengah,25.11,141,178.11,0.5755,0.8742,0.032,33.06,72.43,9.62,0.05,0
Riau,67.52,161,419.36,0.5621,0.599,0.0723,24.96,63.54,55.1,0.28,1
Banten,22.21,136,163.29,0.5605,0.5904,0.0502,44.14,78.86,14.34,0.07,0
Sumatera Selatan,26.43,152,173.88,0.905,0.6713,0.0455,24.1,65.17,20.37,0.1,0
Sumatera Utara,62.63,157,398.89,0.5574,0.5783,0.039,25.8,67.78,39.4,0.2,1
Sulawesi Selatan,23.8,166,143.37,0.7431,0.7961,0.0393,28.28,68.05,15.41,0.08,0
Riau,14.71,158,93.11,0.5744,0.9142,0.043,25.94,67.55,9.01,0.05,1
Sulawesi Selatan,27.13,155,175.04,0.7142,0.7978,0.0414,27.64,67.91,19.08,0.1,0
Sulawesi Selatan,53.3,153,348.39,0.4176,0.7852,0.0529,30.88,68.74,46.58,0.23,0
Jawa Tengah,32.5,141,230.47,0.5539,0.8407,0.0804,33.05,72.79,24.38,0.12,1
Jawa Timur,27.47,170,161.58,0.7303,0.823,0.0686,39.53,75.0,11.16,0.06,0
Jawa Timur,10.11,160,63.19,0.6308,0.7201,0.031,35.56,74.93,7.59,0.04,0
Riau,11.97,164,72.98,0.4128,0.7153,0.0275,23.83,66.82,6.79,0.03,1
Sumatera Utara,25.31,146,173.33,0.6143,0.8529,0.0293,27.19,68.19,16.54,0.08,0
Banten,19.36,157,123.31,0.8076,0.5564,0.0272,45.86,78.59,14.08,0.07,0
DKI Jakarta,20.95,150,139.68,0.7982,0.696,0.005,61.26,95.5,16.04,0.08,1
Banten,39.84,164,242.95,0.4871,0.8929,0.0421,41.96,76.37,21.3,0.11,0
Jawa Barat,12.56,153,82.12,0.6199,0.7876,0.0317,42.01,80.49,9.04,0.05,0
Sulawesi Selatan,17.69,163,108.5,0.6853,0.6367,0.0394,27.32,67.58,13.92,0.07,1
Bali,49.72,181,274.7,0.5931,0.6036,0.0299,49.56,84.51,38.98,0.19,0
Jawa Barat,12.59,153,82.28,0.4487,0.5438,0.0411,40.49,78.7,9.11,0.05,0
Banten,42.22,157,268.89,0.569,0.5102,0.0267,42.72,81.4,32.91,0.16,1
Riau,25.75,147,175.15,0.6071,0.8739,0.0272,28.59,65.61,18.01,0.09,0
Banten,21.89,159,137.66,0.6048,0.6949,0.0799,42.85,79.77,11.11,0.06,0
Jawa Barat,23.65,150,157.69,0.6448,0.744,0.0154,40.25,77.46,15.18,0.08,0
Sumatera Selatan,31.08,176,176.59,0.518,0.7824,0.1023,24.99,62.24,16.62,0.08,1
Sulawesi Selatan,31.4,153,205.22,0.8352,0.7691,0.0128,23.72,68.57,23.22,0.12,0
Bali,8.82,145,60.8,0.5348,0.838,0.0233,49.8,84.77,4.95,0.02,1
Jawa Timur,42.44,149,284.8,0.6523,0.6529,0.0147,39.48,77.42,32.97,0.16,0
Bali,26.85,162,165.75,0.5948,0.4085,0.0322,50.0,83.52,26.85,0.13,1
